{
  "units_assumed": "m",
  "meters_per_unit": 1.0,
  "num_frames": 20,
  "total_valid_pixels": 79217,
  "thresholds_meters": {
    "1cm": 0.01,
    "2cm": 0.02,
    "5cm": 0.05,
    "10cm": 0.1
  },
  "counts": {
    "1cm": 45021,
    "2cm": 74563,
    "5cm": 78790,
    "10cm": 79209
  },
  "proportions": {
    "1cm": 0.5683249807490817,
    "2cm": 0.9412499842205587,
    "5cm": 0.9946097428582249,
    "10cm": 0.9998990115757981
  }
}