{
  "camera_index": 1,
  "image_size": [
    1280,
    720
  ],
  "board_rows": 4,
  "board_cols": 6,
  "marker_size_mm": 30.0,
  "marker_gap_mm": 5.0,
  "dictionary": "DICT_4X4_50",
  "first_marker_id": 1,
  "image_count": 10,
  "rms": 163.39257851671763,
  "camera_matrix": [
    [
      21208.33091680525,
      0.0,
      685.4319318714996
    ],
    [
      0.0,
      18760.554187532805,
      663.965141159067
    ],
    [
      0.0,
      0.0,
      1.0
    ]
  ],
  "dist_coeffs": [
    [
      -573.1630699377868,
      250716.74731797643,
      -3.763012459358848,
      0.5287436272761017,
      6067.56553055234
    ]
  ],
  "per_image_marker_count": [
    17,
    20,
    19,
    18,
    15,
    18,
    19,
    24,
    19,
    24
  ],
  "total_detected_markers": 193
}