ISO-10303-21;
HEADER;
FILE_DESCRIPTION (( 'STEP AP203' ),
    '1' );
FILE_NAME ('บฃรเ.STEP',
    '2026-05-29T09:12:35',
    ( '' ),
    ( '' ),
    'SwSTEP 2.0',
    'SolidWorks 2025',
    '' );
FILE_SCHEMA (( 'CONFIG_CONTROL_DESIGN' ));
ENDSEC;

DATA;
#1 = CARTESIAN_POINT ( 'NONE',  ( 17.32783580641665466, -17.50000000000000000, -44.49619656964745928 ) ) ;
#2 = CARTESIAN_POINT ( 'NONE',  ( -11.77126528377951864, 15.50000000000000178, -26.55473658508973500 ) ) ;
#3 = CARTESIAN_POINT ( 'NONE',  ( 15.03713519731545922, 17.50000000000000711, -53.57553521725964885 ) ) ;
#4 = EDGE_LOOP ( 'NONE', ( #6429, #7161, #1513, #311 ) ) ;
#5 = CYLINDRICAL_SURFACE ( 'NONE', #6031, 2.000000000000003109 ) ;
#6 = VERTEX_POINT ( 'NONE', #1222 ) ;
#7 = LINE ( 'NONE', #5717, #1743 ) ;
#8 = CYLINDRICAL_SURFACE ( 'NONE', #2647, 2.999999999999995559 ) ;
#9 = DIRECTION ( 'NONE',  ( 0.000000000000000000, 0.000000000000000000, -1.000000000000000000 ) ) ;
#10 = ORIENTED_EDGE ( 'NONE', *, *, #7834, .F. ) ;
#11 = VECTOR ( 'NONE', #5655, 1000.000000000000000 ) ;
#12 = PERSON_AND_ORGANIZATION ( #5299, #8168 ) ;
#13 = ADVANCED_FACE ( 'NONE', ( #3467 ), #2594, .F. ) ;
#14 = CARTESIAN_POINT ( 'NONE',  ( 12.41280742117015023, 17.50000000000000000, -54.53982370053297757 ) ) ;
#15 = DIRECTION ( 'NONE',  ( -1.000000000000000000, -0.000000000000000000, -0.000000000000000000 ) ) ;
#16 = CARTESIAN_POINT ( 'NONE',  ( -8.816170427954325817, 17.50000000000000000, -62.39528072714666962 ) ) ;
#17 = ORIENTED_EDGE ( 'NONE', *, *, #6775, .T. ) ;
#18 = DIRECTION ( 'NONE',  ( 9.060998465960400032E-07, 0.000000000000000000, 0.9999999999995894395 ) ) ;
#19 = EDGE_CURVE ( 'NONE', #8179, #7743, #7577, .T. ) ;
#20 = DIRECTION ( 'NONE',  ( 0.000000000000000000, 0.000000000000000000, -1.000000000000000000 ) ) ;
#21 = APPLICATION_CONTEXT ( 'configuration controlled 3d designs of mechanical parts and assemblies' ) ;
#22 = B_SPLINE_CURVE_WITH_KNOTS ( 'NONE', 3,
 ( #594, #6160, #7494, #6116, #4022, #6808, #2557, #4757, #7539, #1280, #3388, #4156, #6947, #2058, #4850, #7632, #1382, #4704 ),
 .UNSPECIFIED., .F., .F.,
 ( 4, 2, 2, 2, 2, 2, 2, 2, 4 ),
 ( 0.000000000000000000, 0.001426319908746059850, 0.002139479863119089775, 0.002852639817492119700, 0.003565799771865149626, 0.004278959726238179551, 0.004992119680611209476, 0.005348699657797721836, 0.005705279634984234197 ),
 .UNSPECIFIED. ) ;
#23 = VECTOR ( 'NONE', #8620, 1000.000000000000000 ) ;
#24 = EDGE_CURVE ( 'NONE', #444, #4654, #5480, .T. ) ;
#25 = CARTESIAN_POINT ( 'NONE',  ( -10.71514468416695109, 10.49999999999996803, -28.26888325775225397 ) ) ;
#26 = CARTESIAN_POINT ( 'NONE',  ( 13.84151601504960105, 15.50000000000000355, -28.33470596345201287 ) ) ;
#27 = CARTESIAN_POINT ( 'NONE',  ( -19.34287769496881282, -22.47595685416172984, -69.84888084183484125 ) ) ;
#28 = DIRECTION ( 'NONE',  ( -9.060998510210827389E-07, 0.000000000000000000, 0.9999999999995894395 ) ) ;
#29 = CARTESIAN_POINT ( 'NONE',  ( 20.00000000000000355, -12.57783009837184629, 26.19591348394637009 ) ) ;
#30 = CARTESIAN_POINT ( 'NONE',  ( 11.34613161672739601, 15.49999999999997158, -54.44886025286792375 ) ) ;
#31 = CARTESIAN_POINT ( 'NONE',  ( -20.39376608321451556, -23.93502924726657355, -123.3607706412126817 ) ) ;
#32 = LINE ( 'NONE', #7614, #750 ) ;
#33 = ORIENTED_EDGE ( 'NONE', *, *, #3532, .T. ) ;
#34 = EDGE_CURVE ( 'NONE', #1109, #3758, #5873, .T. ) ;
#35 = CARTESIAN_POINT ( 'NONE',  ( -8.218041943242939240, 17.49999999999999645, -60.25722772068694155 ) ) ;
#36 = CARTESIAN_POINT ( 'NONE',  ( 26.03049636494669627, -35.93120408177694713, -191.6183055718837522 ) ) ;
#37 = DATE_TIME_ROLE ( 'classification_date' ) ;
#38 = PERSON_AND_ORGANIZATION ( #1910, #8630 ) ;
#39 = CARTESIAN_POINT ( 'NONE',  ( -5.000000000000000000, -15.00000000000000000, -51.00000000000000711 ) ) ;
#40 = CARTESIAN_POINT ( 'NONE',  ( 14.60943207882200134, 17.50000000000000355, -27.66044270045998843 ) ) ;
#41 = CARTESIAN_POINT ( 'NONE',  ( 20.00000000000000355, -6.001819538171613289, -75.75082822763783952 ) ) ;
#42 = VERTEX_POINT ( 'NONE', #6302 ) ;
#43 = ORIENTED_EDGE ( 'NONE', *, *, #6096, .F. ) ;
#44 = CARTESIAN_POINT ( 'NONE',  ( -10.04959639122359327, 15.50000000000000355, -56.36651830574331257 ) ) ;
#45 = DIRECTION ( 'NONE',  ( 0.000000000000000000, -1.000000000000000000, 0.000000000000000000 ) ) ;
#46 = CARTESIAN_POINT ( 'NONE',  ( -32.05795411984949794, -82.89284203728212219, -190.4936526206799670 ) ) ;
#47 = CARTESIAN_POINT ( 'NONE',  ( 7.688967573893568108, 15.50000000000000000, -59.62433480927982998 ) ) ;
#48 = CARTESIAN_POINT ( 'NONE',  ( 13.35718629820096659, 15.85306286122425234, -27.33422716115953577 ) ) ;
#49 = EDGE_CURVE ( 'NONE', #8829, #5798, #2710, .T. ) ;
#50 = CARTESIAN_POINT ( 'NONE',  ( 15.32781697403237331, 17.50000000000000355, -29.92543391743862813 ) ) ;
#51 = PERSON_AND_ORGANIZATION_ROLE ( 'classification_officer' ) ;
#52 = ADVANCED_FACE ( 'NONE', ( #8605 ), #3062, .T. ) ;
#53 = CARTESIAN_POINT ( 'NONE',  ( 14.41744848916058785, 17.50000000000000000, -54.97572374398674100 ) ) ;
#54 = CARTESIAN_POINT ( 'NONE',  ( 11.00890574082716356, -0.2376377027451812285, -59.88519686715255119 ) ) ;
#55 = CIRCLE ( 'NONE', #2979, 1.549999999999995826 ) ;
#56 = CARTESIAN_POINT ( 'NONE',  ( -6.000000000000001776, 64.03012059312736426, 19.19740610003052694 ) ) ;
#57 = CARTESIAN_POINT ( 'NONE',  ( 39.00000000000000711, 35.48909731945747126, 27.00970143207959850 ) ) ;
#58 = CARTESIAN_POINT ( 'NONE',  ( 15.00080190628689714, -6.001819538171618618, -75.75082822763786794 ) ) ;
#59 = ORIENTED_EDGE ( 'NONE', *, *, #5464, .F. ) ;
#60 = PERSON_AND_ORGANIZATION ( #5299, #8168 ) ;
#61 = LINE ( 'NONE', #4266, #7786 ) ;
#62 = CARTESIAN_POINT ( 'NONE',  ( 20.57879972224811382, -45.69689157755107090, -125.4687916138000929 ) ) ;
#63 = CIRCLE ( 'NONE', #1680, 1.299999999999995604 ) ;
#64 = CARTESIAN_POINT ( 'NONE',  ( -8.785395065308719609, 17.50000000000000000, -62.42073779245676235 ) ) ;
#65 = ORIENTED_EDGE ( 'NONE', *, *, #317, .F. ) ;
#66 = DIRECTION ( 'NONE',  ( 0.000000000000000000, 0.000000000000000000, 1.000000000000000000 ) ) ;
#67 = CARTESIAN_POINT ( 'NONE',  ( 4.383921543554179401, 10.49999999999996803, -59.55283795256567458 ) ) ;
#68 = CARTESIAN_POINT ( 'NONE',  ( -10.69690049108436369, 10.49999999999997158, -28.26138580741531214 ) ) ;
#69 = CARTESIAN_POINT ( 'NONE',  ( 11.24972067637376760, 15.50000000000000533, -26.25266578968481923 ) ) ;
#70 = CARTESIAN_POINT ( 'NONE',  ( 15.00000000000000355, -170.2684435961459712, -6.522560269672794675E-13 ) ) ;
#71 = CARTESIAN_POINT ( 'NONE',  ( -3.228924297534677468, 10.49999999999997158, -59.89074219624772155 ) ) ;
#72 = FACE_OUTER_BOUND ( 'NONE', #1534, .T. ) ;
#73 = CARTESIAN_POINT ( 'NONE',  ( 13.55499392134750991, 15.49999999999997691, -48.74385917848734096 ) ) ;
#74 = CARTESIAN_POINT ( 'NONE',  ( 10.62552925584807184, 11.00939736465667096, -51.72440190363817436 ) ) ;
#75 = ORIENTED_EDGE ( 'NONE', *, *, #49, .T. ) ;
#76 = CARTESIAN_POINT ( 'NONE',  ( -7.827735884981137815, 17.49999999999999645, -60.61164512215177069 ) ) ;
#77 = CARTESIAN_POINT ( 'NONE',  ( 24.87809507461053826, -34.94251473573404354, -166.4858757850002462 ) ) ;
#78 = CALENDAR_DATE ( 2026, 29, 5 ) ;
#79 = CARTESIAN_POINT ( 'NONE',  ( 11.62405168609022077, 17.50000000000000000, -56.08356219776070617 ) ) ;
#80 = CARTESIAN_POINT ( 'NONE',  ( -15.00080190628689358, -6.001819538171618618, -75.75082822763783952 ) ) ;
#81 = CARTESIAN_POINT ( 'NONE',  ( 14.27384430479701471, 15.49999999999997335, -29.62215435754798420 ) ) ;
#82 = CARTESIAN_POINT ( 'NONE',  ( 21.53145765587026617, -32.57369020794583037, -178.2315155235822886 ) ) ;
#83 = CARTESIAN_POINT ( 'NONE',  ( -9.650548977997363664, 15.50000000000000355, -56.99687327839998119 ) ) ;
#84 = CARTESIAN_POINT ( 'NONE',  ( 13.51791730869311436, 16.03281283734682816, -27.37393077023325461 ) ) ;
#85 = DIRECTION ( 'NONE',  ( 1.000000000000000000, 0.000000000000000000, -0.000000000000000000 ) ) ;
#86 = CARTESIAN_POINT ( 'NONE',  ( 11.41719919481493051, 10.84911947551864309, -28.34780130678809940 ) ) ;
#87 = EDGE_CURVE ( 'NONE', #259, #8152, #8127, .T. ) ;
#88 = CARTESIAN_POINT ( 'NONE',  ( 3.129561398955070572, 15.49999999999999822, -61.97742944409263544 ) ) ;
#89 = CIRCLE ( 'NONE', #6955, 1.999999999999994893 ) ;
#90 = EDGE_CURVE ( 'NONE', #8907, #6034, #1986, .T. ) ;
#91 = DIRECTION ( 'NONE',  ( -1.000000000000000000, -0.000000000000000000, -0.000000000000000000 ) ) ;
#92 = CC_DESIGN_PERSON_AND_ORGANIZATION_ASSIGNMENT ( #1412, #4190, ( #5835 ) ) ;
#93 = CARTESIAN_POINT ( 'NONE',  ( 3.807018269659975473, 17.50000000000000355, -64.99999893119705519 ) ) ;
#94 = CARTESIAN_POINT ( 'NONE',  ( -19.99999999999999645, -170.2684435961459712, -6.522560269672794675E-13 ) ) ;
#95 = CARTESIAN_POINT ( 'NONE',  ( -12.20896633581513591, 17.50000000000000355, -54.42533257755007270 ) ) ;
#96 = VERTEX_POINT ( 'NONE', #162 ) ;
#97 = CARTESIAN_POINT ( 'NONE',  ( 0.000000000000000000, -7.011872312450456945, 25.70895527601439667 ) ) ;
#98 = CARTESIAN_POINT ( 'NONE',  ( 20.00000000000000355, -19.66536980400483614, -54.81503604933586615 ) ) ;
#99 = CARTESIAN_POINT ( 'NONE',  ( -14.54095568944263839, 17.50000000000000000, -47.87144872620422831 ) ) ;
#100 = ORIENTED_EDGE ( 'NONE', *, *, #5153, .F. ) ;
#101 = EDGE_CURVE ( 'NONE', #5674, #3302, #4242, .T. ) ;
#102 = PERSON_AND_ORGANIZATION ( #5299, #8168 ) ;
#103 = DIRECTION ( 'NONE',  ( -0.000000000000000000, -0.000000000000000000, 1.000000000000000000 ) ) ;
#104 = CARTESIAN_POINT ( 'NONE',  ( 15.29004317272325153, -41.33781206331683933, -103.6679562194040471 ) ) ;
#105 = CARTESIAN_POINT ( 'NONE',  ( -13.19898058101211902, 17.50000000000000355, -56.89880372842838341 ) ) ;
#106 = VERTEX_POINT ( 'NONE', #5557 ) ;
#107 = EDGE_LOOP ( 'NONE', ( #5377, #8391, #8749, #7260 ) ) ;
#108 = CARTESIAN_POINT ( 'NONE',  ( 34.99999999999999289, -5.000000000000000000, 24.00000000000000000 ) ) ;
#109 = B_SPLINE_CURVE_WITH_KNOTS ( 'NONE', 3,
 ( #6178, #9022, #5499, #8345, #2070, #5814, #8479, #6413, #8660, #1671, #3765, #926, #5051, #2945, #2996, #6360, #1531, #3579, #4410, #7100, #104, #5136, #971, #2397 ),
 .UNSPECIFIED., .F., .F.,
 ( 4, 2, 2, 2, 2, 2, 2, 2, 2, 2, 2, 4 ),
 ( -6.000000008686033817E-08, 0.008247675376347700718, 0.01649541075269548782, 0.03299088150539105507, 0.04123861688173888207, 0.04948635225808670907, 0.06598182301078234224, 0.07422955838713014842, 0.07835342607530405845, 0.08247729376347794072, 0.09897276451617342818, 0.1319637060215644309 ),
 .UNSPECIFIED. ) ;
#110 = AXIS2_PLACEMENT_3D ( 'NONE', #1478, #4944, #7037 ) ;
#111 = CARTESIAN_POINT ( 'NONE',  ( -13.78507186555309438, 15.49999999999997158, -46.54243511445615411 ) ) ;
#112 = CARTESIAN_POINT ( 'NONE',  ( 11.25335185360902379, 15.50000000000000000, -26.25367316091991654 ) ) ;
#114 = ADVANCED_FACE ( 'NONE', ( #72 ), #7062, .T. ) ;
#113 = DIRECTION ( 'NONE',  ( 0.000000000000000000, -0.08715574274765872098, -0.9961946980917455452 ) ) ;
#115 = LINE ( 'NONE', #3689, #1449 ) ;
#116 = CARTESIAN_POINT ( 'NONE',  ( -3.150771720076800175, 10.49999999999996980, -59.90970757903163246 ) ) ;
#117 = CARTESIAN_POINT ( 'NONE',  ( 34.99999999999999289, -87.37327935545148705, -199.9077270581289270 ) ) ;
#118 = LINE ( 'NONE', #5690, #5701 ) ;
#119 = CARTESIAN_POINT ( 'NONE',  ( 13.74234140555847006, 15.49999999999997158, -48.00994419411974690 ) ) ;
#120 = CARTESIAN_POINT ( 'NONE',  ( -20.65676697838423337, -15.00327994369820139, -110.4349061084821386 ) ) ;
#121 = CARTESIAN_POINT ( 'NONE',  ( 11.99191590730399426, 10.96655834972461285, -47.59629704758428659 ) ) ;
#122 = VERTEX_POINT ( 'NONE', #714 ) ;
#123 = CARTESIAN_POINT ( 'NONE',  ( -5.756407663744115943, 17.50000000000000000, -62.08546359335687015 ) ) ;
#124 = CARTESIAN_POINT ( 'NONE',  ( 20.42180390381904687, -24.66974054544330386, -126.1244288528940984 ) ) ;
#125 = CALENDAR_DATE ( 2026, 29, 5 ) ;
#126 = CARTESIAN_POINT ( 'NONE',  ( -31.63364246810174052, -39.40831105840036486, -205.3057221914230865 ) ) ;
#127 = CARTESIAN_POINT ( 'NONE',  ( 12.67161731550187653, 17.50000000000000355, -25.69336633128947511 ) ) ;
#128 = VECTOR ( 'NONE', #5998, 1000.000000000000000 ) ;
#129 = CARTESIAN_POINT ( 'NONE',  ( 7.806255641895631925E-15, -6.001819538171620394, -75.75082822763771162 ) ) ;
#130 = ORIENTED_EDGE ( 'NONE', *, *, #6195, .F. ) ;
#131 = DIRECTION ( 'NONE',  ( 1.000000000000000000, -0.000000000000000000, 0.000000000000000000 ) ) ;
#132 = CARTESIAN_POINT ( 'NONE',  ( 14.55498040403645277, 17.17576450957561462, -27.86652879038176778 ) ) ;
#133 = CARTESIAN_POINT ( 'NONE',  ( 34.71470984242653657, -80.87784897667823714, -186.2606658524055376 ) ) ;
#134 = EDGE_LOOP ( 'NONE', ( #4264, #6442, #6127, #333 ) ) ;
#135 = DIRECTION ( 'NONE',  ( 0.000000000000000000, 0.000000000000000000, 1.000000000000000000 ) ) ;
#136 = LOCAL_TIME ( 17, 12, 35.00000000000000000, #6408 ) ;
#137 = DIRECTION ( 'NONE',  ( -0.000000000000000000, 1.000000000000000000, -0.000000000000000000 ) ) ;
#138 = DIRECTION ( 'NONE',  ( -0.000000000000000000, 1.000000000000000000, -0.000000000000000000 ) ) ;
#139 = ADVANCED_FACE ( 'NONE', ( #7702 ), #6424, .F. ) ;
#140 = CARTESIAN_POINT ( 'NONE',  ( -13.97838148472671271, 15.49999999999997158, -29.42829763402921017 ) ) ;
#141 = DIRECTION ( 'NONE',  ( -9.060998465656665664E-07, 0.000000000000000000, 0.9999999999995894395 ) ) ;
#142 = LOCAL_TIME ( 17, 12, 35.00000000000000000, #6456 ) ;
#143 = ORIENTED_EDGE ( 'NONE', *, *, #3818, .T. ) ;
#144 = DIRECTION ( 'NONE',  ( 0.000000000000000000, -0.9396926207859082059, 0.3420201433256691570 ) ) ;
#145 = DIRECTION ( 'NONE',  ( 0.000000000000000000, -0.1555587667954174413, 0.9878266396858758069 ) ) ;
#146 = CARTESIAN_POINT ( 'NONE',  ( 5.000000000000000000, -15.00000000000000000, -57.00000000000000000 ) ) ;
#147 = VERTEX_POINT ( 'NONE', #2960 ) ;
#148 = PERSON_AND_ORGANIZATION_ROLE ( 'creator' ) ;
#149 = CARTESIAN_POINT ( 'NONE',  ( 14.10515470753393963, 17.50000000000000355, -50.38977121035888729 ) ) ;
#150 = DIRECTION ( 'NONE',  ( 1.000000000000000000, -0.000000000000000000, 0.000000000000000000 ) ) ;
#151 = CARTESIAN_POINT ( 'NONE',  ( -6.107880966319472194, 17.50000000000000000, -64.15075123547464386 ) ) ;
#152 = ORIENTED_EDGE ( 'NONE', *, *, #7742, .T. ) ;
#153 = VERTEX_POINT ( 'NONE', #4924 ) ;
#154 = CARTESIAN_POINT ( 'NONE',  ( -6.530855928433051183, 2.859069776794019191, -59.37615583082593673 ) ) ;
#155 = CARTESIAN_POINT ( 'NONE',  ( 3.731353936623043044, 10.49999999999997158, -59.82030413956552906 ) ) ;
#156 = CARTESIAN_POINT ( 'NONE',  ( -9.589487440082704595, 15.49999999999997691, -57.08576486369192793 ) ) ;
#157 = LINE ( 'NONE', #5823, #4220 ) ;
#158 = CARTESIAN_POINT ( 'NONE',  ( 11.24245441521289379, 15.50000000000000178, -26.25066047539377578 ) ) ;
#159 = CIRCLE ( 'NONE', #2780, 180.2684435961459712 ) ;
#160 = CARTESIAN_POINT ( 'NONE',  ( -15.00240574293435714, -24.79567195388979073, -68.91042536112450989 ) ) ;
#161 = CARTESIAN_POINT ( 'NONE',  ( -8.675672682625101828, 10.49999999999997158, -54.75014613266901620 ) ) ;
#162 = CARTESIAN_POINT ( 'NONE',  ( 12.52783472253294583, 10.99999999999989164, -43.29999102047114690 ) ) ;
#163 = CARTESIAN_POINT ( 'NONE',  ( 6.000000000000000000, 68.36352235648499232, 24.13356192140686574 ) ) ;
#164 = CARTESIAN_POINT ( 'NONE',  ( -20.65676697838425468, -40.19464874548959443, -101.2659977042060575 ) ) ;
#165 = CARTESIAN_POINT ( 'NONE',  ( -15.51637338613840100, -21.02591078123136015, -133.6410735086437001 ) ) ;
#166 = CARTESIAN_POINT ( 'NONE',  ( -35.03624874967434977, -81.27048665232440783, -187.0696248961188246 ) ) ;
#167 = AXIS2_PLACEMENT_3D ( 'NONE', #734, #2479, #7175 ) ;
#168 = PLANE ( 'NONE',  #8499 ) ;
#169 = ORIENTED_EDGE ( 'NONE', *, *, #3666, .T. ) ;
#170 = CARTESIAN_POINT ( 'NONE',  ( 35.29465142165725666, -43.23325755535416448, -201.3266786215739899 ) ) ;
#171 = CARTESIAN_POINT ( 'NONE',  ( -20.08151167771802292, -16.07991316581561492, -91.06287289571835686 ) ) ;
#172 = CARTESIAN_POINT ( 'NONE',  ( 19.99840508365651814, -20.26518821622370936, -70.64269175299909875 ) ) ;
#173 = CARTESIAN_POINT ( 'NONE',  ( 11.01657648003692103, -2.499999999999995115, -51.48488359320921859 ) ) ;
#174 = CARTESIAN_POINT ( 'NONE',  ( 14.10960531327082457, 15.49999999999997335, -28.96019879790740248 ) ) ;
#175 = CARTESIAN_POINT ( 'NONE',  ( -10.00000000000000355, -6.001819538171608848, -75.75082822763792478 ) ) ;
#176 = VERTEX_POINT ( 'NONE', #117 ) ;
#177 = CARTESIAN_POINT ( 'NONE',  ( -15.00240574293435714, -24.79567195388979073, -68.91042536112450989 ) ) ;
#178 = CARTESIAN_POINT ( 'NONE',  ( -29.68410705484172141, -80.89787048455804097, -186.3019165546988631 ) ) ;
#179 = ORIENTED_EDGE ( 'NONE', *, *, #6494, .F. ) ;
#180 = CARTESIAN_POINT ( 'NONE',  ( 5.381105292906028126, 15.50000000000000355, -61.29010651274474242 ) ) ;
#181 = CARTESIAN_POINT ( 'NONE',  ( 6.530855928433048518, 2.859069776794089801, -59.37615583082583726 ) ) ;
#182 = APPROVAL_STATUS ( 'not_yet_approved' ) ;
#183 = CARTESIAN_POINT ( 'NONE',  ( -13.45133085232598269, 15.49999999999996803, -28.10452069713170786 ) ) ;
#184 = EDGE_CURVE ( 'NONE', #2697, #4149, #3502, .T. ) ;
#185 = CARTESIAN_POINT ( 'NONE',  ( 4.184279705783492176, 15.49999999999996803, -61.77343150442125363 ) ) ;
#186 = CARTESIAN_POINT ( 'NONE',  ( -14.18398324332083327, 17.50000000000001066, -49.28335173840242334 ) ) ;
#187 = ORIENTED_EDGE ( 'NONE', *, *, #3161, .F. ) ;
#188 = LINE ( 'NONE', #2989, #4512 ) ;
#189 = CARTESIAN_POINT ( 'NONE',  ( -19.99999999999999645, -10.71930815380612145, -74.03380279105724071 ) ) ;
#190 = DIRECTION ( 'NONE',  ( 0.000000000000000000, 1.000000000000000000, 0.000000000000000000 ) ) ;
#191 = ORIENTED_EDGE ( 'NONE', *, *, #4085, .F. ) ;
#192 = PERSON_AND_ORGANIZATION_ROLE ( 'creator' ) ;
#193 = CARTESIAN_POINT ( 'NONE',  ( -13.52347692174843985, 16.32450232164925552, -27.12586369477613601 ) ) ;
#194 = AXIS2_PLACEMENT_3D ( 'NONE', #5278, #1809, #471 ) ;
#195 = LINE ( 'NONE', #7191, #2301 ) ;
#196 = FACE_OUTER_BOUND ( 'NONE', #707, .T. ) ;
#197 = EDGE_LOOP ( 'NONE', ( #7382, #6021, #2999, #4435 ) ) ;
#198 = ORIENTED_EDGE ( 'NONE', *, *, #3074, .F. ) ;
#199 = FACE_OUTER_BOUND ( 'NONE', #6866, .T. ) ;
#200 = B_SPLINE_SURFACE_WITH_KNOTS ( 'NONE', 1, 3, ( 
 ( #5103, #3588, #6373, #2127, #2269, #3007, #7061, #116, #71, #5061, #5646, #2857, #6423, #1636, #4421, #2313, #7899, #939, #4922, #7849, #4972, #5688, #7753, #7015, #7201, #1590, #2168, #4276, #2907, #1501, #8492, #3736, #2221, #895, #207, #803, #757, #2812, #7701, #4327, #5017, #1455, #7799, #4375, #1544, #4236, #846, #161, #2959, #5735, #7154, #8546, #6467, #2531, #4597, #6690, #3866, #7990, #5875, #5921, #250, #4463, #6515, #7333, #984, #1076, #3055, #5967, #5192, #1159, #294, #8712, #6605, #8756, #1029, #1723, #2450, #5829 ),
 ( #3135, #2409, #7248, #3221, #5283, #8670, #4505, #3817, #7292, #5233, #8634, #344, #7381, #432, #8034, #3774, #4641, #6006, #1772, #4549, #2366, #6648, #2494, #6561, #5147, #390, #7947, #3178, #1682, #8077, #3095, #1813, #5322, #1117, #8797, #3907, #8117, #7418, #3357, #6734, #1893, #3951, #4774, #7467, #474, #6232, #4127, #3306, #3264, #6823, #4035, #6179, #1248, #3403, #1202, #2571, #4820, #2027, #8931, #4866, #561, #8164, #8211, #7601, #6043, #6133, #2662, #1348, #8881, #1982, #8837, #3995, #4688, #7646, #4080, #3448, #6918, #6780 ) ),
 .UNSPECIFIED., .F., .F., .F.,
 ( 2, 2 ),
 ( 4, 2, 2, 2, 2, 2, 2, 2, 2, 2, 2, 2, 2, 2, 2, 2, 2, 2, 2, 2, 2, 2, 2, 2, 2, 2, 2, 2, 2, 2, 2, 2, 2, 2, 2, 2, 2, 2, 4 ),
 ( 0.000000000000000000, 1.000000000000000000 ),
 ( 0.000000000000000000, 0.0003709645169764762707, 0.0007419290339529525415, 0.001112893550929428812, 0.001483858067905905083, 0.001854822584882381354, 0.002225787101858857624, 0.002596751618835334112, 0.002967716135811810166, 0.003338680652788286220, 0.003709645169764762707, 0.004451574203717715249, 0.004637056462205952842, 0.004822538720694191303, 0.005193503237670668224, 0.005564467754647144278, 0.005935432271623620332, 0.006677361305576572439, 0.007419290339529525415, 0.007790254856506001468, 0.008161219373482478390, 0.008903148407435430498, 0.009645077441388382605, 0.01038700647534133645, 0.01112893550929428856, 0.01187086454324724066, 0.01261279357720019277, 0.01298375809417666796, 0.01335472261115314488, 0.01372568712812962180, 0.01409665164510609872, 0.01483858067905905083, 0.01632243874696495678, 0.01780629681487086100, 0.01854822584882381137, 0.01929015488277676521, 0.02077401295068267290, 0.02225787101858857711, 0.02374172908649448133 ),
 .UNSPECIFIED. ) ;
#201 = CARTESIAN_POINT ( 'NONE',  ( -10.18997886939909669, 15.49999999999997158, -56.12858448049053806 ) ) ;
#202 = VECTOR ( 'NONE', #8872, 1000.000000000000000 ) ;
#203 = CARTESIAN_POINT ( 'NONE',  ( -20.34994017819143508, -39.71745105489151229, -112.7583248858155969 ) ) ;
#204 = CARTESIAN_POINT ( 'NONE',  ( 14.15887493083913107, 15.50000000000000000, -29.11492812465138158 ) ) ;
#205 = CARTESIAN_POINT ( 'NONE',  ( -34.80518100882124344, -41.27922387797760706, -202.2640885557488275 ) ) ;
#206 = DIRECTION ( 'NONE',  ( 0.000000000000000000, 0.000000000000000000, -1.000000000000000000 ) ) ;
#207 = CARTESIAN_POINT ( 'NONE',  ( -6.520143227902799765, 10.49999999999996803, -57.72300060954308520 ) ) ;
#208 = CYLINDRICAL_SURFACE ( 'NONE', #239, 1.549999999999995826 ) ;
#209 = FACE_OUTER_BOUND ( 'NONE', #1349, .T. ) ;
#210 = CARTESIAN_POINT ( 'NONE',  ( 13.68247250302725604, 15.49999999999996980, -48.25487004891495246 ) ) ;
#211 = CARTESIAN_POINT ( 'NONE',  ( -20.97361091432484415, -20.97500381081944099, -133.4449207462950824 ) ) ;
#212 = CARTESIAN_POINT ( 'NONE',  ( -37.60503081571143014, -84.40951152722755069, -193.5370189292354155 ) ) ;
#213 = CARTESIAN_POINT ( 'NONE',  ( 20.00000000000000355, -23.90673684901576124, -69.23397127949294827 ) ) ;
#214 = ORIENTED_EDGE ( 'NONE', *, *, #4278, .T. ) ;
#215 = CARTESIAN_POINT ( 'NONE',  ( 12.47995346852896148, 11.08100000000013630, -29.55917684159350856 ) ) ;
#216 = CARTESIAN_POINT ( 'NONE',  ( -35.00000000000001421, -61.45764732152532162, -193.3775791335351357 ) ) ;
#217 = CARTESIAN_POINT ( 'NONE',  ( 19.96154872784478229, -20.74379386329887609, -70.52468555909669590 ) ) ;
#218 = CARTESIAN_POINT ( 'NONE',  ( -10.71862182145276421, 10.54911935785803578, -27.70172557159440174 ) ) ;
#219 = CARTESIAN_POINT ( 'NONE',  ( 13.22314622714590726, 17.50000000000000000, -26.12021093863351950 ) ) ;
#220 = PLANE ( 'NONE',  #7008 ) ;
#221 = CARTESIAN_POINT ( 'NONE',  ( 12.70493312064922797, -32.57369020794594405, -178.2315155235826865 ) ) ;
#222 = ORIENTED_EDGE ( 'NONE', *, *, #1668, .F. ) ;
#223 = CARTESIAN_POINT ( 'NONE',  ( 34.82906823473417290, -76.43033530955067079, -187.9279663789384358 ) ) ;
#224 = FACE_OUTER_BOUND ( 'NONE', #6495, .T. ) ;
#225 = EDGE_LOOP ( 'NONE', ( #191, #6079, #5911, #1361 ) ) ;
#226 = LINE ( 'NONE', #956, #8923 ) ;
#227 = CARTESIAN_POINT ( 'NONE',  ( 3.689360459897250699, 17.50000000000000000, -62.91215164932217618 ) ) ;
#228 = CARTESIAN_POINT ( 'NONE',  ( -13.85723469467323632, 15.49999999999997868, -28.98073062183398818 ) ) ;
#229 = CARTESIAN_POINT ( 'NONE',  ( 15.30471057529771350, 17.50000000000000355, -44.35842033769072401 ) ) ;
#230 = ORIENTED_EDGE ( 'NONE', *, *, #417, .T. ) ;
#231 = CARTESIAN_POINT ( 'NONE',  ( 34.81962539086035235, -81.24157979071648583, -190.2750066261265829 ) ) ;
#232 = CARTESIAN_POINT ( 'NONE',  ( 20.00000000000000355, -10.70677784549934231, -74.04239075729576314 ) ) ;
#233 = CARTESIAN_POINT ( 'NONE',  ( -13.66643634907644866, 17.50000000000000000, -50.91348754261887422 ) ) ;
#234 = VERTEX_POINT ( 'NONE', #7611 ) ;
#235 = DIRECTION ( 'NONE',  ( -0.000000000000000000, 1.000000000000000000, -0.000000000000000000 ) ) ;
#236 = CYLINDRICAL_SURFACE ( 'NONE', #6909, 5.000000000000005329 ) ;
#237 = DIRECTION ( 'NONE',  ( 1.000000000000000000, -0.000000000000000000, 0.000000000000000000 ) ) ;
#239 = AXIS2_PLACEMENT_3D ( 'NONE', #3008, #3776, #7948 ) ;
#238 = CARTESIAN_POINT ( 'NONE',  ( -16.59331940461313692, 17.50000000000000355, -47.85038562569660314 ) ) ;
#240 = ORIENTED_EDGE ( 'NONE', *, *, #5056, .T. ) ;
#241 = ORIENTED_EDGE ( 'NONE', *, *, #5153, .T. ) ;
#242 = CARTESIAN_POINT ( 'NONE',  ( -12.26965967419325665, 11.08086463972660773, -30.29999102047650084 ) ) ;
#243 = CARTESIAN_POINT ( 'NONE',  ( 7.885835934018412097, 10.49999999999997158, -56.40364915371849008 ) ) ;
#244 = AXIS2_PLACEMENT_3D ( 'NONE', #4106, #6899, #635 ) ;
#245 = CARTESIAN_POINT ( 'NONE',  ( -2.370661196449486585, 17.50000000000000000, -62.99999999999944578 ) ) ;
#246 = CARTESIAN_POINT ( 'NONE',  ( -20.27976928568849502, -36.48030885931972733, -105.8396510336742153 ) ) ;
#247 = DIRECTION ( 'NONE',  ( 1.000000000000000000, 0.000000000000000000, 0.000000000000000000 ) ) ;
#248 = CARTESIAN_POINT ( 'NONE',  ( -13.35826522935794358, 17.50000000000000000, -26.44376818478755098 ) ) ;
#249 = CARTESIAN_POINT ( 'NONE',  ( -34.81962539086035235, -40.77339459490218587, -205.0042214721749190 ) ) ;
#250 = CARTESIAN_POINT ( 'NONE',  ( -10.03857852279584684, 10.49999999999996803, -51.94491982613128300 ) ) ;
#251 = CARTESIAN_POINT ( 'NONE',  ( -12.69897488640602390, 15.50000000000000178, -26.80988618708894933 ) ) ;
#252 = SPHERICAL_SURFACE ( 'NONE', #5901, 5.000000000000000000 ) ;
#253 = CARTESIAN_POINT ( 'NONE',  ( -20.82794399698341437, -30.05293333138257239, -151.6768718137264216 ) ) ;
#254 = AXIS2_PLACEMENT_3D ( 'NONE', #436, #2414, #8167 ) ;
#255 = CARTESIAN_POINT ( 'NONE',  ( -20.00000000000001776, -27.59896434459382064, -105.8504519063442757 ) ) ;
#256 = CIRCLE ( 'NONE', #6540, 1.549999999999996714 ) ;
#257 = CARTESIAN_POINT ( 'NONE',  ( -10.69899917883907925, 10.49999999999996980, 6.952378215225159741E-13 ) ) ;
#258 = CARTESIAN_POINT ( 'NONE',  ( 12.52783472253294583, 11.09167599805535609, -43.29999102047114690 ) ) ;
#259 = VERTEX_POINT ( 'NONE', #5018 ) ;
#260 = CARTESIAN_POINT ( 'NONE',  ( 13.09022653842117734, 15.89120320839014511, -26.65400624951084652 ) ) ;
#261 = DIRECTION ( 'NONE',  ( -0.000000000000000000, 0.9396926207859102043, -0.3420201433256637169 ) ) ;
#262 = EDGE_LOOP ( 'NONE', ( #1803, #5547, #3404, #5134, #8839, #3153 ) ) ;
#263 = CARTESIAN_POINT ( 'NONE',  ( -12.37573225497965446, 14.69189370855838384, -26.93663774106414621 ) ) ;
#264 = DIRECTION ( 'NONE',  ( 0.000000000000000000, 0.000000000000000000, 1.000000000000000000 ) ) ;
#265 = CARTESIAN_POINT ( 'NONE',  ( -33.53600874411982602, -79.40918322109686756, -183.2331620516930002 ) ) ;
#266 = VECTOR ( 'NONE', #4404, 1000.000000000000000 ) ;
#267 = VECTOR ( 'NONE', #2451, 1000.000000000000114 ) ;
#268 = EDGE_CURVE ( 'NONE', #7682, #444, #89, .T. ) ;
#269 = CARTESIAN_POINT ( 'NONE',  ( -13.66900983815246384, 15.49999999999997513, -28.50905312889394949 ) ) ;
#270 = CARTESIAN_POINT ( 'NONE',  ( 13.97538541598834705, 17.50000000000001066, -50.77157756082780793 ) ) ;
#271 = CARTESIAN_POINT ( 'NONE',  ( -12.85461414219181719, 17.49999999999998579, -52.99226666429076715 ) ) ;
#272 = B_SPLINE_SURFACE_WITH_KNOTS ( 'NONE', 1, 3, ( 
 ( #8675, #5879, #1080, #989, #1817, #2454, #5237, #3956, #3869, #4644, #3100, #6651, #8718, #2535, #4468, #8038, #5197, #7995, #1728, #1775, #4552, #4510, #7298, #394, #4601, #7384, #1121, #3910, #6693, #6737, #477, #3268, #8841, #7196, #243, #3045, #3632, #2122, #6508, #5776, #6367, #2953, #2263, #6463, #8393, #4917, #7695, #2900, #797, #1446, #3539, #5683, #4228, #5057, #930, #7792, #1538, #7007, #6418, #841, #6325, #7148, #67, #7843, #2853, #5642, #7893, #155, #7054, #8440, #8485, #4367, #4965, #7747, #2214, #1584, #4321, #4272 ),
 ( #4416, #3003, #8586, #5731, #8538, #889, #2307, #5095, #3768, #5820, #3088, #4457, #6683, #3897, #1765, #8665, #4499, #2445, #3130, #425, #7941, #5225, #8026, #3215, #1715, #3859, #2359, #5869, #6554, #468, #5961, #5315, #6000, #2402, #4542, #976, #7242, #8706, #8629, #7328, #3808, #6601, #8790, #1068, #2523, #1675, #6641, #1023, #1807, #6727, #5184, #287, #3944, #5143, #337, #5913, #7984, #7284, #382, #3170, #8748, #2486, #5273, #8070, #8110, #1842, #1113, #4587, #4632, #7374, #7410, #1152, #6039, #1389, #650, #7503, #6864, #6171 ) ),
 .UNSPECIFIED., .F., .F., .F.,
 ( 2, 2 ),
 ( 4, 2, 2, 2, 2, 2, 2, 2, 2, 2, 2, 2, 2, 2, 2, 2, 2, 2, 2, 2, 2, 2, 2, 2, 2, 2, 2, 2, 2, 2, 2, 2, 2, 2, 2, 2, 2, 2, 4 ),
 ( 0.000000000000000000, 1.000000000000000000 ),
 ( 0.000000000000000000, 0.001468357605397847734, 0.002936715210795695467, 0.004405072816193542767, 0.005873430421591390935, 0.007341788026989238235, 0.008075966829688162318, 0.008810145632387085535, 0.009544324435086008751, 0.01027850323778493370, 0.01064559263913439704, 0.01101268204048385865, 0.01174686084318278187, 0.01248103964588170509, 0.01321521844858062830, 0.01394939725127955152, 0.01468357605397847647, 0.01541775485667740142, 0.01578484425802686303, 0.01615193365937632464, 0.01688611246207524785, 0.01762029126477417107, 0.01798738066612363268, 0.01835447006747309429, 0.01853801476814782509, 0.01872155946882255589, 0.01890510416949728670, 0.01908864887017201750, 0.01982282767287094072, 0.02018991707422040233, 0.02055700647556986740, 0.02092409587691933248, 0.02129118527826879409, 0.02165827467961825570, 0.02202536408096771731, 0.02239245348231717891, 0.02275954288366664052, 0.02312663228501610213, 0.02349372168636556374 ),
 .UNSPECIFIED. ) ;
#273 = ORIENTED_EDGE ( 'NONE', *, *, #3878, .T. ) ;
#274 = CARTESIAN_POINT ( 'NONE',  ( 34.84362752075605840, -82.72039621521635411, -191.9307784100858498 ) ) ;
#275 = AXIS2_PLACEMENT_3D ( 'NONE', #5199, #7996, #4602 ) ;
#276 = AXIS2_PLACEMENT_3D ( 'NONE', #336, #8069, #2401 ) ;
#277 = CARTESIAN_POINT ( 'NONE',  ( -32.90221260365899525, -41.79068035767948430, -195.0905248047439784 ) ) ;
#278 = CARTESIAN_POINT ( 'NONE',  ( -11.31146678270864570, 17.50000000000000000, -56.18150615042983986 ) ) ;
#279 = VERTEX_POINT ( 'NONE', #8547 ) ;
#280 = FACE_BOUND ( 'NONE', #2096, .T. ) ;
#281 = CARTESIAN_POINT ( 'NONE',  ( -6.155635871486288657, 2.323903381281875014, -67.49511450661884737 ) ) ;
#282 = PRODUCT_DEFINITION_FORMATION_WITH_SPECIFIED_SOURCE ( 'ไป', '', #857, .NOT_KNOWN. ) ;
#283 = FACE_OUTER_BOUND ( 'NONE', #5526, .T. ) ;
#284 = CARTESIAN_POINT ( 'NONE',  ( -14.69503455749360477, 17.50000000000000355, -53.77310362138027244 ) ) ;
#285 = ORIENTED_EDGE ( 'NONE', *, *, #8949, .F. ) ;
#286 = CARTESIAN_POINT ( 'NONE',  ( -13.66998389998182262, 15.50000000000000000, -28.50846128649876476 ) ) ;
#287 = CARTESIAN_POINT ( 'NONE',  ( 6.979060507952086212, 15.50000000000000000, -60.23310236463423450 ) ) ;
#288 = EDGE_CURVE ( 'NONE', #8141, #5025, #758, .T. ) ;
#289 = CARTESIAN_POINT ( 'NONE',  ( -12.22942349185591304, 15.49999999999996803, -51.89226569244402043 ) ) ;
#290 = CARTESIAN_POINT ( 'NONE',  ( -20.41427267080787189, -42.55229834979645176, -118.8112675734348755 ) ) ;
#291 = CARTESIAN_POINT ( 'NONE',  ( 0.000000000000000000, 0.000000000000000000, 0.000000000000000000 ) ) ;
#292 = CARTESIAN_POINT ( 'NONE',  ( 12.51528749450567801, 10.96871646126106903, -30.10599603276587288 ) ) ;
#293 = CARTESIAN_POINT ( 'NONE',  ( -6.000000000000000000, 68.36352235648504916, 24.13356192140685863 ) ) ;
#294 = CARTESIAN_POINT ( 'NONE',  ( -11.55071881051371818, 10.49999999999996625, -47.49441158036812993 ) ) ;
#295 = EDGE_CURVE ( 'NONE', #886, #4224, #4376, .T. ) ;
#296 = LINE ( 'NONE', #5876, #267 ) ;
#297 = CARTESIAN_POINT ( 'NONE',  ( 14.32783472253220935, 15.50000000000000178, -43.29998938949142939 ) ) ;
#298 = CARTESIAN_POINT ( 'NONE',  ( -9.807817986386453468E-15, -80.89787048455832519, -186.3019165546989768 ) ) ;
#299 = CARTESIAN_POINT ( 'NONE',  ( -17.80641696533888663, -27.10119640303630817, -157.1190047123207307 ) ) ;
#300 = CYLINDRICAL_SURFACE ( 'NONE', #4784, 2.999999999999995559 ) ;
#301 = CARTESIAN_POINT ( 'NONE',  ( -14.99999999999999645, -7.011872312450463163, 25.70895527601439667 ) ) ;
#302 = EDGE_CURVE ( 'NONE', #705, #3379, #5760, .T. ) ;
#303 = AXIS2_PLACEMENT_3D ( 'NONE', #3136, #6607, #2411 ) ;
#304 = CARTESIAN_POINT ( 'NONE',  ( -19.99999999999999645, -14.61566856204246001, -72.61564358048588019 ) ) ;
#305 = CARTESIAN_POINT ( 'NONE',  ( 15.66317215042579214, -24.76365028667586188, -68.92021547766998424 ) ) ;
#306 = CARTESIAN_POINT ( 'NONE',  ( 2.628825013707253966, 11.09167599805535609, -60.19999999999958362 ) ) ;
#307 = CARTESIAN_POINT ( 'NONE',  ( -12.26967133912770436, 10.99992376778905268, -43.29999999999276383 ) ) ;
#308 = B_SPLINE_CURVE_WITH_KNOTS ( 'NONE', 3,
 ( #7722, #8419, #4896, #2146, #3565, #2930, #6262, #4942, #870, #4994, #8373, #8333, #6991, #3665, #4254, #7775, #2102, #2190, #6444, #7675 ),
 .UNSPECIFIED., .F., .F.,
 ( 4, 2, 2, 2, 2, 2, 2, 2, 2, 4 ),
 ( 1.131805705172296815E-15, 0.003343444271750979028, 0.006686888543500826149, 0.008358610679375749059, 0.01003033281525067370, 0.01086619388318815077, 0.01170205495112562784, 0.01253791601906310837, 0.01295584655303184604, 0.01337377708700058544 ),
 .UNSPECIFIED. ) ;
#309 = CIRCLE ( 'NONE', #5415, 2.999999999999995559 ) ;
#310 = EDGE_CURVE ( 'NONE', #3352, #2684, #3451, .T. ) ;
#311 = ORIENTED_EDGE ( 'NONE', *, *, #7543, .F. ) ;
#312 = CARTESIAN_POINT ( 'NONE',  ( -7.500000000000000000, -15.00000000000000000, -29.00000000000000000 ) ) ;
#313 = DIRECTION ( 'NONE',  ( 0.000000000000000000, -0.000000000000000000, -1.000000000000000000 ) ) ;
#314 = ORIENTED_EDGE ( 'NONE', *, *, #1304, .F. ) ;
#315 = CARTESIAN_POINT ( 'NONE',  ( 12.69902324310201713, 15.50000000000002309, -26.55806872413105424 ) ) ;
#316 = CARTESIAN_POINT ( 'NONE',  ( 5.994013500609092659, 17.49999999999999645, -62.09656927132033388 ) ) ;
#317 = EDGE_CURVE ( 'NONE', #8078, #7029, #7294, .T. ) ;
#318 = CARTESIAN_POINT ( 'NONE',  ( -29.81753050518843651, -81.05602634669148188, -186.6277681551273133 ) ) ;
#319 = VECTOR ( 'NONE', #6441, 1000.000000000000000 ) ;
#320 = CARTESIAN_POINT ( 'NONE',  ( 13.79235667978124980, 17.50000000000000000, -56.27591310591728302 ) ) ;
#321 = DIRECTION ( 'NONE',  ( 0.000000000000000000, 0.000000000000000000, 1.000000000000000000 ) ) ;
#322 = CARTESIAN_POINT ( 'NONE',  ( 15.32783628204330917, 17.49999999999998224, -43.83116501393038789 ) ) ;
#323 = ORIENTED_EDGE ( 'NONE', *, *, #3980, .F. ) ;
#324 = CARTESIAN_POINT ( 'NONE',  ( 14.80922653347306550, 17.50000000000000355, -28.03384572795481944 ) ) ;
#325 = CARTESIAN_POINT ( 'NONE',  ( 20.00000000000000355, -10.71930815380612501, -74.03380279105724071 ) ) ;
#326 = ADVANCED_FACE ( 'NONE', ( #6468 ), #208, .F. ) ;
#327 = CARTESIAN_POINT ( 'NONE',  ( -8.411129069814936798, 17.50000000000000000, -60.07542554743765351 ) ) ;
#328 = ORIENTED_EDGE ( 'NONE', *, *, #5281, .F. ) ;
#329 = CARTESIAN_POINT ( 'NONE',  ( -6.000000000000000000, 0.000000000000000000, 0.000000000000000000 ) ) ;
#330 = CARTESIAN_POINT ( 'NONE',  ( -14.57226923438190980, 17.37329558494050730, -28.17504039345624989 ) ) ;
#331 = EDGE_CURVE ( 'NONE', #633, #7625, #8591, .T. ) ;
#332 = CARTESIAN_POINT ( 'NONE',  ( 5.000000000000000000, -2.499999999999998668, -55.55000000000000426 ) ) ;
#333 = ORIENTED_EDGE ( 'NONE', *, *, #5496, .F. ) ;
#334 = CARTESIAN_POINT ( 'NONE',  ( -15.81830173786300975, 17.50000000000000355, -50.78940039800682626 ) ) ;
#335 = ORIENTED_EDGE ( 'NONE', *, *, #4918, .T. ) ;
#336 = CARTESIAN_POINT ( 'NONE',  ( -6.000000000000001776, 49.08720012175118796, 21.80474224124540328 ) ) ;
#337 = CARTESIAN_POINT ( 'NONE',  ( 6.783589818624369272, 15.50000000000000000, -60.38695758258971580 ) ) ;
#338 = CARTESIAN_POINT ( 'NONE',  ( -5.408001606094772207, 15.49999999999996980, -61.13550019388480905 ) ) ;
#339 = CARTESIAN_POINT ( 'NONE',  ( -20.86387869977293263, -47.51834061863045378, -116.6541787130081929 ) ) ;
#340 = DIRECTION ( 'NONE',  ( 0.000000000000000000, 0.000000000000000000, 1.000000000000000000 ) ) ;
#341 = CARTESIAN_POINT ( 'NONE',  ( -17.06970171764654509, -17.50000000000000000, -43.30001332882125098 ) ) ;
#342 = CARTESIAN_POINT ( 'NONE',  ( -13.36886178520900437, 17.50000000000000355, -26.45342367431667796 ) ) ;
#343 = CARTESIAN_POINT ( 'NONE',  ( 15.00000000000000355, -6.576093598712162702, 30.68992876647312329 ) ) ;
#344 = CARTESIAN_POINT ( 'NONE',  ( -4.317074711224370809, 15.50000000000000355, -61.64512164894565416 ) ) ;
#345 = FACE_OUTER_BOUND ( 'NONE', #4335, .T. ) ;
#346 = CARTESIAN_POINT ( 'NONE',  ( -12.26965967420139769, 10.99986544315751225, -30.29999999998753779 ) ) ;
#347 = CARTESIAN_POINT ( 'NONE',  ( 17.54859651735838355, -59.14689936563608796, -141.0875341805040080 ) ) ;
#348 = CARTESIAN_POINT ( 'NONE',  ( -20.81573672846772638, -27.73450416008731167, -137.8451253886381380 ) ) ;
#349 = CIRCLE ( 'NONE', #7953, 5.000000000000004441 ) ;
#350 = CARTESIAN_POINT ( 'NONE',  ( 11.04262557525882293, 10.93810216435128346, -27.99363977774860501 ) ) ;
#351 =( BOUNDED_CURVE ( )  B_SPLINE_CURVE ( 3, ( #642, #2788, #2931, #4256 ),
 .UNSPECIFIED., .F., .F. ) 
 B_SPLINE_CURVE_WITH_KNOTS ( ( 4, 4 ),
 ( 3.141592653589786455, 3.340149554015097610 ),
 .UNSPECIFIED. ) 
 CURVE ( )  GEOMETRIC_REPRESENTATION_ITEM ( )  RATIONAL_B_SPLINE_CURVE ( ( 1.000000000000000000, 0.9967172940238606671, 0.9967172940238606671, 1.000000000000000000 ) ) 
 REPRESENTATION_ITEM ( '' )  );
#352 = CARTESIAN_POINT ( 'NONE',  ( -20.65676697838425468, -40.19464874548959443, -101.2659977042060575 ) ) ;
#353 = CARTESIAN_POINT ( 'NONE',  ( 19.74815212173683321, -21.64191161067366664, -70.18474475232592624 ) ) ;
#354 = CARTESIAN_POINT ( 'NONE',  ( 34.98687346096909323, -65.09601845801006448, -192.0533203386412708 ) ) ;
#355 = CARTESIAN_POINT ( 'NONE',  ( 12.72964990978487521, 15.49999999999997513, -27.00300140716730724 ) ) ;
#356 = FACE_OUTER_BOUND ( 'NONE', #513, .T. ) ;
#357 = VECTOR ( 'NONE', #3705, 999.9999999999998863 ) ;
#358 = VERTEX_POINT ( 'NONE', #1683 ) ;
#359 = LINE ( 'NONE', #5797, #7026 ) ;
#360 = ORIENTED_EDGE ( 'NONE', *, *, #4391, .F. ) ;
#361 = LINE ( 'NONE', #3789, #3230 ) ;
#362 = CARTESIAN_POINT ( 'NONE',  ( 3.163737444335764870, 17.49999999999999645, -62.98284235671276576 ) ) ;
#363 = CARTESIAN_POINT ( 'NONE',  ( -17.80641696536105911, -60.93506722051022706, -144.8044828249522311 ) ) ;
#364 = CARTESIAN_POINT ( 'NONE',  ( 10.01482599085227854, 17.50000000000000000, -61.56863952575955778 ) ) ;
#365 = DIRECTION ( 'NONE',  ( -0.000000000000000000, -0.000000000000000000, 1.000000000000000000 ) ) ;
#366 = CARTESIAN_POINT ( 'NONE',  ( 14.22371681178865011, 17.50000000000000000, -50.01811400864770008 ) ) ;
#367 = VERTEX_POINT ( 'NONE', #5193 ) ;
#368 = CARTESIAN_POINT ( 'NONE',  ( 34.81735114618565774, -77.12363716236866651, -187.8135028966411539 ) ) ;
#369 = EDGE_CURVE ( 'NONE', #5618, #6845, #3052, .T. ) ;
#370 = CARTESIAN_POINT ( 'NONE',  ( -37.96589677135789742, -44.86267908933398729, -208.3040455077810975 ) ) ;
#371 = CARTESIAN_POINT ( 'NONE',  ( -24.41263691344919806, -34.37825681687019141, -164.1943773294832454 ) ) ;
#372 = CARTESIAN_POINT ( 'NONE',  ( -12.28857147765203628, 17.50000000000000355, -54.25608394035486270 ) ) ;
#373 = EDGE_LOOP ( 'NONE', ( #2543, #8791, #4947, #3424 ) ) ;
#374 = ADVANCED_FACE ( 'NONE', ( #5104 ), #7900, .F. ) ;
#375 = FACE_OUTER_BOUND ( 'NONE', #3296, .T. ) ;
#376 = CARTESIAN_POINT ( 'NONE',  ( 19.34307238104315374, -8.382055976472978287, -74.97864318876905543 ) ) ;
#377 = DIRECTION ( 'NONE',  ( -1.000000000000000000, -0.000000000000000000, -0.000000000000000000 ) ) ;
#378 = ORIENTED_EDGE ( 'NONE', *, *, #3249, .T. ) ;
#379 = CARTESIAN_POINT ( 'NONE',  ( -15.92871730996910173, 17.50000000000000355, -50.43597647367553805 ) ) ;
#380 = ORIENTED_EDGE ( 'NONE', *, *, #6086, .T. ) ;
#381 = CARTESIAN_POINT ( 'NONE',  ( 6.000000000000000000, 19.59913969105958031, -53.84819374192360897 ) ) ;
#382 = CARTESIAN_POINT ( 'NONE',  ( 5.919824974402458473, 15.50000000000000000, -60.98702377745697589 ) ) ;
#383 = EDGE_CURVE ( 'NONE', #3682, #954, #1142, .T. ) ;
#384 = EDGE_LOOP ( 'NONE', ( #6054, #6201, #3298, #3233, #8015, #5632, #8609, #380, #7741, #6818, #2803, #1882 ) ) ;
#385 = PRODUCT_RELATED_PRODUCT_CATEGORY ( 'detail', '', ( #857 ) ) ;
#386 = CARTESIAN_POINT ( 'NONE',  ( -11.27230604862059593, 15.50000000000000355, -26.33630164917725835 ) ) ;
#387 = CARTESIAN_POINT ( 'NONE',  ( 36.57609477610974835, -39.74106896106438569, -206.7453129847382911 ) ) ;
#388 = CARTESIAN_POINT ( 'NONE',  ( -12.84430699763718486, 17.50000000000000000, -25.97550174894852759 ) ) ;
#389 = CARTESIAN_POINT ( 'NONE',  ( 4.557754624762229589, -2.499999999999995115, -60.03301730895792332 ) ) ;
#390 = CARTESIAN_POINT ( 'NONE',  ( -6.667203373881681827, 15.50000000000000355, -60.27595707086435795 ) ) ;
#391 = DIRECTION ( 'NONE',  ( -5.898059818321143332E-15, -1.000000000000000000, 0.000000000000000000 ) ) ;
#392 = CARTESIAN_POINT ( 'NONE',  ( 16.86434253338080680, -32.49516034968979028, -85.08821153266551107 ) ) ;
#393 = AXIS2_PLACEMENT_3D ( 'NONE', #7819, #8459, #2285 ) ;
#394 = CARTESIAN_POINT ( 'NONE',  ( 9.678412513520900262, 10.49999999999997513, -53.30538485045395447 ) ) ;
#395 = CARTESIAN_POINT ( 'NONE',  ( -11.72314834321839960, 10.49999999999997158, -29.11361281724227013 ) ) ;
#396 = EDGE_CURVE ( 'NONE', #3560, #8950, #1591, .T. ) ;
#397 = CARTESIAN_POINT ( 'NONE',  ( 34.99124897397942391, -55.87704504847002340, -200.7296411125843463 ) ) ;
#398 = CARTESIAN_POINT ( 'NONE',  ( 12.70546442698881506, 15.49999999999998757, -26.98407307294032265 ) ) ;
#399 = AXIS2_PLACEMENT_3D ( 'NONE', #6042, #5282, #8116 ) ;
#400 = CARTESIAN_POINT ( 'NONE',  ( -9.222040155984359444, 0.2615453733655757618, -59.43179402210947160 ) ) ;
#401 = PLANE ( 'NONE',  #6144 ) ;
#402 = ORIENTED_EDGE ( 'NONE', *, *, #3957, .F. ) ;
#403 = DIRECTION ( 'NONE',  ( -1.000000000000000000, -0.000000000000000000, -0.000000000000000000 ) ) ;
#404 = EDGE_CURVE ( 'NONE', #444, #6363, #1637, .T. ) ;
#405 = DIRECTION ( 'NONE',  ( 0.000000000000000000, 0.000000000000000000, 1.000000000000000000 ) ) ;
#406 = VECTOR ( 'NONE', #5367, 1000.000000000000114 ) ;
#407 = CARTESIAN_POINT ( 'NONE',  ( 20.36438667085893783, -23.14911403048435190, -120.4080802867122202 ) ) ;
#408 = CARTESIAN_POINT ( 'NONE',  ( -22.37128452553311675, -58.04624206932629704, -138.7532765360658686 ) ) ;
#409 = CARTESIAN_POINT ( 'NONE',  ( 5.844673231011917380, 17.50000000000000000, -64.37508124497483664 ) ) ;
#410 = CARTESIAN_POINT ( 'NONE',  ( -1.433419464209950034, -0.3169060858994823260, -65.35375267892338513 ) ) ;
#411 = VERTEX_POINT ( 'NONE', #5922 ) ;
#412 = EDGE_CURVE ( 'NONE', #2392, #5025, #4422, .T. ) ;
#413 = ORIENTED_EDGE ( 'NONE', *, *, #3050, .F. ) ;
#414 = CARTESIAN_POINT ( 'NONE',  ( 14.85329799223474012, 17.50000000000000000, -28.12974348152554782 ) ) ;
#415 = CARTESIAN_POINT ( 'NONE',  ( -20.57879972224802145, -26.34557344238964660, -132.5120954088142469 ) ) ;
#416 = CARTESIAN_POINT ( 'NONE',  ( -12.65232959600951723, 17.50000000000000000, -53.45494331128836052 ) ) ;
#417 = EDGE_CURVE ( 'NONE', #451, #7209, #3819, .T. ) ;
#418 = CARTESIAN_POINT ( 'NONE',  ( 13.04471389468795550, 15.49999999999998757, -27.27802072647210707 ) ) ;
#419 = DIRECTION ( 'NONE',  ( 1.647092537452842531E-15, 0.9396926207859096492, 0.3420201433256652157 ) ) ;
#420 = ORIENTED_EDGE ( 'NONE', *, *, #3262, .T. ) ;
#421 = LINE ( 'NONE', #7238, #933 ) ;
#422 = AXIS2_PLACEMENT_3D ( 'NONE', #8628, #8024, #8789 ) ;
#423 = ORIENTED_EDGE ( 'NONE', *, *, #2957, .T. ) ;
#424 = CARTESIAN_POINT ( 'NONE',  ( -2.585786437626905965, 1.099358522526704185, -64.21489361127119366 ) ) ;
#425 = CARTESIAN_POINT ( 'NONE',  ( 11.84557486061360798, 15.50000000000000178, -53.38615481090455006 ) ) ;
#426 = VERTEX_POINT ( 'NONE', #7249 ) ;
#427 = PRODUCT_DEFINITION_SHAPE ( 'NONE', 'NONE',  #6584 ) ;
#428 = CARTESIAN_POINT ( 'NONE',  ( -11.48055832704782908, 15.50000000000000533, -26.42114121342464017 ) ) ;
#429 = SECURITY_CLASSIFICATION ( '', '', #5634 ) ;
#430 = CARTESIAN_POINT ( 'NONE',  ( 3.052900589706612156, -3.305268473201031565, -68.34211506622474985 ) ) ;
#431 = DIRECTION ( 'NONE',  ( 9.060998516357094330E-07, 0.000000000000000000, -0.9999999999995894395 ) ) ;
#432 = CARTESIAN_POINT ( 'NONE',  ( -4.665550384228352776, 15.50000000000000355, -61.50638774814881060 ) ) ;
#433 = EDGE_LOOP ( 'NONE', ( #7398, #8877 ) ) ;
#434 = CARTESIAN_POINT ( 'NONE',  ( 12.70493312064920133, -70.31375411002579767, -164.4952556239185526 ) ) ;
#435 = LOCAL_TIME ( 17, 12, 35.00000000000000000, #8385 ) ;
#436 = CARTESIAN_POINT ( 'NONE',  ( -1.171572875253815704, 65.80127510933307633, -28.10048461748485593 ) ) ;
#437 = CARTESIAN_POINT ( 'NONE',  ( -11.58976909295380864, 10.49999999999996980, -28.92725041067928871 ) ) ;
#438 = DIRECTION ( 'NONE',  ( 0.000000000000000000, 0.000000000000000000, 1.000000000000000000 ) ) ;
#439 = CARTESIAN_POINT ( 'NONE',  ( 34.84392767575947403, -43.39343128632571478, -199.9524160757018478 ) ) ;
#440 = CARTESIAN_POINT ( 'NONE',  ( 12.72241721909838930, 15.49999999999996980, -26.99731414460070766 ) ) ;
#441 = CARTESIAN_POINT ( 'NONE',  ( 15.32782294323374295, 17.50000000000000000, -30.29998848339698725 ) ) ;
#442 = CARTESIAN_POINT ( 'NONE',  ( 34.87023888289651552, -45.00177438517693673, -199.3670270612325055 ) ) ;
#443 = FACE_OUTER_BOUND ( 'NONE', #6938, .T. ) ;
#444 = VERTEX_POINT ( 'NONE', #985 ) ;
#445 = CARTESIAN_POINT ( 'NONE',  ( -5.568481713940241384, -17.50000000000000000, -64.38227720309865276 ) ) ;
#446 = CARTESIAN_POINT ( 'NONE',  ( 11.17977867176220208, 17.49999999999999645, -56.85519112022350185 ) ) ;
#447 = DIRECTION ( 'NONE',  ( 0.000000000000000000, 0.000000000000000000, 1.000000000000000000 ) ) ;
#448 = CARTESIAN_POINT ( 'NONE',  ( 4.998528156887899421, 17.50000000000000000, -64.66485941262399706 ) ) ;
#449 = DIRECTION ( 'NONE',  ( 0.000000000000000000, 0.000000000000000000, -1.000000000000000000 ) ) ;
#450 = VECTOR ( 'NONE', #8046, 1000.000000000000114 ) ;
#451 = VERTEX_POINT ( 'NONE', #6562 ) ;
#452 = ORIENTED_EDGE ( 'NONE', *, *, #963, .T. ) ;
#453 = FACE_OUTER_BOUND ( 'NONE', #8523, .T. ) ;
#454 = CYLINDRICAL_SURFACE ( 'NONE', #8916, 1.299999999999988720 ) ;
#455 = CARTESIAN_POINT ( 'NONE',  ( 22.74062984290910094, -55.77581798137384794, -146.4557937844780326 ) ) ;
#456 = CARTESIAN_POINT ( 'NONE',  ( -13.06282362128766827, 17.50000000000000355, -52.49450483132409317 ) ) ;
#457 = AXIS2_PLACEMENT_3D ( 'NONE', #3321, #4789, #6055 ) ;
#458 = CARTESIAN_POINT ( 'NONE',  ( -5.000000000000000000, -2.499999999999998668, -51.00000000000000711 ) ) ;
#459 = EDGE_CURVE ( 'NONE', #1486, #1374, #296, .T. ) ;
#460 = DIRECTION ( 'NONE',  ( 0.7071067811862574715, -0.7071067811865473507, 6.407093488650097278E-07 ) ) ;
#461 = PERSON_AND_ORGANIZATION ( #5299, #8168 ) ;
#462 = DIRECTION ( 'NONE',  ( 0.000000000000000000, 0.000000000000000000, -1.000000000000000000 ) ) ;
#463 = ORIENTED_EDGE ( 'NONE', *, *, #636, .F. ) ;
#464 = CARTESIAN_POINT ( 'NONE',  ( 33.86603463374394352, -42.37076408466075605, -197.6031280863861355 ) ) ;
#465 = ORIENTED_EDGE ( 'NONE', *, *, #2166, .F. ) ;
#466 = CARTESIAN_POINT ( 'NONE',  ( 15.88597323476811241, -17.50000000000000000, -51.37923820715372614 ) ) ;
#467 = ADVANCED_FACE ( 'NONE', ( #345 ), #4550, .T. ) ;
#468 = CARTESIAN_POINT ( 'NONE',  ( 10.44887986662967805, 15.50000000000000178, -56.12936555695208085 ) ) ;
#469 = VERTEX_POINT ( 'NONE', #1773 ) ;
#470 = CARTESIAN_POINT ( 'NONE',  ( 0.000000000000000000, 0.000000000000000000, 0.000000000000000000 ) ) ;
#471 = DIRECTION ( 'NONE',  ( 0.000000000000000000, 0.000000000000000000, 1.000000000000000000 ) ) ;
#472 = CARTESIAN_POINT ( 'NONE',  ( -14.80678864502188752, 17.50000000000001421, -28.66693394912576665 ) ) ;
#473 = PLANE ( 'NONE',  #5503 ) ;
#474 = CARTESIAN_POINT ( 'NONE',  ( -9.786953927149328436, 15.50000000000000000, -56.78767179733172554 ) ) ;
#475 = EDGE_LOOP ( 'NONE', ( #489, #5951, #8661, #8108 ) ) ;
#476 = CARTESIAN_POINT ( 'NONE',  ( -2.423744554305304420E-15, -40.19464874548965838, -101.2659977042060575 ) ) ;
#477 = CARTESIAN_POINT ( 'NONE',  ( 8.610101006723693828, 10.49999999999996803, -55.30844689648002799 ) ) ;
#478 = PRODUCT_DEFINITION ( 'ๆ', '', #2179, #7975 ) ;
#479 = PLANE ( 'NONE',  #7421 ) ;
#480 = CARTESIAN_POINT ( 'NONE',  ( 10.66571385397360494, 10.49999999999997158, -28.16656786603376617 ) ) ;
#481 = CARTESIAN_POINT ( 'NONE',  ( -19.99999999999999645, -20.09971187473756160, -70.62740308180886473 ) ) ;
#482 = CARTESIAN_POINT ( 'NONE',  ( 7.500000000000000000, -17.50000000000000000, -27.45000000000000639 ) ) ;
#483 = CARTESIAN_POINT ( 'NONE',  ( 12.76322501427303813, 15.49999999999995737, -27.02974120312471484 ) ) ;
#484 = VECTOR ( 'NONE', #2010, 1000.000000000000000 ) ;
#485 = DIRECTION ( 'NONE',  ( 0.000000000000000000, -1.000000000000000000, 0.000000000000000000 ) ) ;
#486 = APPLICATION_CONTEXT ( 'configuration controlled 3d designs of mechanical parts and assemblies' ) ;
#487 = B_SPLINE_CURVE_WITH_KNOTS ( 'NONE', 1,
 ( #5800, #8003 ),
 .UNSPECIFIED., .F., .F.,
 ( 2, 2 ),
 ( 0.000000000000000000, 0.9000000078530798753 ),
 .UNSPECIFIED. ) ;
#488 = DIRECTION ( 'NONE',  ( -0.000000000000000000, 1.000000000000000000, -0.000000000000000000 ) ) ;
#489 = ORIENTED_EDGE ( 'NONE', *, *, #1987, .F. ) ;
#490 = ADVANCED_FACE ( 'NONE', ( #4971 ), #709, .T. ) ;
#491 = FACE_OUTER_BOUND ( 'NONE', #3893, .T. ) ;
#492 = CARTESIAN_POINT ( 'NONE',  ( 6.615229630905633762, 17.50000000000001776, -61.73081059152856653 ) ) ;
#493 = DIRECTION ( 'NONE',  ( -0.000000000000000000, 0.3420201433256680468, 0.9396926207859086499 ) ) ;
#494 = VECTOR ( 'NONE', #4758, 1000.000000000000000 ) ;
#495 = CARTESIAN_POINT ( 'NONE',  ( 6.192621042092567585, 17.50000000000000000, -61.98671546701856983 ) ) ;
#496 = CARTESIAN_POINT ( 'NONE',  ( -5.000000000000000000, -2.499999999999998668, -52.45000000000000995 ) ) ;
#497 = CARTESIAN_POINT ( 'NONE',  ( -21.26093059391478235, -50.40603726333650059, -135.3419229199134008 ) ) ;
#498 = ORIENTED_EDGE ( 'NONE', *, *, #3150, .T. ) ;
#499 = CARTESIAN_POINT ( 'NONE',  ( -7.781331206458379057, 15.50000000000000711, -59.29213859460244862 ) ) ;
#500 = CARTESIAN_POINT ( 'NONE',  ( 33.53600874421105971, -79.40918322104853644, -183.2331620515744532 ) ) ;
#501 = CARTESIAN_POINT ( 'NONE',  ( -7.319092930285410858, 17.50000000000000000, -61.03551111321502987 ) ) ;
#502 = CARTESIAN_POINT ( 'NONE',  ( -4.409661717254707014, 15.49999999999996625, -61.60943708908499872 ) ) ;
#503 = CARTESIAN_POINT ( 'NONE',  ( 6.000000000000000000, 47.86977054368165341, -26.53168124802698813 ) ) ;
#504 = DIRECTION ( 'NONE',  ( -0.000000000000000000, 0.000000000000000000, 1.000000000000000000 ) ) ;
#505 = APPROVAL_DATE_TIME ( #4677, #1733 ) ;
#506 = CARTESIAN_POINT ( 'NONE',  ( 16.38895404661582944, 17.50000000000000000, -49.74977245945358106 ) ) ;
#507 = ORIENTED_EDGE ( 'NONE', *, *, #5552, .T. ) ;
#508 = CARTESIAN_POINT ( 'NONE',  ( -26.06795717104245114, -76.37650669277370241, -176.9683622991518348 ) ) ;
#509 = ORIENTED_EDGE ( 'NONE', *, *, #6582, .F. ) ;
#510 = CARTESIAN_POINT ( 'NONE',  ( 15.48026334057331077, -17.50000000000000000, -52.49266155133522460 ) ) ;
#511 = CARTESIAN_POINT ( 'NONE',  ( -34.84392767575937455, -75.98727732708363192, -188.0892262966113435 ) ) ;
#512 = CARTESIAN_POINT ( 'NONE',  ( 34.93144720612030341, -48.74329729351309481, -198.0052240917729023 ) ) ;
#513 = EDGE_LOOP ( 'NONE', ( #1287, #4141, #5617, #4529 ) ) ;
#514 = PERSON_AND_ORGANIZATION ( #5299, #8168 ) ;
#515 = CARTESIAN_POINT ( 'NONE',  ( -14.91830300714779334, 17.50000000000001776, -29.05364004821307233 ) ) ;
#516 = CARTESIAN_POINT ( 'NONE',  ( -9.522096153076823555, -0.8715173882867781607, -61.65543891584956526 ) ) ;
#517 = CARTESIAN_POINT ( 'NONE',  ( 7.500000000000000000, -15.00000000000000000, -5.549999999999998934 ) ) ;
#518 = ORIENTED_EDGE ( 'NONE', *, *, #1745, .F. ) ;
#519 = CARTESIAN_POINT ( 'NONE',  ( -13.41254434815083485, 16.21356970472190895, -27.07804363594418007 ) ) ;
#520 = DIRECTION ( 'NONE',  ( -1.000000000000000000, 0.000000000000000000, 0.000000000000000000 ) ) ;
#521 = EDGE_CURVE ( 'NONE', #7556, #122, #5550, .T. ) ;
#522 = CARTESIAN_POINT ( 'NONE',  ( 10.86235874993250938, 10.49999999999997513, -28.22598286709742865 ) ) ;
#523 = CARTESIAN_POINT ( 'NONE',  ( 12.09677942462390732, 13.99438987663728007, -26.81286096686295295 ) ) ;
#524 = CARTESIAN_POINT ( 'NONE',  ( 34.84440972380296841, -41.36244618974562570, -206.0125230594721586 ) ) ;
#525 = CARTESIAN_POINT ( 'NONE',  ( -7.907007333363169188, 10.92242987047591463, -56.31284250843594208 ) ) ;
#526 = CARTESIAN_POINT ( 'NONE',  ( 5.000000000000000000, -2.499999999999998668, -54.00000000000000711 ) ) ;
#527 = CARTESIAN_POINT ( 'NONE',  ( 11.56716195449516604, 15.49999999999997158, -53.98922602224407541 ) ) ;
#528 = FACE_OUTER_BOUND ( 'NONE', #2512, .T. ) ;
#529 = ORIENTED_EDGE ( 'NONE', *, *, #6195, .T. ) ;
#530 = DIRECTION ( 'NONE',  ( 0.000000000000000000, 0.000000000000000000, 1.000000000000000000 ) ) ;
#531 = PLANE ( 'NONE',  #457 ) ;
#532 = CARTESIAN_POINT ( 'NONE',  ( 12.24394941966327899, 17.50000000000000000, -54.88924783391337314 ) ) ;
#533 = CARTESIAN_POINT ( 'NONE',  ( 15.42556103565063452, -19.10647403990783388, -126.2451743518196139 ) ) ;
#534 = CARTESIAN_POINT ( 'NONE',  ( 8.945655516162405618, 17.50000000000000355, -59.79535517827659419 ) ) ;
#535 = CARTESIAN_POINT ( 'NONE',  ( 14.48277687792452184, 17.49999999999999645, -27.45642272272421636 ) ) ;
#536 = CARTESIAN_POINT ( 'NONE',  ( -20.47889167611073802, -44.22295545845685183, -122.3544726565733072 ) ) ;
#537 = VERTEX_POINT ( 'NONE', #4374 ) ;
#538 = B_SPLINE_CURVE_WITH_KNOTS ( 'NONE', 3,
 ( #3212, #1762, #1065, #6638, #6035, #6813 ),
 .UNSPECIFIED., .F., .F.,
 ( 4, 2, 4 ),
 ( 4.322564584442486986E-05, 0.002561215145971663509, 0.005079204646098902168 ),
 .UNSPECIFIED. ) ;
#539 = CARTESIAN_POINT ( 'NONE',  ( 3.464583561700494752, -1.980662692588988971, -64.70279059432088786 ) ) ;
#540 = PLANE ( 'NONE',  #7105 ) ;
#541 = CARTESIAN_POINT ( 'NONE',  ( 29.10415005348921724, -73.18869815570148774, -170.3595840081244148 ) ) ;
#542 = CIRCLE ( 'NONE', #5654, 185.2684435961459712 ) ;
#543 = CARTESIAN_POINT ( 'NONE',  ( 12.92108522590897479, 15.50000000000000000, -50.75515661936272949 ) ) ;
#544 = CARTESIAN_POINT ( 'NONE',  ( -4.246715296026829733, 15.49999999999996447, -61.66926670738159544 ) ) ;
#545 = EDGE_CURVE ( 'NONE', #5708, #8078, #115, .T. ) ;
#546 = DIRECTION ( 'NONE',  ( 0.9284766908848792744, -0.3713906763541010014, 8.412925918871885691E-07 ) ) ;
#547 = CARTESIAN_POINT ( 'NONE',  ( 12.73372798515582005, 15.58676099213784916, -26.93904072084168888 ) ) ;
#548 = DATE_TIME_ROLE ( 'creation_date' ) ;
#549 = CARTESIAN_POINT ( 'NONE',  ( 13.57082781586426812, 17.50000000000000355, -56.68737985841011806 ) ) ;
#550 = CARTESIAN_POINT ( 'NONE',  ( -15.34275452200064471, -43.70338241684184055, -108.6383762506802526 ) ) ;
#551 = B_SPLINE_CURVE_WITH_KNOTS ( 'NONE', 3,
 ( #6057, #8853, #5296, #6018, #2508, #2680, #1266 ),
 .UNSPECIFIED., .F., .F.,
 ( 4, 3, 4 ),
 ( 0.000000000000000000, 1.210909228639841635E-05, 2.179964394939922496E-05 ),
 .UNSPECIFIED. ) ;
#552 = ORIENTED_EDGE ( 'NONE', *, *, #7070, .T. ) ;
#553 = CARTESIAN_POINT ( 'NONE',  ( 17.32783580641665466, -17.50000000000000000, -44.49619656964745928 ) ) ;
#554 = CARTESIAN_POINT ( 'NONE',  ( -34.99562448698965511, -68.75171153837999327, -201.3645345965335309 ) ) ;
#555 = CARTESIAN_POINT ( 'NONE',  ( 20.00000000000004263, -10.84567099018177849, -73.98781047989908188 ) ) ;
#556 = VERTEX_POINT ( 'NONE', #2220 ) ;
#557 = CARTESIAN_POINT ( 'NONE',  ( -72.36062219793511474, 46.94533634751270057, 26.00741039048114089 ) ) ;
#558 = VECTOR ( 'NONE', #1112, 1000.000000000000000 ) ;
#559 = CARTESIAN_POINT ( 'NONE',  ( -14.11406713826088577, 17.49999999999999645, -27.29539081668752942 ) ) ;
#560 = CARTESIAN_POINT ( 'NONE',  ( -7.091373182222322491, -0.2346615765639092910, -59.90569195369253919 ) ) ;
#561 = CARTESIAN_POINT ( 'NONE',  ( -11.87385478028265062, 15.50000000000000000, -52.73977888486256660 ) ) ;
#562 = ORIENTED_EDGE ( 'NONE', *, *, #7733, .T. ) ;
#563 = CARTESIAN_POINT ( 'NONE',  ( -8.924313447188689352, 5.828187225793528548, 29.60469481513686674 ) ) ;
#564 =( GEOMETRIC_REPRESENTATION_CONTEXT ( 3 ) GLOBAL_UNCERTAINTY_ASSIGNED_CONTEXT ( ( #6591 ) ) GLOBAL_UNIT_ASSIGNED_CONTEXT ( ( #3812, #7376, #3902 ) ) REPRESENTATION_CONTEXT ( 'NONE', 'WORKASPACE' ) );
#565 = AXIS2_PLACEMENT_3D ( 'NONE', #2548, #1744, #8185 ) ;
#566 = CARTESIAN_POINT ( 'NONE',  ( -4.389208628514801092, 17.50000000000000000, -62.67642186304716034 ) ) ;
#567 = CARTESIAN_POINT ( 'NONE',  ( -7.500000000000000000, -2.499999999999998668, -6.999999999999996447 ) ) ;
#568 = EDGE_CURVE ( 'NONE', #3727, #2940, #5817, .T. ) ;
#569 = CARTESIAN_POINT ( 'NONE',  ( 10.97917871928545885, 10.49999999999997513, -28.27037619564930893 ) ) ;
#570 = APPROVAL_PERSON_ORGANIZATION ( #5431, #7933, #7436 ) ;
#571 = CARTESIAN_POINT ( 'NONE',  ( -12.69897453663696218, 15.50000000000000178, -27.19590220947435100 ) ) ;
#572 = DIRECTION ( 'NONE',  ( -0.000000000000000000, 1.000000000000000000, -0.000000000000000000 ) ) ;
#573 = CARTESIAN_POINT ( 'NONE',  ( 9.710825047678669719, 15.49999999999996625, -57.28532991340689762 ) ) ;
#574 = EDGE_CURVE ( 'NONE', #4056, #259, #5102, .T. ) ;
#575 = DIRECTION ( 'NONE',  ( -1.000000000000000000, 0.000000000000000000, -3.469446951953613400E-15 ) ) ;
#576 = ORIENTED_EDGE ( 'NONE', *, *, #5633, .F. ) ;
#577 = CARTESIAN_POINT ( 'NONE',  ( -8.636781081671259130, -4.280549678716481843, -85.64070015681262760 ) ) ;
#578 = DIRECTION ( 'NONE',  ( 1.000000000000000000, -9.715448740014173108E-14, -0.000000000000000000 ) ) ;
#579 = CC_DESIGN_SECURITY_CLASSIFICATION ( #4234, ( #9056 ) ) ;
#580 = CARTESIAN_POINT ( 'NONE',  ( 7.779033540451171902, 17.50000000000000355, -60.87232834955441518 ) ) ;
#581 = CARTESIAN_POINT ( 'NONE',  ( 9.305397332368917418, 17.50000000000000000, -59.40940677536178072 ) ) ;
#582 = EDGE_CURVE ( 'NONE', #8857, #1805, #5849, .T. ) ;
#583 = DIRECTION ( 'NONE',  ( -1.000000000000000000, 0.000000000000000000, 3.886179496005642864E-14 ) ) ;
#584 = CARTESIAN_POINT ( 'NONE',  ( 14.75310620715953824, 17.49999999999999645, -27.92305555397907213 ) ) ;
#585 = ADVANCED_FACE ( 'NONE', ( #6387 ), #220, .T. ) ;
#586 = ORIENTED_EDGE ( 'NONE', *, *, #295, .F. ) ;
#587 = EDGE_LOOP ( 'NONE', ( #1952, #1840, #693, #2424 ) ) ;
#588 = CARTESIAN_POINT ( 'NONE',  ( -8.770887374483692156, 15.50000000000000355, -58.19465101660725992 ) ) ;
#589 = DIRECTION ( 'NONE',  ( 0.000000000000000000, -0.000000000000000000, -1.000000000000000000 ) ) ;
#590 = CARTESIAN_POINT ( 'NONE',  ( 34.46091077667367841, -80.56668862526070996, -185.6195761252715783 ) ) ;
#591 = EDGE_CURVE ( 'NONE', #411, #4250, #2629, .T. ) ;
#592 = CARTESIAN_POINT ( 'NONE',  ( 12.38600587733527014, 15.50000000000000355, -52.14104992089855983 ) ) ;
#593 = CARTESIAN_POINT ( 'NONE',  ( -2.596147107898911788, 15.49999999999996092, -61.99999207101316756 ) ) ;
#594 = CARTESIAN_POINT ( 'NONE',  ( 6.530855928433048518, 2.859069776794089801, -59.37615583082583726 ) ) ;
#595 = CARTESIAN_POINT ( 'NONE',  ( 14.24544764520060269, 15.50000000000000000, -29.46433313067466031 ) ) ;
#596 = AXIS2_PLACEMENT_3D ( 'NONE', #7709, #4053, #8364 ) ;
#597 = MECHANICAL_CONTEXT ( 'NONE', #486, 'mechanical' ) ;
#598 = CARTESIAN_POINT ( 'NONE',  ( 14.17411205002659891, 17.50000000000000000, -55.49493356838663516 ) ) ;
#599 = ORIENTED_EDGE ( 'NONE', *, *, #2286, .T. ) ;
#600 = CARTESIAN_POINT ( 'NONE',  ( -23.01321159950612127, -71.80670061010138738, -167.4877995801080317 ) ) ;
#601 = EDGE_CURVE ( 'NONE', #3302, #6075, #8176, .T. ) ;
#602 = ORIENTED_EDGE ( 'NONE', *, *, #6181, .F. ) ;
#603 = CARTESIAN_POINT ( 'NONE',  ( 0.000000000000000000, 8.184419670604349051, 25.52033206044445990 ) ) ;
#604 = CIRCLE ( 'NONE', #2233, 5.000000000000000000 ) ;
#605 = CARTESIAN_POINT ( 'NONE',  ( -34.72382355168821277, -38.48283812885084387, -201.7397258176127934 ) ) ;
#606 = CARTESIAN_POINT ( 'NONE',  ( 20.00000000000001776, -28.64860471133523134, -105.4684140561665515 ) ) ;
#607 = ORIENTED_EDGE ( 'NONE', *, *, #8866, .T. ) ;
#608 = EDGE_CURVE ( 'NONE', #4081, #3926, #4003, .T. ) ;
#609 = APPROVAL_ROLE ( '' ) ;
#610 = APPLICATION_CONTEXT ( 'configuration controlled 3d designs of mechanical parts and assemblies' ) ;
#611 = AXIS2_PLACEMENT_3D ( 'NONE', #5250, #5887, #6531 ) ;
#612 = CARTESIAN_POINT ( 'NONE',  ( -13.49927676203944671, 17.49999999999999645, -26.57612139124537620 ) ) ;
#613 = LINE ( 'NONE', #8930, #842 ) ;
#614 = FACE_OUTER_BOUND ( 'NONE', #7568, .T. ) ;
#615 = ORIENTED_EDGE ( 'NONE', *, *, #574, .F. ) ;
#616 = CARTESIAN_POINT ( 'NONE',  ( 6.000000000000000000, 2.614672282429763239, 29.88584094275234904 ) ) ;
#617 = DIRECTION ( 'NONE',  ( 1.862979256547985243E-16, 0.9396926207859086499, -0.3420201433256680468 ) ) ;
#618 = CARTESIAN_POINT ( 'NONE',  ( -18.98092060897733191, -22.97980231608806889, -69.64370124880477420 ) ) ;
#619 = DIRECTION ( 'NONE',  ( 0.000000000000000000, 0.000000000000000000, 1.000000000000000000 ) ) ;
#620 = DIRECTION ( 'NONE',  ( 0.000000000000000000, 0.000000000000000000, -1.000000000000000000 ) ) ;
#621 = CARTESIAN_POINT ( 'NONE',  ( 10.25849755273674901, 15.49999999999996803, -56.44551300432979701 ) ) ;
#622 = ORIENTED_EDGE ( 'NONE', *, *, #6501, .F. ) ;
#623 = DIRECTION ( 'NONE',  ( 1.000000000000000000, 0.000000000000000000, -0.000000000000000000 ) ) ;
#624 = ORIENTED_EDGE ( 'NONE', *, *, #8585, .T. ) ;
#625 = CARTESIAN_POINT ( 'NONE',  ( 6.000000000000000000, 47.21989972959759996, -28.22288202021100645 ) ) ;
#626 = CARTESIAN_POINT ( 'NONE',  ( -2.972293729198319134, -17.50000000000000000, -65.00000020697903835 ) ) ;
#627 = CARTESIAN_POINT ( 'NONE',  ( 20.41614843496486742, -24.52418550469763403, -125.5753846237593621 ) ) ;
#628 = DATE_AND_TIME ( #8318, #5391 ) ;
#629 = FACE_OUTER_BOUND ( 'NONE', #1469, .T. ) ;
#630 = CARTESIAN_POINT ( 'NONE',  ( 15.24014030015997179, 17.50000000000001066, -29.34207184590080075 ) ) ;
#631 = ORIENTED_EDGE ( 'NONE', *, *, #6096, .T. ) ;
#632 = CARTESIAN_POINT ( 'NONE',  ( -35.29465142165062730, -76.99333646055295333, -189.0390147935851530 ) ) ;
#633 = VERTEX_POINT ( 'NONE', #6700 ) ;
#634 = CARTESIAN_POINT ( 'NONE',  ( 4.696905735239843338, -2.910809398198551889, -67.25834766475645665 ) ) ;
#635 = DIRECTION ( 'NONE',  ( 0.000000000000000000, 0.000000000000000000, 1.000000000000000000 ) ) ;
#636 = EDGE_CURVE ( 'NONE', #2203, #8268, #5977, .T. ) ;
#637 = CARTESIAN_POINT ( 'NONE',  ( 20.97361091427157120, -50.41059516903401061, -122.7312416639931740 ) ) ;
#638 = AXIS2_PLACEMENT_3D ( 'NONE', #2109, #5666, #2062 ) ;
#639 = CARTESIAN_POINT ( 'NONE',  ( -4.825765772587849334, 17.50000000000000355, -62.52044299410857064 ) ) ;
#640 = CARTESIAN_POINT ( 'NONE',  ( -6.451889211285659620, 15.49999999999997335, -60.44308224484920800 ) ) ;
#641 = CARTESIAN_POINT ( 'NONE',  ( -7.401879040722716852, -2.499999999999995115, -57.56321300287648768 ) ) ;
#642 = CARTESIAN_POINT ( 'NONE',  ( -10.69897425704220417, 10.49999999999996980, -27.50447076303537131 ) ) ;
#643 = CARTESIAN_POINT ( 'NONE',  ( -12.94008766409608313, 15.50000000000000000, -27.43210664946991528 ) ) ;
#644 = APPROVAL_DATE_TIME ( #5489, #8763 ) ;
#645 = CARTESIAN_POINT ( 'NONE',  ( 6.578551682782429744, 17.50000000000000000, -64.04682549369240974 ) ) ;
#646 = EDGE_LOOP ( 'NONE', ( #2886, #3990, #5935, #4750 ) ) ;
#647 = FACE_OUTER_BOUND ( 'NONE', #7602, .T. ) ;
#648 = ORIENTED_EDGE ( 'NONE', *, *, #7817, .T. ) ;
#649 = CARTESIAN_POINT ( 'NONE',  ( 11.23284305700060770, -17.50000000000000000, -60.25307344431620749 ) ) ;
#650 = CARTESIAN_POINT ( 'NONE',  ( 3.129561398955070572, 15.49999999999999822, -61.97742944409263544 ) ) ;
#651 = CARTESIAN_POINT ( 'NONE',  ( 20.82794399698344989, -30.05293333138279976, -151.6768718137267911 ) ) ;
#652 = VERTEX_POINT ( 'NONE', #6615 ) ;
#653 = CARTESIAN_POINT ( 'NONE',  ( -95.86062219793510053, -9.961946980917470995, 0.8715574274766290097 ) ) ;
#654 = CARTESIAN_POINT ( 'NONE',  ( -14.24316591771996166, 17.49999999999998934, -27.48481983366666270 ) ) ;
#655 = CARTESIAN_POINT ( 'NONE',  ( 34.99999999999999289, -85.66317863882392203, -195.2092639541992014 ) ) ;
#656 = CARTESIAN_POINT ( 'NONE',  ( 20.00000000000000355, -20.07818333825529677, -70.62745079770515133 ) ) ;
#657 = ORIENTED_EDGE ( 'NONE', *, *, #5914, .F. ) ;
#658 = ADVANCED_FACE ( 'NONE', ( #1782 ), #3964, .T. ) ;
#659 = CARTESIAN_POINT ( 'NONE',  ( -6.742440933211475418, 8.977367099689015362, 29.32917727676700537 ) ) ;
#660 = EDGE_CURVE ( 'NONE', #3560, #1408, #4698, .T. ) ;
#661 = CARTESIAN_POINT ( 'NONE',  ( -4.766832784814655000, 17.49999999999999645, -62.54351820058425204 ) ) ;
#662 = CARTESIAN_POINT ( 'NONE',  ( -10.67958657588151716, 10.49999999999996803, -28.25434199025902515 ) ) ;
#663 = CARTESIAN_POINT ( 'NONE',  ( 10.80281387603227294, 10.49999999999997513, -28.20605623516456006 ) ) ;
#664 = CARTESIAN_POINT ( 'NONE',  ( -15.74633268142110865, -21.88202158625163563, -136.9442864151393451 ) ) ;
#665 = CARTESIAN_POINT ( 'NONE',  ( -10.36736189939737507, 11.00928882406409492, -51.72441152467923331 ) ) ;
#666 = DIRECTION ( 'NONE',  ( 0.000000000000000000, -1.847366170628340116E-15, 1.000000000000000000 ) ) ;
#667 = CARTESIAN_POINT ( 'NONE',  ( 12.04541737157296666, 15.49999999999997158, -52.93826852956886597 ) ) ;
#668 = CARTESIAN_POINT ( 'NONE',  ( -20.27976928568568127, -20.78851706457651360, -111.5509961692513343 ) ) ;
#669 = CARTESIAN_POINT ( 'NONE',  ( 1.999999999999969580, 69.73362886642219394, -6.100901992336143387 ) ) ;
#670 = ORIENTED_EDGE ( 'NONE', *, *, #5821, .F. ) ;
#671 = LINE ( 'NONE', #5426, #2142 ) ;
#672 = CARTESIAN_POINT ( 'NONE',  ( -8.408382423998494559, 17.50000000000000000, -60.07557825980257604 ) ) ;
#673 = CARTESIAN_POINT ( 'NONE',  ( 19.39509681157591459, -29.34966812445325601, -165.8559449838044202 ) ) ;
#674 = CARTESIAN_POINT ( 'NONE',  ( 11.57420138073057814, 17.50000000000000000, -56.17361444253982228 ) ) ;
#675 = CARTESIAN_POINT ( 'NONE',  ( -14.99999999999999822, -6.001819538171618618, -75.75082822763786794 ) ) ;
#676 = CARTESIAN_POINT ( 'NONE',  ( 13.30857325254076429, 17.49999999999999645, -26.18632546567713248 ) ) ;
#677 = ORIENTED_EDGE ( 'NONE', *, *, #3422, .F. ) ;
#678 = ORIENTED_EDGE ( 'NONE', *, *, #3307, .F. ) ;
#679 = ORIENTED_EDGE ( 'NONE', *, *, #2283, .T. ) ;
#680 = CARTESIAN_POINT ( 'NONE',  ( -10.42216820841147396, 15.50000000000000355, -55.72495641005084366 ) ) ;
#681 = DIRECTION ( 'NONE',  ( -0.000000000000000000, -1.000000000000000000, 0.000000000000000000 ) ) ;
#682 = ADVANCED_FACE ( 'NONE', ( #6051 ), #8126, .T. ) ;
#683 = CARTESIAN_POINT ( 'NONE',  ( 11.41719919481510814, -2.499999999999995115, -28.34780130678841914 ) ) ;
#684 = CARTESIAN_POINT ( 'NONE',  ( -4.387579959840818056, 17.50000000000000000, -62.67889937711971982 ) ) ;
#685 = DIRECTION ( 'NONE',  ( -1.000000000000000000, -0.000000000000000000, 0.000000000000000000 ) ) ;
#686 = CARTESIAN_POINT ( 'NONE',  ( 15.48026334057331077, -17.50000000000000000, -52.49266155133522460 ) ) ;
#687 = CARTESIAN_POINT ( 'NONE',  ( -11.58684709268373858, 15.50000000000000178, -26.46699574553922574 ) ) ;
#688 = ADVANCED_FACE ( 'NONE', ( #356 ), #8847, .F. ) ;
#689 = CARTESIAN_POINT ( 'NONE',  ( 15.13492649711062477, 17.49999999999999645, -53.34194484281186988 ) ) ;
#690 = ORIENTED_EDGE ( 'NONE', *, *, #3512, .T. ) ;
#691 = DIRECTION ( 'NONE',  ( 0.000000000000000000, -0.3420201433256652157, 0.9396926207859097602 ) ) ;
#692 = CIRCLE ( 'NONE', #2007, 2.999999999999995559 ) ;
#693 = ORIENTED_EDGE ( 'NONE', *, *, #7203, .F. ) ;
#694 = CARTESIAN_POINT ( 'NONE',  ( -19.96154872784471479, -10.14336468773066713, -74.38292624945091802 ) ) ;
#695 = CARTESIAN_POINT ( 'NONE',  ( 36.99999999999999289, -38.67854759952773946, -212.3102711204828665 ) ) ;
#696 =( BOUNDED_CURVE ( )  B_SPLINE_CURVE ( 3, ( #7241, #3896, #6682, #424 ),
 .UNSPECIFIED., .F., .T. ) 
 B_SPLINE_CURVE_WITH_KNOTS ( ( 4, 4 ),
 ( 3.141592653589793116, 3.926990816987240063 ),
 .UNSPECIFIED. ) 
 CURVE ( )  GEOMETRIC_REPRESENTATION_ITEM ( )  RATIONAL_B_SPLINE_CURVE ( ( 1.000000000000000000, 0.9492530216741912330, 0.9492530216741912330, 1.000000000000000000 ) ) 
 REPRESENTATION_ITEM ( '' )  );
#697 = EDGE_CURVE ( 'NONE', #1703, #2607, #5272, .T. ) ;
#698 = CARTESIAN_POINT ( 'NONE',  ( 20.16302335543611335, -21.31415534144925061, -108.1379353115373476 ) ) ;
#699 = EDGE_LOOP ( 'NONE', ( #3081, #6323, #1043, #866 ) ) ;
#700 = APPROVAL_DATE_TIME ( #1438, #6295 ) ;
#701 = CARTESIAN_POINT ( 'NONE',  ( 15.05113269108239393, 17.49999999999999645, -46.56948225718276291 ) ) ;
#702 = AXIS2_PLACEMENT_3D ( 'NONE', #7153, #4462, #7108 ) ;
#703 = CARTESIAN_POINT ( 'NONE',  ( 20.42587395186934884, -43.05252084947908031, -119.8788298478937833 ) ) ;
#704 = CARTESIAN_POINT ( 'NONE',  ( -5.806605744230253663, 17.50000000000000000, -64.27999585795984672 ) ) ;
#705 = VERTEX_POINT ( 'NONE', #441 ) ;
#706 = EDGE_CURVE ( 'NONE', #6168, #7240, #2583, .T. ) ;
#707 = EDGE_LOOP ( 'NONE', ( #4119, #2864, #1823, #3285, #1111 ) ) ;
#708 = DIRECTION ( 'NONE',  ( 0.000000000000000000, -0.9961946980917455452, 0.08715574274765895690 ) ) ;
#709 = TOROIDAL_SURFACE ( 'NONE', #5375, 17.99999999999999645, 2.000000000000000000 ) ;
#710 = CARTESIAN_POINT ( 'NONE',  ( 11.21789167823480504, 15.50000000000000000, -26.24398691475617795 ) ) ;
#711 = CARTESIAN_POINT ( 'NONE',  ( -7.500000000000000000, -15.00000000000000000, -4.000000000000000888 ) ) ;
#712 = CARTESIAN_POINT ( 'NONE',  ( -15.42447253846098576, -19.12491024793708760, -126.3162120330741374 ) ) ;
#713 = CARTESIAN_POINT ( 'NONE',  ( -12.26967145349126653, -2.499999999999995115, -43.29999102047115400 ) ) ;
#714 = CARTESIAN_POINT ( 'NONE',  ( -19.99999999999999645, -10.71930815380612145, -74.03380279105724071 ) ) ;
#715 = CARTESIAN_POINT ( 'NONE',  ( 11.99360739776582818, 15.49999999999997158, -53.05568799595824458 ) ) ;
#716 = AXIS2_PLACEMENT_3D ( 'NONE', #8802, #5241, #6046 ) ;
#717 = VECTOR ( 'NONE', #5537, 1000.000000000000000 ) ;
#718 = EDGE_CURVE ( 'NONE', #6084, #4633, #6013, .T. ) ;
#719 = DIRECTION ( 'NONE',  ( -1.000000000000000000, -0.000000000000000000, -0.000000000000000000 ) ) ;
#720 = ORIENTED_EDGE ( 'NONE', *, *, #7199, .T. ) ;
#721 = CARTESIAN_POINT ( 'NONE',  ( 15.43939209602808305, -19.44237996865292928, -127.5394740396879314 ) ) ;
#722 = EDGE_CURVE ( 'NONE', #1913, #7938, #5561, .T. ) ;
#723 = LOCAL_TIME ( 17, 12, 35.00000000000000000, #4929 ) ;
#724 = CARTESIAN_POINT ( 'NONE',  ( 11.99380409719938179, 17.50000000000000000, -55.38739073612560304 ) ) ;
#725 = DIRECTION ( 'NONE',  ( -1.000000000000000000, 0.000000000000000000, -0.000000000000000000 ) ) ;
#726 = CARTESIAN_POINT ( 'NONE',  ( -3.464583561716307436, -1.980662692581326212, -64.70279059432908753 ) ) ;
#727 = CARTESIAN_POINT ( 'NONE',  ( -19.99999999999999645, -20.07818333825522572, -70.62745079770516554 ) ) ;
#728 = ORIENTED_EDGE ( 'NONE', *, *, #1717, .F. ) ;
#729 = ORIENTED_EDGE ( 'NONE', *, *, #8120, .T. ) ;
#730 = CARTESIAN_POINT ( 'NONE',  ( -14.06968505842763584, 15.50000000000000000, -43.79833629097610981 ) ) ;
#731 = FACE_OUTER_BOUND ( 'NONE', #8165, .T. ) ;
#732 = APPROVAL_PERSON_ORGANIZATION ( #38, #8376, #7665 ) ;
#733 = CARTESIAN_POINT ( 'NONE',  ( -30.97249169936671720, -81.86839889871119169, -188.3411431046265250 ) ) ;
#734 = CARTESIAN_POINT ( 'NONE',  ( 36.99999999999999289, -41.07268860280741762, -218.8881194659842322 ) ) ;
#735 = CARTESIAN_POINT ( 'NONE',  ( -14.99999999999999822, -19.66536980400483614, -54.81503604933586615 ) ) ;
#736 = CARTESIAN_POINT ( 'NONE',  ( 15.26070556080491336, -17.50000000000000000, -53.04641185786098134 ) ) ;
#737 = CARTESIAN_POINT ( 'NONE',  ( 11.74511135081953483, 17.50000000000000000, -59.59052548008605754 ) ) ;
#738 = DIRECTION ( 'NONE',  ( 0.000000000000000000, 0.000000000000000000, 1.000000000000000000 ) ) ;
#739 = ORIENTED_EDGE ( 'NONE', *, *, #4206, .F. ) ;
#740 = CARTESIAN_POINT ( 'NONE',  ( -17.51393618564383559, -6.633604601095318465, -75.54032755311050096 ) ) ;
#741 = CARTESIAN_POINT ( 'NONE',  ( 7.500000000000000000, -15.00000000000000000, -32.00000000000000000 ) ) ;
#742 = LINE ( 'NONE', #4406, #6731 ) ;
#743 = ORIENTED_EDGE ( 'NONE', *, *, #1684, .F. ) ;
#744 = EDGE_CURVE ( 'NONE', #7408, #6711, #8072, .T. ) ;
#745 = CIRCLE ( 'NONE', #2498, 5.000000000000000888 ) ;
#746 = DATE_AND_TIME ( #7687, #6839 ) ;
#747 = CARTESIAN_POINT ( 'NONE',  ( 19.99999999999997158, -10.65476193458946064, -74.11604536897111473 ) ) ;
#748 = CARTESIAN_POINT ( 'NONE',  ( 20.13645911811601863, -29.35634808713817989, -90.59071793512914894 ) ) ;
#749 = CARTESIAN_POINT ( 'NONE',  ( -5.592262800155563873, 17.50000000000000355, -64.36861274466185989 ) ) ;
#750 = VECTOR ( 'NONE', #1506, 1000.000000000000000 ) ;
#751 = ORIENTED_EDGE ( 'NONE', *, *, #1541, .F. ) ;
#752 = CARTESIAN_POINT ( 'NONE',  ( -6.000000000000000000, 5.341861949833777601, -59.03741846139588034 ) ) ;
#753 = AXIS2_PLACEMENT_3D ( 'NONE', #5159, #3189, #5076 ) ;
#754 = CARTESIAN_POINT ( 'NONE',  ( -10.69230203833199866, 10.49999999999997513, -28.25951499993946214 ) ) ;
#755 = CARTESIAN_POINT ( 'NONE',  ( 13.29785035942981253, 15.50000000000000000, -27.54217752243431505 ) ) ;
#756 = CARTESIAN_POINT ( 'NONE',  ( -19.84231687231611119, -21.35186282302547056, -70.30064111271316563 ) ) ;
#757 = CARTESIAN_POINT ( 'NONE',  ( -6.946242451902421955, 10.49999999999997158, -57.25957606940000488 ) ) ;
#758 = LINE ( 'NONE', #3546, #1251 ) ;
#759 = CARTESIAN_POINT ( 'NONE',  ( -12.64693654105929532, 14.71135591160416034, -27.58212610947731491 ) ) ;
#760 = CARTESIAN_POINT ( 'NONE',  ( 9.716333739808844072, 11.00276033510594331, -53.69268806193954191 ) ) ;
#761 = ORIENTED_EDGE ( 'NONE', *, *, #1745, .T. ) ;
#762 = APPROVAL ( #790, 'ๆช' ) ;
#763 = CARTESIAN_POINT ( 'NONE',  ( -13.51681796584050232, -17.50000000000000000, -56.30993232680393135 ) ) ;
#764 = CARTESIAN_POINT ( 'NONE',  ( -6.735528677139630993, 17.50000000000001776, -61.47494546972319540 ) ) ;
#765 = CARTESIAN_POINT ( 'NONE',  ( 33.05902532315716513, -37.30399762595394719, -197.0574892101186606 ) ) ;
#766 = PERSON_AND_ORGANIZATION_ROLE ( 'design_owner' ) ;
#767 = CARTESIAN_POINT ( 'NONE',  ( 11.31284726634150317, 17.50000000000000000, -56.63170135023195684 ) ) ;
#768 = CARTESIAN_POINT ( 'NONE',  ( 11.00000000000000000, -0.2413635280913868919, -59.89577447623747730 ) ) ;
#769 = CARTESIAN_POINT ( 'NONE',  ( 14.25706333890291688, 15.49999999999997691, -29.52668636787220180 ) ) ;
#770 = CARTESIAN_POINT ( 'NONE',  ( -12.70493312064912850, -32.57369020794619985, -178.2315155235833402 ) ) ;
#771 = EDGE_CURVE ( 'NONE', #3758, #7219, #7961, .T. ) ;
#772 = VERTEX_POINT ( 'NONE', #8636 ) ;
#773 = DIRECTION ( 'NONE',  ( -0.000000000000000000, 1.000000000000000000, -0.000000000000000000 ) ) ;
#774 = CARTESIAN_POINT ( 'NONE',  ( -7.500000000000000000, -2.499999999999998668, -4.000000000000000888 ) ) ;
#775 = CARTESIAN_POINT ( 'NONE',  ( 12.47995346852896148, -2.499999999999995115, -29.55917684159350856 ) ) ;
#776 = CC_DESIGN_PERSON_AND_ORGANIZATION_ASSIGNMENT ( #3487, #4862, ( #282 ) ) ;
#777 = CARTESIAN_POINT ( 'NONE',  ( -5.000000000000000000, -2.499999999999998668, -54.00000000000000711 ) ) ;
#778 = CARTESIAN_POINT ( 'NONE',  ( -2.370661196449486585, 17.50000000000000000, -62.99999999999944578 ) ) ;
#779 = LINE ( 'NONE', #3610, #3556 ) ;
#780 = APPROVAL_DATE_TIME ( #1428, #6183 ) ;
#781 = SPHERICAL_SURFACE ( 'NONE', #4349, 5.000000000000000000 ) ;
#782 = CARTESIAN_POINT ( 'NONE',  ( 7.581996191770036475, -0.02355718691826030886, -59.30674613813719276 ) ) ;
#783 = CIRCLE ( 'NONE', #2823, 5.000000000000000000 ) ;
#784 = ORIENTED_EDGE ( 'NONE', *, *, #5581, .F. ) ;
#785 = DIRECTION ( 'NONE',  ( 0.000000000000000000, -1.000000000000000000, 0.000000000000000000 ) ) ;
#786 = LINE ( 'NONE', #98, #6383 ) ;
#787 = CARTESIAN_POINT ( 'NONE',  ( -15.00543075502018908, 17.50000000000000355, -44.85217733430620513 ) ) ;
#788 = ORIENTED_EDGE ( 'NONE', *, *, #2308, .T. ) ;
#789 = EDGE_CURVE ( 'NONE', #652, #3682, #4831, .T. ) ;
#790 = APPROVAL_STATUS ( 'not_yet_approved' ) ;
#791 = CARTESIAN_POINT ( 'NONE',  ( 15.25567649796214020, 17.50000000000000000, -44.94621712580468653 ) ) ;
#792 = CARTESIAN_POINT ( 'NONE',  ( -6.000000000000001776, 57.18184671051506029, -29.09443944768759849 ) ) ;
#793 = AXIS2_PLACEMENT_3D ( 'NONE', #6417, #6462, #4320 ) ;
#794 = CARTESIAN_POINT ( 'NONE',  ( -2.370661744665771398, 17.50000000000000000, -64.99999999999958789 ) ) ;
#795 = ORIENTED_EDGE ( 'NONE', *, *, #6397, .F. ) ;
#796 = CARTESIAN_POINT ( 'NONE',  ( 29.68410705484173917, -80.89787048455848151, -186.3019165546994032 ) ) ;
#797 = CARTESIAN_POINT ( 'NONE',  ( 5.935075998554211196, 10.49999999999996980, -58.50291914988675757 ) ) ;
#798 = CARTESIAN_POINT ( 'NONE',  ( -2.903388961981030914, 17.49999999999999645, -62.98297890840966318 ) ) ;
#799 = CARTESIAN_POINT ( 'NONE',  ( -10.72332621626834026, 10.49999999999997158, -28.27230598127093941 ) ) ;
#800 = CARTESIAN_POINT ( 'NONE',  ( 11.09674944301686139, 15.50000000000000178, -26.21147065378894681 ) ) ;
#801 = CARTESIAN_POINT ( 'NONE',  ( -16.61541316246017885, -24.55580444974183507, -69.00190939356031095 ) ) ;
#802 = DIRECTION ( 'NONE',  ( 1.000000000000000000, -0.000000000000000000, -0.000000000000000000 ) ) ;
#803 = CARTESIAN_POINT ( 'NONE',  ( -6.806596366128275122, 10.49999999999997158, -57.41713260697900978 ) ) ;
#804 = CARTESIAN_POINT ( 'NONE',  ( 15.05979928440413751, -8.764993034204014322, -86.39778110162163216 ) ) ;
#805 = CARTESIAN_POINT ( 'NONE',  ( -10.71862182145276421, 10.54911935785803578, -27.70172557159440174 ) ) ;
#806 = CARTESIAN_POINT ( 'NONE',  ( -19.99999999999999645, -24.79567195388978362, -68.91042536112449568 ) ) ;
#807 = CARTESIAN_POINT ( 'NONE',  ( -19.98442666669600953, -5.663688625636945417, -74.44795531858484594 ) ) ;
#808 = CARTESIAN_POINT ( 'NONE',  ( -36.57609477617180715, -83.15153915768863158, -190.9451939777811731 ) ) ;
#809 = DIRECTION ( 'NONE',  ( 0.000000000000000000, 0.000000000000000000, 1.000000000000000000 ) ) ;
#810 = VERTEX_POINT ( 'NONE', #2223 ) ;
#811 = EDGE_CURVE ( 'NONE', #772, #8657, #4279, .T. ) ;
#812 = EDGE_CURVE ( 'NONE', #42, #96, #1955, .T. ) ;
#813 = CARTESIAN_POINT ( 'NONE',  ( 29.81753050519758474, -38.57113708086782111, -202.0910032539776466 ) ) ;
#814 = PERSON_AND_ORGANIZATION ( #5299, #8168 ) ;
#815 = CARTESIAN_POINT ( 'NONE',  ( 11.41104160220204555, 17.50000000000000711, -56.46333176594849590 ) ) ;
#816 = CARTESIAN_POINT ( 'NONE',  ( 34.72382355168826251, -80.89787048455796992, -186.3019165546986073 ) ) ;
#817 = CARTESIAN_POINT ( 'NONE',  ( 17.06201840009488180, -15.00327994369797402, -110.4349061084816981 ) ) ;
#818 = CARTESIAN_POINT ( 'NONE',  ( -13.96657165734347039, 15.50000000000000000, -45.27894913385479470 ) ) ;
#819 = CARTESIAN_POINT ( 'NONE',  ( 14.54209768616189180, 17.34307344096483305, -27.66402892980676853 ) ) ;
#820 = CARTESIAN_POINT ( 'NONE',  ( 34.89303292728537542, -76.50766901885761229, -188.0805693209475464 ) ) ;
#821 = ORIENTED_EDGE ( 'NONE', *, *, #4571, .F. ) ;
#822 = DIRECTION ( 'NONE',  ( -0.000000000000000000, 1.000000000000000000, -0.000000000000000000 ) ) ;
#823 = CARTESIAN_POINT ( 'NONE',  ( -2.370661744665654602, 15.50000000000000178, -61.99999999999958078 ) ) ;
#824 = DATE_AND_TIME ( #5625, #6706 ) ;
#825 = CARTESIAN_POINT ( 'NONE',  ( -12.69275252566688472, 15.49999999999996980, -27.19023362270533184 ) ) ;
#826 = FACE_OUTER_BOUND ( 'NONE', #5474, .T. ) ;
#827 = CARTESIAN_POINT ( 'NONE',  ( -11.62662932508998104, 17.50000000000001421, -55.59991393072419186 ) ) ;
#828 = AXIS2_PLACEMENT_3D ( 'NONE', #625, #2634, #4833 ) ;
#829 = VERTEX_POINT ( 'NONE', #163 ) ;
#830 = LINE ( 'NONE', #6270, #5238 ) ;
#831 = CARTESIAN_POINT ( 'NONE',  ( 34.99999999999999289, -40.55793284109955721, -211.6262308338315279 ) ) ;
#832 = CARTESIAN_POINT ( 'NONE',  ( -14.88134771108634524, 17.50000000000000000, -45.98805347641153674 ) ) ;
#833 = EDGE_LOOP ( 'NONE', ( #2487, #3857, #9025, #3251, #6505, #3265 ) ) ;
#834 = PERSON_AND_ORGANIZATION ( #5299, #8168 ) ;
#835 = CARTESIAN_POINT ( 'NONE',  ( 13.97680085911365389, 17.49999999999999645, -50.76760697562185953 ) ) ;
#836 = CARTESIAN_POINT ( 'NONE',  ( -6.530855928433051183, 2.859069776794019191, -59.37615583082593673 ) ) ;
#837 = CARTESIAN_POINT ( 'NONE',  ( -13.79899774903238274, 17.50000000000000711, -55.73464423876554008 ) ) ;
#838 = VERTEX_POINT ( 'NONE', #1546 ) ;
#839 = ORIENTED_EDGE ( 'NONE', *, *, #706, .T. ) ;
#840 = DIRECTION ( 'NONE',  ( 1.000000000000000000, 0.000000000000000000, -0.000000000000000000 ) ) ;
#841 = CARTESIAN_POINT ( 'NONE',  ( 4.712937673933460303, 10.49999999999997158, -59.37743022846748886 ) ) ;
#842 = VECTOR ( 'NONE', #7690, 1000.000000000000227 ) ;
#843 = CARTESIAN_POINT ( 'NONE',  ( -3.685895869471774944, 17.50000000000000711, -62.86406563484941756 ) ) ;
#844 = CARTESIAN_POINT ( 'NONE',  ( 12.49295302550800102, 15.50000000000000000, -26.82725758994870091 ) ) ;
#845 = CARTESIAN_POINT ( 'NONE',  ( 15.00000000000000355, 2.614672282429763239, 29.88584094275234904 ) ) ;
#846 = CARTESIAN_POINT ( 'NONE',  ( -8.452559839905708472, 10.49999999999996803, -55.13942284393790061 ) ) ;
#847 = CARTESIAN_POINT ( 'NONE',  ( 15.14331967374206478, -11.52812533958751118, -97.04457526139589163 ) ) ;
#848 = CARTESIAN_POINT ( 'NONE',  ( 6.000000000000000000, 3.234777356430490691, 24.81248959086564909 ) ) ;
#849 = CARTESIAN_POINT ( 'NONE',  ( 13.90984828089469971, 15.49999999999996980, -47.27397135962321784 ) ) ;
#850 = CARTESIAN_POINT ( 'NONE',  ( -20.86387869977344778, -19.28433856924354473, -126.9305150531935311 ) ) ;
#851 = CARTESIAN_POINT ( 'NONE',  ( -30.08418492239235320, -81.36863930634162045, -187.2718507192665527 ) ) ;
#852 = FACE_OUTER_BOUND ( 'NONE', #7730, .T. ) ;
#853 = ORIENTED_EDGE ( 'NONE', *, *, #660, .F. ) ;
#854 = EDGE_CURVE ( 'NONE', #6, #6978, #4423, .T. ) ;
#855 = CARTESIAN_POINT ( 'NONE',  ( 30.28533802556658472, -38.87646434712262078, -203.3056788179833063 ) ) ;
#856 = CARTESIAN_POINT ( 'NONE',  ( -20.03121583114234738, -30.74308178944734493, -104.7060867433801263 ) ) ;
#857 = PRODUCT ( 'XC-02', 'XC-02', '', ( #1488 ) ) ;
#858 = CONTEXT_DEPENDENT_SHAPE_REPRESENTATION ( #8266, #6480 ) ;
#859 = CARTESIAN_POINT ( 'NONE',  ( 15.33307667246045725, -24.79494961202467351, -68.90890761193955427 ) ) ;
#860 = CARTESIAN_POINT ( 'NONE',  ( 12.48663995750958478, -2.499999999999995115, -46.53462461894602598 ) ) ;
#861 = AXIS2_PLACEMENT_3D ( 'NONE', #6220, #4072, #1931 ) ;
#862 = CARTESIAN_POINT ( 'NONE',  ( -20.40545232768669948, -42.17239446513303136, -118.0005056092624613 ) ) ;
#863 = ORIENTED_EDGE ( 'NONE', *, *, #811, .F. ) ;
#864 = LINE ( 'NONE', #3659, #7392 ) ;
#865 = CARTESIAN_POINT ( 'NONE',  ( 30.21828963687849168, -81.52481966853962092, -187.5936321587346924 ) ) ;
#866 = ORIENTED_EDGE ( 'NONE', *, *, #8506, .F. ) ;
#867 = DIRECTION ( 'NONE',  ( -0.000000000000000000, 1.000000000000000000, -0.000000000000000000 ) ) ;
#868 = CARTESIAN_POINT ( 'NONE',  ( 7.220128877782379995, 15.50000000000000178, -60.03547209801099172 ) ) ;
#869 = AXIS2_PLACEMENT_3D ( 'NONE', #8356, #4697, #8892 ) ;
#870 = CARTESIAN_POINT ( 'NONE',  ( -34.80779291230022210, -80.01602387180157905, -189.1460339007849711 ) ) ;
#871 = SECURITY_CLASSIFICATION_LEVEL ( 'unclassified' ) ;
#872 = CARTESIAN_POINT ( 'NONE',  ( -13.82706010014190134, 15.49999999999997158, -28.89268520950068009 ) ) ;
#873 = B_SPLINE_CURVE_WITH_KNOTS ( 'NONE', 3,
 ( #3187, #3106, #5202, #4517 ),
 .UNSPECIFIED., .F., .F.,
 ( 4, 4 ),
 ( 0.000000000000000000, 0.02496963461952680235 ),
 .UNSPECIFIED. ) ;
#874 = DIRECTION ( 'NONE',  ( 0.000000000000000000, -0.08715574274765917895, -0.9961946980917454342 ) ) ;
#875 = APPROVAL_PERSON_ORGANIZATION ( #3508, #4962, #2867 ) ;
#876 = ORIENTED_EDGE ( 'NONE', *, *, #1042, .T. ) ;
#877 = CARTESIAN_POINT ( 'NONE',  ( -3.450000000000002398, -15.00000000000000000, -54.00000000000000711 ) ) ;
#878 = CARTESIAN_POINT ( 'NONE',  ( 12.52782294323494128, -2.499999999999995115, -30.29999102047650084 ) ) ;
#879 = CARTESIAN_POINT ( 'NONE',  ( -14.77153330173045376, 17.49999999999999645, -46.70663885423826400 ) ) ;
#880 = VERTEX_POINT ( 'NONE', #8672 ) ;
#881 = DATE_AND_TIME ( #2942, #1611 ) ;
#882 = DIRECTION ( 'NONE',  ( -0.6081204024113490147, 0.2715109143604645947, 0.7459701063408664679 ) ) ;
#883 = EDGE_CURVE ( 'NONE', #451, #234, #2932, .T. ) ;
#884 = CARTESIAN_POINT ( 'NONE',  ( 11.89902407079214974, 4.075131698928657897, -27.47153377407383701 ) ) ;
#885 = CARTESIAN_POINT ( 'NONE',  ( -8.631959028379961651, 17.50000000000000355, -62.54628735761097147 ) ) ;
#886 = VERTEX_POINT ( 'NONE', #4975 ) ;
#887 = ORIENTED_EDGE ( 'NONE', *, *, #2688, .F. ) ;
#888 = CARTESIAN_POINT ( 'NONE',  ( 14.69902411712055823, 17.50000000000000000, -27.52266191701826514 ) ) ;
#889 = CARTESIAN_POINT ( 'NONE',  ( 14.01446229140735156, 15.50000000000000355, -46.73022967025722352 ) ) ;
#890 = CARTESIAN_POINT ( 'NONE',  ( -11.30471157919886949, 15.49999999999997513, -53.99832615981898698 ) ) ;
#891 = AXIS2_PLACEMENT_3D ( 'NONE', #848, #4465, #7852 ) ;
#892 = CARTESIAN_POINT ( 'NONE',  ( 11.27149017526063091, 15.50000000000000000, -26.25875240630494289 ) ) ;
#893 = CARTESIAN_POINT ( 'NONE',  ( -34.81214727592245595, -42.04297577525748864, -200.7680199007341741 ) ) ;
#894 = CARTESIAN_POINT ( 'NONE',  ( -19.99999999999999645, -10.70510409864334100, -74.04430041015513098 ) ) ;
#895 = CARTESIAN_POINT ( 'NONE',  ( -6.373702932349456951, 10.49999999999997513, -57.87086825914457222 ) ) ;
#896 = DIRECTION ( 'NONE',  ( -1.000000000000000000, -0.000000000000000000, -0.000000000000000000 ) ) ;
#897 = DIRECTION ( 'NONE',  ( -1.000000000000000000, -0.000000000000000000, -0.000000000000000000 ) ) ;
#898 = CARTESIAN_POINT ( 'NONE',  ( -17.54859651735841197, -59.14689936563637218, -141.0875341805050027 ) ) ;
#899 = CARTESIAN_POINT ( 'NONE',  ( -26.03049636490340646, -35.93120408178489811, -191.6183055719153288 ) ) ;
#900 = FACE_OUTER_BOUND ( 'NONE', #3143, .T. ) ;
#901 = CIRCLE ( 'NONE', #4565, 1.299999999999988720 ) ;
#902 = CARTESIAN_POINT ( 'NONE',  ( 25.96381383618620120, -68.86153001547138786, -165.0238219678214193 ) ) ;
#903 = ORIENTED_EDGE ( 'NONE', *, *, #4469, .F. ) ;
#904 = CARTESIAN_POINT ( 'NONE',  ( 33.29747611890168457, -40.83884742785257771, -211.1125766578637695 ) ) ;
#905 = CARTESIAN_POINT ( 'NONE',  ( -20.18557547073169900, -29.63657299411828205, -86.12865224214337445 ) ) ;
#906 = LINE ( 'NONE', #6483, #5274 ) ;
#907 = CARTESIAN_POINT ( 'NONE',  ( 12.86345345868240031, 17.50000000000000000, -25.84183402080044090 ) ) ;
#908 = CARTESIAN_POINT ( 'NONE',  ( -9.998763685114738564, -5.891034298436768069, -75.32395484155358645 ) ) ;
#909 = VERTEX_POINT ( 'NONE', #4330 ) ;
#910 = CARTESIAN_POINT ( 'NONE',  ( 12.69899917883989637, 15.50000000000000178, 0.000000000000000000 ) ) ;
#911 = CARTESIAN_POINT ( 'NONE',  ( -33.31414624847472084, -84.13080197270784311, -193.0947931244018037 ) ) ;
#912 = ORIENTED_EDGE ( 'NONE', *, *, #5855, .F. ) ;
#913 = CARTESIAN_POINT ( 'NONE',  ( 5.919824974402458473, 15.50000000000000000, -60.98702377745697589 ) ) ;
#914 = CARTESIAN_POINT ( 'NONE',  ( 5.760942197784572727, 17.50000000000001066, -62.21798738083074909 ) ) ;
#915 = CARTESIAN_POINT ( 'NONE',  ( -12.69532801675673817, 15.49999999999998046, -27.19258007933850507 ) ) ;
#916 = ADVANCED_FACE ( 'NONE', ( #5105 ), #7746, .T. ) ;
#917 = CARTESIAN_POINT ( 'NONE',  ( 5.519858390854095020, 15.49999999999996625, -61.21612033192209168 ) ) ;
#918 = CARTESIAN_POINT ( 'NONE',  ( -12.15281998423612109, 17.49999999999999645, -54.54371619060928822 ) ) ;
#919 = VERTEX_POINT ( 'NONE', #2961 ) ;
#920 = DIRECTION ( 'NONE',  ( -1.000000000000000000, -0.000000000000000000, -0.000000000000000000 ) ) ;
#921 =( BOUNDED_SURFACE ( )  B_SPLINE_SURFACE ( 3, 2, ( 
 ( #7517, #807, #2861 ),
 ( #5649, #4139, #8448 ),
 ( #5510, #2770, #2171 ),
 ( #2911, #3548, #668 ),
 ( #4332, #1406, #8402 ),
 ( #6928, #7757, #3458 ),
 ( #9035, #4281, #8497 ),
 ( #2225, #5559, #5605 ),
 ( #6292, #5021, #31 ),
 ( #2815, #7854, #6609 ),
 ( #7951, #2963, #3692 ),
 ( #4509, #7296, #5236 ),
 ( #6519, #850, #3643 ),
 ( #1033, #6472, #8594 ),
 ( #6427, #3822, #3099 ),
 ( #165, #211, #988 ),
 ( #3779, #8550, #348 ),
 ( #7903, #5739, #5150 ),
 ( #299, #2272, #2318 ),
 ( #5065, #1640, #1594 ),
 ( #5925, #8716, #4379 ),
 ( #2453, #5196, #7158 ),
 ( #5107, #3011, #3059 ),
 ( #5784, #7206, #2370 ),
 ( #899, #944, #3740 ),
 ( #5834, #8638, #1687 ),
 ( #4467, #8674, #7252 ),
 ( #6565, #2413, #7994 ),
 ( #1727, #3955, #7337 ),
 ( #8884, #3182, #5641 ),
 ( #6235, #1445, #8439 ),
 ( #4916, #2761, #6283 ),
 ( #3583, #2806, #5596 ),
 ( #6366, #7694, #4227 ),
 ( #4964, #2899, #7745 ),
 ( #4777, #8484, #3002 ),
 ( #8584, #3729, #3118 ),
 ( #3155, #6671, #5948 ),
 ( #3975, #6024, #370 ),
 ( #4576, #6630, #5990 ) ),
 .UNSPECIFIED., .F., .F., .T. ) 
 B_SPLINE_SURFACE_WITH_KNOTS ( ( 4, 2, 2, 2, 2, 2, 2, 2, 2, 2, 2, 2, 2, 2, 2, 2, 2, 2, 2, 4 ),
 ( 3, 3 ),
 ( 0.04353936989675834951, 0.08021823731582246320, 0.08938795417058847947, 0.09397281259797149455, 0.09626524181166300209, 0.09741145641850876280, 0.09798456372193163622, 0.09855767102535450963, 0.1168971047348865699, 0.1352365384444186303, 0.1444062552991846604, 0.1535759721539506906, 0.1719154058634827509, 0.1765002642908657660, 0.1776464788977115128, 0.1782195862011344001, 0.1785061398528458576, 0.1787926935045572874, 0.1810851227182487810, 0.1902548395730147834 ),
 ( 0.000000000000000000, 1.000000000000000000 ),
 .UNSPECIFIED. ) 
 GEOMETRIC_REPRESENTATION_ITEM ( )  RATIONAL_B_SPLINE_SURFACE ( (
 ( 1.000000000000000000, 0.7078959802469124707, 1.000000000000000000),
 ( 1.000000000000000000, 0.6992019461728259389, 1.000000000000000000),
 ( 1.000000000000000000, 0.6919809601248471109, 1.000000000000000000),
 ( 1.000000000000000000, 0.6841538636148625230, 1.000000000000000000),
 ( 1.000000000000000000, 0.6826483624440694564, 1.000000000000000000),
 ( 1.000000000000000000, 0.6804695144526989870, 1.000000000000000000),
 ( 1.000000000000000000, 0.6797564808687500681, 1.000000000000000000),
 ( 1.000000000000000000, 0.6787056285573765946, 1.000000000000000000),
 ( 1.000000000000000000, 0.6783584617136626527, 1.000000000000000000),
 ( 1.000000000000000000, 0.6778422484297068618, 1.000000000000000000),
 ( 1.000000000000000000, 0.6776709335524817579, 1.000000000000000000),
 ( 1.000000000000000000, 0.6774150786917834122, 1.000000000000000000),
 ( 1.000000000000000000, 0.6773299799826771883, 1.000000000000000000),
 ( 1.000000000000000000, 0.6771601522834379550, 1.000000000000000000),
 ( 1.000000000000000000, 0.6771110726666086377, 1.000000000000000000),
 ( 1.000000000000000000, 0.6754060046518475247, 1.000000000000000000),
 ( 1.000000000000000000, 0.6753833056382994027, 1.000000000000000000),
 ( 1.000000000000000000, 0.6780074125680262132, 1.000000000000000000),
 ( 1.000000000000000000, 0.6806590286323492833, 1.000000000000000000),
 ( 1.000000000000000000, 0.6863143302800365220, 1.000000000000000000),
 ( 1.000000000000000000, 0.6884772600671887899, 1.000000000000000000),
 ( 1.000000000000000000, 0.6932896903385395992, 1.000000000000000000),
 ( 1.000000000000000000, 0.6959406571449873180, 1.000000000000000000),
 ( 1.000000000000000000, 0.7045409956351637026, 1.000000000000000000),
 ( 1.000000000000000000, 0.7111392661169013696, 1.000000000000000000),
 ( 1.000000000000000000, 0.7201723347186038682, 1.000000000000000000),
 ( 1.000000000000000000, 0.7220186150138696579, 1.000000000000000000),
 ( 1.000000000000000000, 0.7243678168933982420, 1.000000000000000000),
 ( 1.000000000000000000, 0.7248311898813983856, 1.000000000000000000),
 ( 1.000000000000000000, 0.7255290600065348317, 1.000000000000000000),
 ( 1.000000000000000000, 0.7257621436819227112, 1.000000000000000000),
 ( 1.000000000000000000, 0.7261124451697027471, 1.000000000000000000),
 ( 1.000000000000000000, 0.7262084426667716475, 1.000000000000000000),
 ( 1.000000000000000000, 0.7264199814897593921, 1.000000000000000000),
 ( 1.000000000000000000, 0.7265256646330275903, 1.000000000000000000),
 ( 1.000000000000000000, 0.7274760366811775514, 1.000000000000000000),
 ( 1.000000000000000000, 0.7283152915002154559, 1.000000000000000000),
 ( 1.000000000000000000, 0.7324840276727873078, 1.000000000000000000),
 ( 1.000000000000000000, 0.7357308456394351381, 1.000000000000000000),
 ( 1.000000000000000000, 0.7388909115768521607, 1.000000000000000000) ) ) 
 REPRESENTATION_ITEM ( '' )  SURFACE ( )  );
#922 = CARTESIAN_POINT ( 'NONE',  ( -20.47918795180597229, -25.47574632286712415, -129.1900913124968042 ) ) ;
#923 = CARTESIAN_POINT ( 'NONE',  ( -15.06133319264391446, 17.50000000000000355, -43.95372170302756842 ) ) ;
#924 = FACE_OUTER_BOUND ( 'NONE', #4721, .T. ) ;
#925 = CARTESIAN_POINT ( 'NONE',  ( 19.93766319354531191, -9.989546386043835824, -74.43936025015440805 ) ) ;
#926 = CARTESIAN_POINT ( 'NONE',  ( 16.86910527530399406, -57.84005974565241814, -138.3212679914041416 ) ) ;
#927 = CARTESIAN_POINT ( 'NONE',  ( -14.01535787849033987, 17.50000000000000000, -55.28332945066027548 ) ) ;
#928 = ORIENTED_EDGE ( 'NONE', *, *, #2695, .F. ) ;
#929 = CARTESIAN_POINT ( 'NONE',  ( 5.000000000000000000, -17.50000000000000000, -55.55000000000000426 ) ) ;
#930 = CARTESIAN_POINT ( 'NONE',  ( 5.561597307280124802, 10.49999999999996803, -58.80366422008891192 ) ) ;
#931 = PRODUCT_DEFINITION_SHAPE ( 'NONE', 'NONE',  #1721 ) ;
#932 = CARTESIAN_POINT ( 'NONE',  ( -10.43993574851004702, 15.49999999999996980, -55.69106379609532098 ) ) ;
#933 = VECTOR ( 'NONE', #4411, 1000.000000000000114 ) ;
#934 = CARTESIAN_POINT ( 'NONE',  ( -20.38638068263369618, -41.33710837407299721, -116.2172474390719543 ) ) ;
#935 =( NAMED_UNIT ( * ) PLANE_ANGLE_UNIT ( ) SI_UNIT ( $, .RADIAN. ) );
#936 = TOROIDAL_SURFACE ( 'NONE', #3719, 175.2684435961459712, 5.000000000000000000 ) ;
#937 = CARTESIAN_POINT ( 'NONE',  ( -7.500000000000000000, -2.499999999999998668, -4.000000000000000888 ) ) ;
#938 = CARTESIAN_POINT ( 'NONE',  ( -34.81735114618563642, -42.34569756392043871, -200.4716377195833559 ) ) ;
#939 = CARTESIAN_POINT ( 'NONE',  ( -4.366803205743188698, 10.49999999999997158, -59.42688534613169082 ) ) ;
#940 = DIRECTION ( 'NONE',  ( -0.000000000000000000, 1.000000000000000000, -0.000000000000000000 ) ) ;
#941 = CC_DESIGN_DATE_AND_TIME_ASSIGNMENT ( #6162, #2742, ( #3070 ) ) ;
#942 = PLANE ( 'NONE',  #1777 ) ;
#943 = CARTESIAN_POINT ( 'NONE',  ( 13.34471233510446986, 15.49999999999997158, -49.47530159982608211 ) ) ;
#944 = CARTESIAN_POINT ( 'NONE',  ( -30.72628650991604005, -35.55107702303576644, -190.1185884074097316 ) ) ;
#945 = CARTESIAN_POINT ( 'NONE',  ( -19.99999999999999645, -6.890754643045623240, -75.42728230926940114 ) ) ;
#946 = EDGE_CURVE ( 'NONE', #4048, #6915, #7617, .T. ) ;
#947 = CARTESIAN_POINT ( 'NONE',  ( -20.36366392597368247, -51.03048806366775381, -144.0416663034841918 ) ) ;
#948 = LINE ( 'NONE', #3104, #3323 ) ;
#949 = DIRECTION ( 'NONE',  ( -0.000000000000000000, -1.000000000000000000, 0.000000000000000000 ) ) ;
#950 = CARTESIAN_POINT ( 'NONE',  ( -16.66666666666666430, -6.001819538171613289, -75.75082822763783952 ) ) ;
#951 = ORIENTED_EDGE ( 'NONE', *, *, #7606, .T. ) ;
#952 = FACE_OUTER_BOUND ( 'NONE', #1375, .T. ) ;
#953 = DIRECTION ( 'NONE',  ( 0.000000000000000000, 0.3420201433256637169, 0.9396926207859102043 ) ) ;
#954 = VERTEX_POINT ( 'NONE', #6375 ) ;
#955 = DIRECTION ( 'NONE',  ( 0.000000000000000000, 0.000000000000000000, 1.000000000000000000 ) ) ;
#956 = CARTESIAN_POINT ( 'NONE',  ( 6.000000000000000000, 3.670556070168784046, 29.79346308132436860 ) ) ;
#957 = CARTESIAN_POINT ( 'NONE',  ( 4.847581330047275650, 17.49999999999999645, -62.60974814025145463 ) ) ;
#958 = CARTESIAN_POINT ( 'NONE',  ( -26.83915290357663608, -64.81832656071046017, -164.8488550686777785 ) ) ;
#959 = B_SPLINE_CURVE_WITH_KNOTS ( 'NONE', 3,
 ( #2887, #5585, #8524, #7683, #8471, #7780, #740, #5629, #6954, #4948, #5670, #3526, #2794, #2198, #1434, #4211, #694, #6403, #2251, #7731, #1525, #6452 ),
 .UNSPECIFIED., .F., .F.,
 ( 4, 2, 2, 2, 2, 2, 2, 2, 2, 2, 4 ),
 ( 0.000000000000000000, 0.0009912495788800825772, 0.001982499157760165154, 0.002973748736640247949, 0.003964998315520330309, 0.004956247894400412669, 0.005947497473280495897, 0.006938747052160578258, 0.007434371841600618570, 0.007682184236320635691, 0.007929996631040651944 ),
 .UNSPECIFIED. ) ;
#960 = CARTESIAN_POINT ( 'NONE',  ( -14.00568803116130567, 15.49999999999997691, -29.56433010826070173 ) ) ;
#961 = CARTESIAN_POINT ( 'NONE',  ( 3.412410339957650418, 15.49999999999996803, -61.94336853227382989 ) ) ;
#962 = CARTESIAN_POINT ( 'NONE',  ( -10.41934810257005140, 17.50000000000000711, -57.64378866027993098 ) ) ;
#963 = EDGE_CURVE ( 'NONE', #2924, #909, #7949, .T. ) ;
#964 = VERTEX_POINT ( 'NONE', #6470 ) ;
#965 = CARTESIAN_POINT ( 'NONE',  ( -1.171572875253812374, -3.305268473201029789, -68.34211506622474985 ) ) ;
#966 = CARTESIAN_POINT ( 'NONE',  ( -10.58397290826462722, 17.50000000000000355, -57.39367474147216086 ) ) ;
#967 = ORIENTED_EDGE ( 'NONE', *, *, #6047, .F. ) ;
#968 = DIRECTION ( 'NONE',  ( 0.000000000000000000, 0.000000000000000000, -1.000000000000000000 ) ) ;
#969 = EDGE_CURVE ( 'NONE', #1373, #919, #118, .T. ) ;
#970 = CARTESIAN_POINT ( 'NONE',  ( -2.370661744665575554, -2.499999999999995115, -60.19999999999958362 ) ) ;
#971 = CARTESIAN_POINT ( 'NONE',  ( 15.05979184849919683, -29.52207520823112930, -78.84131132114742968 ) ) ;
#972 = CARTESIAN_POINT ( 'NONE',  ( -15.95428385030174212, 17.50000000000000355, -50.35214395132263832 ) ) ;
#973 = ORIENTED_EDGE ( 'NONE', *, *, #6401, .T. ) ;
#974 = DIRECTION ( 'NONE',  ( -0.000000000000000000, -0.9396926207859086499, 0.3420201433256680468 ) ) ;
#975 = ADVANCED_FACE ( 'NONE', ( #5063 ), #4377, .F. ) ;
#976 = CARTESIAN_POINT ( 'NONE',  ( 9.277041029735993760, 15.50000000000000178, -57.88048254281541460 ) ) ;
#977 = CIRCLE ( 'NONE', #8279, 2.999999999999995559 ) ;
#978 = CARTESIAN_POINT ( 'NONE',  ( -13.22178543268165463, 15.49999999999997868, -49.01095409388219792 ) ) ;
#979 = CARTESIAN_POINT ( 'NONE',  ( -20.40865509102291142, -42.30922927102103159, -118.2924755297442800 ) ) ;
#980 = CARTESIAN_POINT ( 'NONE',  ( -11.53700055103684541, 15.50000000000000000, -26.44504539525074449 ) ) ;
#981 = CARTESIAN_POINT ( 'NONE',  ( -13.24699562855302837, 17.50000000000000000, -26.34239120268874146 ) ) ;
#982 = ADVANCED_FACE ( 'NONE', ( #209 ), #942, .T. ) ;
#983 = CARTESIAN_POINT ( 'NONE',  ( 5.000000000000000000, -2.499999999999998668, -54.00000000000000711 ) ) ;
#984 = CARTESIAN_POINT ( 'NONE',  ( -10.68976645338739395, 10.49999999999996980, -50.33747637378901629 ) ) ;
#985 = CARTESIAN_POINT ( 'NONE',  ( -2.585786437626885537, 71.76474380547401211, 23.83599360247910326 ) ) ;
#986 = CARTESIAN_POINT ( 'NONE',  ( -6.744997911877010033, 2.432745055683355417, -59.30344020050710441 ) ) ;
#987 = CARTESIAN_POINT ( 'NONE',  ( -2.285696787137498290E-14, -70.31375411002576925, -164.4952556239176147 ) ) ;
#988 = CARTESIAN_POINT ( 'NONE',  ( -20.49511948423832663, -26.23986125499649802, -132.0824455095302881 ) ) ;
#989 = CARTESIAN_POINT ( 'NONE',  ( 12.23607422201483352, 10.49999999999997158, -45.05941734650266284 ) ) ;
#990 = EDGE_CURVE ( 'NONE', #4633, #2434, #5121, .T. ) ;
#991 = CARTESIAN_POINT ( 'NONE',  ( 6.742432502403805650, 8.977386105247147086, 29.32917561399613504 ) ) ;
#992 = CARTESIAN_POINT ( 'NONE',  ( 2.585786437626876655, 1.099358522526704185, -64.21489361127119366 ) ) ;
#993 = VECTOR ( 'NONE', #3961, 999.9999999999998863 ) ;
#994 = CARTESIAN_POINT ( 'NONE',  ( 4.557754624762229589, 11.09167599805535609, -60.03301730895792332 ) ) ;
#995 = CARTESIAN_POINT ( 'NONE',  ( 1.171572875253781731, -0.3169060858998137831, -65.35375267892351303 ) ) ;
#996 = EDGE_CURVE ( 'NONE', #556, #3605, #6431, .T. ) ;
#997 = B_SPLINE_CURVE_WITH_KNOTS ( 'NONE', 3,
 ( #1075, #3865, #8755, #1848, #389, #5966 ),
 .UNSPECIFIED., .F., .F.,
 ( 4, 1, 1, 4 ),
 ( 0.000000000000000000, 0.4650452245929230233, 0.7282382667798995568, 1.000000000000000000 ),
 .UNSPECIFIED. ) ;
#998 = ORIENTED_EDGE ( 'NONE', *, *, #8968, .F. ) ;
#999 = CARTESIAN_POINT ( 'NONE',  ( 1.171572875253773960, 70.35591175266847586, 23.95925043591155301 ) ) ;
#1000 = ORIENTED_EDGE ( 'NONE', *, *, #3538, .F. ) ;
#1001 = ADVANCED_FACE ( 'NONE', ( #3820 ), #1031, .F. ) ;
#1002 = CARTESIAN_POINT ( 'NONE',  ( 5.819609074485583733, 17.50000000000001776, -62.18827721981973866 ) ) ;
#1003 = CARTESIAN_POINT ( 'NONE',  ( -26.03049636476742634, -76.34661204075445085, -176.9083000689637686 ) ) ;
#1004 = VECTOR ( 'NONE', #2431, 1000.000000000000000 ) ;
#1005 = CARTESIAN_POINT ( 'NONE',  ( 10.01482599085227854, -17.50000000000000000, -61.56863952575955778 ) ) ;
#1006 = CARTESIAN_POINT ( 'NONE',  ( -12.85055406631443908, 15.49999999999997691, -27.34081665369593850 ) ) ;
#1007 = CARTESIAN_POINT ( 'NONE',  ( 5.208042186024832709, 15.49999999999997335, -61.37555512719124806 ) ) ;
#1008 = ORIENTED_EDGE ( 'NONE', *, *, #6381, .F. ) ;
#1009 = CARTESIAN_POINT ( 'NONE',  ( 34.85925248183674796, -83.39612910300431281, -192.8246904133567625 ) ) ;
#1010 = CARTESIAN_POINT ( 'NONE',  ( -6.000000000000000000, 64.03012059312736426, 20.49740610003052055 ) ) ;
#1011 = VECTOR ( 'NONE', #2730, 1000.000000000000000 ) ;
#1012 = AXIS2_PLACEMENT_3D ( 'NONE', #8732, #7356, #321 ) ;
#1013 = CARTESIAN_POINT ( 'NONE',  ( -22.99825752875234741, -32.41954102375462554, -156.3071372723785544 ) ) ;
#1014 = CARTESIAN_POINT ( 'NONE',  ( -10.91580235840590696, 17.50000000000000000, -56.86424505641483762 ) ) ;
#1015 = ORIENTED_EDGE ( 'NONE', *, *, #1937, .F. ) ;
#1016 = CARTESIAN_POINT ( 'NONE',  ( 19.49794348979149561, -8.659492114695810372, -74.88909848455126905 ) ) ;
#1017 = ORGANIZATION ( 'NAUO-ORG1', 'UNSPECIFIED', 'UNSPECIFIED' ) ;
#1018 = LINE ( 'NONE', #332, #2582 ) ;
#1019 = ORIENTED_EDGE ( 'NONE', *, *, #5240, .F. ) ;
#1020 = CARTESIAN_POINT ( 'NONE',  ( -14.34221424995350880, 17.50000000000000000, -54.57965949758084889 ) ) ;
#1021 = ORIENTED_EDGE ( 'NONE', *, *, #2819, .T. ) ;
#1022 = CARTESIAN_POINT ( 'NONE',  ( -13.98129726371348802, 15.50000000000000000, -29.43657754065567644 ) ) ;
#1023 = CARTESIAN_POINT ( 'NONE',  ( 7.267929148818290663, 15.50000000000000178, -59.99520962576883676 ) ) ;
#1024 = CARTESIAN_POINT ( 'NONE',  ( -6.439742984715978835, 15.49999999999996980, -60.45228942032574793 ) ) ;
#1025 = CARTESIAN_POINT ( 'NONE',  ( -15.43146562996944304, -47.46033901292700818, -116.5323085930396445 ) ) ;
#1026 = CARTESIAN_POINT ( 'NONE',  ( -13.78012328320141577, -17.50000000000000000, -55.78248183757639822 ) ) ;
#1027 = CARTESIAN_POINT ( 'NONE',  ( -13.22580149008377504, 17.50000000000000000, -26.32308123143925371 ) ) ;
#1028 = CARTESIAN_POINT ( 'NONE',  ( -34.91274504519810762, -41.14003683785124110, -211.6648334569154031 ) ) ;
#1029 = CARTESIAN_POINT ( 'NONE',  ( -11.97761131147168001, 10.49999999999996980, -45.06282596796036444 ) ) ;
#1030 = DIRECTION ( 'NONE',  ( -0.000000000000000000, 1.000000000000000000, -0.000000000000000000 ) ) ;
#1031 = PLANE ( 'NONE',  #303 ) ;
#1032 = FACE_OUTER_BOUND ( 'NONE', #1262, .T. ) ;
#1033 = CARTESIAN_POINT ( 'NONE',  ( -15.43738724765562864, -19.39439347066840114, -127.3545743280474483 ) ) ;
#1034 = AXIS2_PLACEMENT_3D ( 'NONE', #526, #3915, #3188 ) ;
#1035 = AXIS2_PLACEMENT_3D ( 'NONE', #1316, #2777, #2093 ) ;
#1036 = CARTESIAN_POINT ( 'NONE',  ( -19.99999999999999645, -15.39874574603070378, -72.33062679438116049 ) ) ;
#1037 = EDGE_CURVE ( 'NONE', #909, #1064, #7165, .T. ) ;
#1038 = CARTESIAN_POINT ( 'NONE',  ( 19.93754955125201178, -20.89839110152815493, -70.46885874819739115 ) ) ;
#1039 = CARTESIAN_POINT ( 'NONE',  ( 34.99124897397940259, -66.92386499819524204, -196.7089274675879835 ) ) ;
#1040 = CARTESIAN_POINT ( 'NONE',  ( 34.99999999999999289, -42.95207384437923537, -218.2040791793328651 ) ) ;
#1041 = CIRCLE ( 'NONE', #6875, 5.000000000000000888 ) ;
#1042 = EDGE_CURVE ( 'NONE', #4187, #7359, #3419, .T. ) ;
#1043 = ORIENTED_EDGE ( 'NONE', *, *, #8979, .F. ) ;
#1044 = CARTESIAN_POINT ( 'NONE',  ( -12.70020934405135371, 15.50123456881161843, -26.93257286839393316 ) ) ;
#1045 = ORIENTED_EDGE ( 'NONE', *, *, #6170, .F. ) ;
#1046 = CARTESIAN_POINT ( 'NONE',  ( 7.500000000000000000, -15.00000000000000000, -29.00000000000000000 ) ) ;
#1047 = DIRECTION ( 'NONE',  ( -1.000000000000000000, -0.000000000000000000, -0.000000000000000000 ) ) ;
#1048 = CARTESIAN_POINT ( 'NONE',  ( -30.01735572801899465, -81.29051292644999194, -187.1108854184556378 ) ) ;
#1049 = VECTOR ( 'NONE', #85, 1000.000000000000000 ) ;
#1050 = CARTESIAN_POINT ( 'NONE',  ( 12.95449926771436822, 17.50000000000000000, -57.83400029407606269 ) ) ;
#1051 = CYLINDRICAL_SURFACE ( 'NONE', #8886, 160.2684435961459428 ) ;
#1052 = ADVANCED_FACE ( 'NONE', ( #629 ), #3376, .F. ) ;
#1053 = CARTESIAN_POINT ( 'NONE',  ( 14.06041470984135167, 17.49999999999999645, -50.52152270874136519 ) ) ;
#1054 = CC_DESIGN_DATE_AND_TIME_ASSIGNMENT ( #5675, #1576, ( #1721 ) ) ;
#1055 = ORIENTED_EDGE ( 'NONE', *, *, #2207, .F. ) ;
#1056 = CARTESIAN_POINT ( 'NONE',  ( 12.52782294323494128, 11.00000000000013500, -30.29999102047650084 ) ) ;
#1057 = CARTESIAN_POINT ( 'NONE',  ( 20.30728835051275283, -37.77472461718691932, -108.6072885903014793 ) ) ;
#1058 = CARTESIAN_POINT ( 'NONE',  ( -9.302215711782945817, 17.50000000000000355, -59.11864828034551778 ) ) ;
#1059 = ORIENTED_EDGE ( 'NONE', *, *, #6893, .F. ) ;
#1060 = DIRECTION ( 'NONE',  ( -0.000000000000000000, 0.000000000000000000, 1.000000000000000000 ) ) ;
#1061 = CARTESIAN_POINT ( 'NONE',  ( 18.97801971646099872, -7.860323269464517537, -75.14657675822850535 ) ) ;
#1062 = EDGE_CURVE ( 'NONE', #8152, #2607, #6199, .T. ) ;
#1063 = CARTESIAN_POINT ( 'NONE',  ( -6.000000000000001776, 61.85122702443587883, -3.107461352263113596 ) ) ;
#1064 = VERTEX_POINT ( 'NONE', #8408 ) ;
#1065 = CARTESIAN_POINT ( 'NONE',  ( 11.84435991685493050, 12.39565397767037780, -27.88789542055488369 ) ) ;
#1066 = ORIENTED_EDGE ( 'NONE', *, *, #3108, .T. ) ;
#1067 = CARTESIAN_POINT ( 'NONE',  ( -14.06971349694578066, 15.50000000000000178, -30.30001061052707456 ) ) ;
#1068 = CARTESIAN_POINT ( 'NONE',  ( 7.780126876777764267, 15.50000000000000178, -59.53966385166814490 ) ) ;
#1069 = EDGE_CURVE ( 'NONE', #5259, #6145, #6311, .T. ) ;
#1070 = ORIENTED_EDGE ( 'NONE', *, *, #5940, .F. ) ;
#1071 = CARTESIAN_POINT ( 'NONE',  ( 15.00080190628688648, -24.79567195388978007, -68.91042536112450989 ) ) ;
#1072 = AXIS2_PLACEMENT_3D ( 'NONE', #8577, #3205, #4580 ) ;
#1073 = CARTESIAN_POINT ( 'NONE',  ( -2.972293729198319134, -17.50000000000000000, -65.00000020697903835 ) ) ;
#1074 = LINE ( 'NONE', #3093, #2024 ) ;
#1075 = CARTESIAN_POINT ( 'NONE',  ( 12.52783472253294583, -2.499999999999995115, -43.29999102047114690 ) ) ;
#1076 = CARTESIAN_POINT ( 'NONE',  ( -10.99241205309203018, 10.49999999999996980, -49.47286015522463032 ) ) ;
#1077 = DIRECTION ( 'NONE',  ( -3.469446951953613400E-15, 2.046300565911437533E-29, 1.000000000000000000 ) ) ;
#1078 = CARTESIAN_POINT ( 'NONE',  ( -6.208729453668580201E-16, -24.41662694148686796, -68.11399463159845880 ) ) ;
#1079 = EDGE_CURVE ( 'NONE', #3926, #6735, #1778, .T. ) ;
#1080 = CARTESIAN_POINT ( 'NONE',  ( 12.30858238097285984, 10.49999999999996803, -44.18031164109646625 ) ) ;
#1081 = CIRCLE ( 'NONE', #1818, 175.2684435961459712 ) ;
#1082 = B_SPLINE_CURVE_WITH_KNOTS ( 'NONE', 3,
 ( #418, #2693, #1875, #7450, #5994, #6117, #4064, #8148, #1186, #8783, #8194, #8915, #4023, #1925, #6809, #6854, #595, #2517, #5488, #6263 ),
 .UNSPECIFIED., .F., .F.,
 ( 4, 2, 2, 2, 2, 2, 2, 2, 2, 4 ),
 ( 0.1198460859569614456, 0.1527819232531472116, 0.2469172651139086017, 0.3410526069746699918, 0.4351879488354314374, 0.5293232906961927720, 0.6234586325569542176, 0.7175939744177157742, 0.8117293162784772198, 1.000000000000000000 ),
 .UNSPECIFIED. ) ;
#1083 = CARTESIAN_POINT ( 'NONE',  ( -12.06971349694660134, 10.49999999999996980, -30.30000879832737937 ) ) ;
#1084 = ADVANCED_FACE ( 'NONE', ( #6982 ), #2825, .F. ) ;
#1085 = B_SPLINE_SURFACE_WITH_KNOTS ( 'NONE', 1, 3, ( 
 ( #4526, #8567, #362, #8728, #227, #8648, #3879, #2426, #4437, #2290, #957, #7307, #2384, #8051, #3753, #8689, #4564, #1698, #7265, #914, #1002, #3791, #6577, #316, #3112, #5890, #2507, #1133, #1998, #2679, #492, #8770, #2588, #7571, #4703, #3192, #1956, #5295, #5379, #1312, #8181, #4656, #4097, #8090, #8229, #1265, #3921, #1862, #6017, #580, #7434, #6707, #3373, #8943, #6794, #1173, #3280, #6056, #4790, #3970, #7525, #8271, #1825, #3322, #5476, #7482, #6887, #5982, #6749, #8852, #4612, #5429, #6149, #1907, #1216, #7393, #446, #3235, #8812, #2545, #5333, #8134, #4009, #532, #6100, #8901, #4745, #2636, #4050, #6836, #7181, #5945, #8008, #2343, #4442, #6539, #8613, #8652, #3883, #270, #1053, #366, #1662, #2470, #7969, #5083, #7875, #7926, #2293, #3075, #5210, #229, #322, #3152 ),
 ( #3711, #3841, #5129, #961, #1702, #7228, #1614, #6583, #185, #3756, #6626, #8569, #8733, #2387, #3115, #5167, #4483, #7269, #1007, #5805, #3795, #5894, #8056, #917, #8693, #1793, #2429, #6493, #1100, #1746, #7312, #7357, #2983, #3029, #5763, #4401, #6830, #4090, #8223, #8310, #3413, #2769, #8265, #5558, #5422, #6094, #4740, #5604, #6291, #6881, #3316, #6191, #2129, #2040, #6667, #8358, #8894, #8986, #4925, #2717, #1993, #7704, #2631, #2081, #4877, #7519, #5472, #573, #4185, #4785, #1260, #6976, #3503, #1359, #7564, #621, #5509, #8401, #1308, #7656, #2814, #1950, #6927, #30, #4829, #1458, #527, #7612, #4138, #4046, #9033, #715, #667, #3457, #3366, #6143, #8938, #2674, #6243, #1405, #2369, #5648, #943, #5149, #73, #210, #119, #849, #2910, #2170, #3739, #3010, #6376, #8496 ) ),
 .UNSPECIFIED., .F., .F., .F.,
 ( 2, 2 ),
 ( 4, 2, 2, 2, 2, 2, 2, 2, 2, 2, 2, 2, 2, 2, 2, 2, 2, 2, 2, 2, 2, 2, 2, 2, 2, 2, 2, 2, 2, 2, 2, 2, 2, 2, 2, 2, 2, 2, 2, 2, 2, 2, 2, 2, 2, 2, 2, 2, 2, 2, 2, 2, 2, 2, 2, 2, 4 ),
 ( 0.000000000000000000, 1.000000000000000000 ),
 ( 0.000000000000000000, 0.0007855532918537534368, 0.001178329937780630155, 0.001571106583707506874, 0.001963883229634383592, 0.002356659875561260310, 0.002553048198524698886, 0.002749436521488137029, 0.002945824844451575171, 0.003142213167415013747, 0.003338601490378452323, 0.003436795651860171177, 0.003534989813341890465, 0.003731378136305328608, 0.003927766459268767184, 0.004320543105195643468, 0.004516931428159082045, 0.004713319751122520621, 0.004909708074085959197, 0.005007902235567678051, 0.005056999316308537912, 0.005106096397049397773, 0.005204290558531116627, 0.005302484720012835481, 0.005498873042976274057, 0.005891649688903150342, 0.006284426334830027494, 0.006677202980756904646, 0.007069979626683780931, 0.007855532918537534368, 0.008248309564464411520, 0.008641086210391286937, 0.009426639502245041241, 0.009623027825208480684, 0.009819416148171918393, 0.01001580447113535610, 0.01021219279409879555, 0.01060496944002567096, 0.01099774608595254811, 0.01178329937780630068, 0.01256885266966005499, 0.01296162931558693214, 0.01335440596151380929, 0.01374718260744068471, 0.01413995925336756186, 0.01453273589929443901, 0.01492551254522131443, 0.01571106583707506874, 0.01649661912892882304, 0.01728217242078257387, 0.01806772571263632818, 0.01885327900449008248, 0.01963883229634383679, 0.02042438558819759109, 0.02199549217190509623, 0.02356659875561260137, 0.02513770533932010998 ),
 .UNSPECIFIED. ) ;
#1086 = PLANE ( 'NONE',  #6975 ) ;
#1087 = CARTESIAN_POINT ( 'NONE',  ( 34.95429813741354508, -72.59024866893693684, -194.6465324755066035 ) ) ;
#1088 = CARTESIAN_POINT ( 'NONE',  ( 11.86773844772386077, 15.49999999999997158, -26.33572333996850645 ) ) ;
#1089 = CARTESIAN_POINT ( 'NONE',  ( 34.99999999999999289, -88.05731964210359308, -201.7871122997005955 ) ) ;
#1090 = VECTOR ( 'NONE', #2224, 1000.000000000000114 ) ;
#1091 = ADVANCED_FACE ( 'NONE', ( #4748 ), #3510, .T. ) ;
#1092 = FACE_OUTER_BOUND ( 'NONE', #5270, .T. ) ;
#1093 = VERTEX_POINT ( 'NONE', #2682 ) ;
#1094 = CARTESIAN_POINT ( 'NONE',  ( -10.74128195571052125, 10.60577077856614281, -28.18072951140666405 ) ) ;
#1095 = LINE ( 'NONE', #3071, #357 ) ;
#1096 = CARTESIAN_POINT ( 'NONE',  ( 20.62022131972146965, -15.64068843819544696, -112.8909437810059160 ) ) ;
#1097 = CARTESIAN_POINT ( 'NONE',  ( -30.72628650979191889, -75.67380665052411359, -175.5151091056407040 ) ) ;
#1098 = CARTESIAN_POINT ( 'NONE',  ( 7.153138845690802050, 17.50000000000000355, -61.36025550644144744 ) ) ;
#1099 = FACE_OUTER_BOUND ( 'NONE', #6120, .T. ) ;
#1101 = ORIENTED_EDGE ( 'NONE', *, *, #5514, .T. ) ;
#1100 = CARTESIAN_POINT ( 'NONE',  ( 5.824646386542998044, 15.49999999999996803, -61.04346983991337794 ) ) ;
#1102 = ORIENTED_EDGE ( 'NONE', *, *, #3957, .T. ) ;
#1103 = CARTESIAN_POINT ( 'NONE',  ( 34.80549988270081485, -79.32829738078514481, -188.6538723555554498 ) ) ;
#1104 = FACE_OUTER_BOUND ( 'NONE', #2471, .T. ) ;
#1105 = CARTESIAN_POINT ( 'NONE',  ( -12.03759779162441568, 17.50000000000000000, -54.78316140902570908 ) ) ;
#1106 = FACE_OUTER_BOUND ( 'NONE', #7578, .T. ) ;
#1107 = CARTESIAN_POINT ( 'NONE',  ( 12.10621860025695540, 14.01798682599884494, -27.24977636445419904 ) ) ;
#1108 = DIRECTION ( 'NONE',  ( 1.000000000000000000, 0.000000000000000000, 0.000000000000000000 ) ) ;
#1109 = VERTEX_POINT ( 'NONE', #7528 ) ;
#1110 = LINE ( 'NONE', #6680, #5749 ) ;
#1111 = ORIENTED_EDGE ( 'NONE', *, *, #5741, .F. ) ;
#1112 = DIRECTION ( 'NONE',  ( -1.000000000000000000, -0.000000000000000000, -0.000000000000000000 ) ) ;
#1113 = CARTESIAN_POINT ( 'NONE',  ( 4.582282761453943642, 15.50000000000000000, -61.64255066392807691 ) ) ;
#1114 = EDGE_LOOP ( 'NONE', ( #8565, #7692, #1644, #761, #5903, #1461, #3884, #1528, #5886, #3908 ) ) ;
#1115 = CARTESIAN_POINT ( 'NONE',  ( -5.286330399746653974, -17.50000000000000000, -64.48850942922577190 ) ) ;
#1116 = CYLINDRICAL_SURFACE ( 'NONE', #4061, 2.999999999999996891 ) ;
#1117 = CARTESIAN_POINT ( 'NONE',  ( -7.781331206458379057, 15.50000000000000711, -59.29213859460244862 ) ) ;
#1118 = ORIENTED_EDGE ( 'NONE', *, *, #2752, .T. ) ;
#1119 = CARTESIAN_POINT ( 'NONE',  ( -10.69899917883907925, -2.499999999999998668, 6.952378215225159741E-13 ) ) ;
#1120 = TOROIDAL_SURFACE ( 'NONE', #3031, 165.2684435961459712, 5.000000000000000000 ) ;
#1121 = CARTESIAN_POINT ( 'NONE',  ( 9.268589362494145334, 10.49999999999996980, -54.12840262356562704 ) ) ;
#1122 = CARTESIAN_POINT ( 'NONE',  ( -11.35733170180618856, 10.49999999999996803, -28.67818171236830693 ) ) ;
#1123 = CARTESIAN_POINT ( 'NONE',  ( -14.06970171764777611, 15.50000000000000178, -43.30001061052171707 ) ) ;
#1124 = CYLINDRICAL_SURFACE ( 'NONE', #7751, 2.999999999999995559 ) ;
#1125 = CARTESIAN_POINT ( 'NONE',  ( 12.67105229729234850, 15.49999999999998046, -26.95743178979572008 ) ) ;
#1126 = CIRCLE ( 'NONE', #3764, 5.000000000000001776 ) ;
#1127 = DIRECTION ( 'NONE',  ( -0.000000000000000000, -1.000000000000000000, -0.000000000000000000 ) ) ;
#1128 = CARTESIAN_POINT ( 'NONE',  ( 35.00000000000001421, -57.92306129188306585, -194.6640632387779988 ) ) ;
#1129 = ADVANCED_FACE ( 'NONE', ( #2000 ), #6299, .T. ) ;
#1130 = DIRECTION ( 'NONE',  ( 0.000000000000000000, -0.08715574274766185736, -0.9961946980917451011 ) ) ;
#1131 = VERTEX_POINT ( 'NONE', #8994 ) ;
#1132 = CARTESIAN_POINT ( 'NONE',  ( 1.171572875253786172, 54.71017341019496172, -45.32553366374518333 ) ) ;
#1133 = CARTESIAN_POINT ( 'NONE',  ( 6.279910524112357173, 17.49999999999999645, -61.93600901247763346 ) ) ;
#1134 = CARTESIAN_POINT ( 'NONE',  ( 19.99556880146495175, -10.49253484000248982, -73.19468078271550837 ) ) ;
#1135 = CARTESIAN_POINT ( 'NONE',  ( 3.143171589217486961, 17.50000000000000355, -62.99999543369945343 ) ) ;
#1136 = CARTESIAN_POINT ( 'NONE',  ( -2.211375691588430836, -2.437436707498444211, -65.95776688607533345 ) ) ;
#1137 = ORIENTED_EDGE ( 'NONE', *, *, #2283, .F. ) ;
#1138 = ORIENTED_EDGE ( 'NONE', *, *, #1601, .F. ) ;
#1139 = CARTESIAN_POINT ( 'NONE',  ( 2.178810835250588163, 0.2933909765625842825, -64.86299527426088218 ) ) ;
#1140 = CARTESIAN_POINT ( 'NONE',  ( 20.41990639288107801, -42.79538021395430292, -119.3300546808761737 ) ) ;
#1141 = CARTESIAN_POINT ( 'NONE',  ( -13.10163855926511189, 17.49999999999999645, -52.39986723210225250 ) ) ;
#1142 = CIRCLE ( 'NONE', #8163, 5.000000000000000888 ) ;
#1143 = CARTESIAN_POINT ( 'NONE',  ( -12.22847668846790370, -2.499999999999995115, -46.53462461894601176 ) ) ;
#1144 = CARTESIAN_POINT ( 'NONE',  ( 11.84155690429235719, 12.38805401141822493, -27.88953752767548266 ) ) ;
#1145 = CARTESIAN_POINT ( 'NONE',  ( -35.00000000000000711, -40.55793284109955721, -211.6262308338315279 ) ) ;
#1146 = ORIENTED_EDGE ( 'NONE', *, *, #3258, .T. ) ;
#1147 = CARTESIAN_POINT ( 'NONE',  ( -16.87023904266440866, -57.84431290360453204, -138.3301826019451823 ) ) ;
#1148 = VECTOR ( 'NONE', #7310, 1000.000000000000000 ) ;
#1149 = VERTEX_POINT ( 'NONE', #9047 ) ;
#1150 = DIRECTION ( 'NONE',  ( -1.000000000000000000, -0.000000000000000000, -0.000000000000000000 ) ) ;
#1151 = ADVANCED_BREP_SHAPE_REPRESENTATION ( '', ( #2033, #6410 ), #5536 ) ;
#1152 = CARTESIAN_POINT ( 'NONE',  ( 3.621696116440741520, 15.50000000000000355, -61.90843556331635256 ) ) ;
#1153 = ORIENTED_EDGE ( 'NONE', *, *, #4882, .F. ) ;
#1154 = DIRECTION ( 'NONE',  ( 1.000000000000000000, 0.000000000000000000, 0.000000000000000000 ) ) ;
#1155 = LOCAL_TIME ( 17, 12, 35.00000000000000000, #6319 ) ;
#1156 = CARTESIAN_POINT ( 'NONE',  ( 32.22802183743830540, -40.14097283019769691, -208.3362402012160999 ) ) ;
#1157 = CARTESIAN_POINT ( 'NONE',  ( -14.74997653894509320, 17.50000000000001066, -28.50408429872679150 ) ) ;
#1158 = DIRECTION ( 'NONE',  ( 1.000000000000000000, -0.000000000000000000, -0.000000000000000000 ) ) ;
#1159 = CARTESIAN_POINT ( 'NONE',  ( -11.49725528218908899, 10.49999999999996980, -47.71559134878363295 ) ) ;
#1160 = VERTEX_POINT ( 'NONE', #6935 ) ;
#1161 = CARTESIAN_POINT ( 'NONE',  ( 1.261170542203752834E-14, -32.49516034968976186, -85.08821153266525528 ) ) ;
#1162 = APPROVAL_PERSON_ORGANIZATION ( #461, #5243, #6906 ) ;
#1163 = CARTESIAN_POINT ( 'NONE',  ( 1.171572875253783508, 47.86977054368165341, -26.53168124802698813 ) ) ;
#1164 = CARTESIAN_POINT ( 'NONE',  ( 10.69932078844020218, 10.49999999999996803, -28.17558841785835710 ) ) ;
#1165 = CARTESIAN_POINT ( 'NONE',  ( 34.99999999999997868, -82.19237870654524158, -201.7934206810211322 ) ) ;
#1166 = CARTESIAN_POINT ( 'NONE',  ( 12.72000410005593096, 15.49999999999997158, -26.99542087552281799 ) ) ;
#1167 = CARTESIAN_POINT ( 'NONE',  ( -8.801381373608682779, 0.4805110541681313907, -59.35731332323620535 ) ) ;
#1168 = CARTESIAN_POINT ( 'NONE',  ( 34.82906823473425817, -42.95037330385847696, -200.1136759933738745 ) ) ;
#1169 = DIRECTION ( 'NONE',  ( 0.000000000000000000, 0.000000000000000000, 1.000000000000000000 ) ) ;
#1170 = EDGE_LOOP ( 'NONE', ( #622, #4880, #1055, #1524 ) ) ;
#1171 = AXIS2_PLACEMENT_3D ( 'NONE', #1990, #5419, #619 ) ;
#1172 = CARTESIAN_POINT ( 'NONE',  ( 29.75599807339299474, -38.49235873611059588, -201.7764102520035294 ) ) ;
#1173 = CARTESIAN_POINT ( 'NONE',  ( 8.666843257339126083, 17.50000000000000711, -60.07528762137859246 ) ) ;
#1174 = CARTESIAN_POINT ( 'NONE',  ( 15.40991172794871922, -18.72258120585830454, -124.7659733828415654 ) ) ;
#1175 = CARTESIAN_POINT ( 'NONE',  ( 5.844673231011917380, -17.50000000000000000, -64.37508124497483664 ) ) ;
#1176 = B_SPLINE_CURVE_WITH_KNOTS ( 'NONE', 3,
 ( #5125, #7965, #5848, #2341 ),
 .UNSPECIFIED., .F., .F.,
 ( 4, 4 ),
 ( 3.469446951953614189E-18, 3.328591582152989680E-05 ),
 .UNSPECIFIED. ) ;
#1177 = DIRECTION ( 'NONE',  ( 0.000000000000000000, 0.000000000000000000, 1.000000000000000000 ) ) ;
#1178 = CARTESIAN_POINT ( 'NONE',  ( -6.000000000000000000, 47.21989972959759996, -28.22288202021100645 ) ) ;
#1179 = ORIENTED_EDGE ( 'NONE', *, *, #1891, .F. ) ;
#1180 = CARTESIAN_POINT ( 'NONE',  ( -7.145784617553926132, 15.50000000000000355, -59.87914273533834830 ) ) ;
#1181 = CARTESIAN_POINT ( 'NONE',  ( 20.41614843496490650, -42.63332394136907055, -118.9841972645958634 ) ) ;
#1182 = CARTESIAN_POINT ( 'NONE',  ( 13.92226532579746312, 15.50000000000000000, -47.21092628684057502 ) ) ;
#1183 = CIRCLE ( 'NONE', #4841, 2.999999999999999112 ) ;
#1184 = CARTESIAN_POINT ( 'NONE',  ( -6.158873597654344501, 15.49999999999998224, -60.65793603875653162 ) ) ;
#1185 = CARTESIAN_POINT ( 'NONE',  ( 20.00000000000000355, -20.09971187473740883, -70.62740308180843840 ) ) ;
#1186 = CARTESIAN_POINT ( 'NONE',  ( 13.72356058521293143, 15.50000000000000000, -28.12648297324128777 ) ) ;
#1187 = DATE_AND_TIME ( #7452, #6995 ) ;
#1188 = CARTESIAN_POINT ( 'NONE',  ( -12.69900499264153737, 15.50003011153411947, -26.81573391013176177 ) ) ;
#1189 = EDGE_LOOP ( 'NONE', ( #2346, #1437, #5157, #7146 ) ) ;
#1190 = CARTESIAN_POINT ( 'NONE',  ( 31.20963340682894227, -40.59658320863897529, -190.0017869168781601 ) ) ;
#1191 = ORIENTED_EDGE ( 'NONE', *, *, #7227, .F. ) ;
#1192 = CARTESIAN_POINT ( 'NONE',  ( -4.299591355720548513, 11.09159961416719753, -60.03301730895790911 ) ) ;
#1193 = CARTESIAN_POINT ( 'NONE',  ( -35.00000000000001421, -61.40045502333244798, -198.7192842900859375 ) ) ;
#1194 = CARTESIAN_POINT ( 'NONE',  ( 34.98687346096911455, -54.28469015539843667, -195.9883220336718068 ) ) ;
#1195 = EDGE_CURVE ( 'NONE', #6145, #1271, #1465, .T. ) ;
#1196 = EDGE_LOOP ( 'NONE', ( #6165, #7082, #8258, #7939 ) ) ;
#1197 = CARTESIAN_POINT ( 'NONE',  ( -5.000000000000000000, -2.499999999999998668, -54.00000000000000711 ) ) ;
#1198 = B_SPLINE_CURVE_WITH_KNOTS ( 'NONE', 3,
 ( #5621, #775, #2099, #683 ),
 .UNSPECIFIED., .F., .F.,
 ( 4, 4 ),
 ( 0.000000000000000000, 0.8085448346670858211 ),
 .UNSPECIFIED. ) ;
#1199 = CARTESIAN_POINT ( 'NONE',  ( -12.95554554620889576, -17.50000000000000000, -57.35020924114667906 ) ) ;
#1200 = CARTESIAN_POINT ( 'NONE',  ( -13.41630528388378529, 17.50000000000000000, -26.49710990973274605 ) ) ;
#1201 = CARTESIAN_POINT ( 'NONE',  ( -17.06970171764654509, 17.50000000000000000, -43.30001332882125098 ) ) ;
#1202 = CARTESIAN_POINT ( 'NONE',  ( -11.42147178923921302, 15.50000000000000000, -53.74866186926369238 ) ) ;
#1203 = CARTESIAN_POINT ( 'NONE',  ( -14.38977575992830893, 17.50000000000000711, -48.51600711127780130 ) ) ;
#1204 = ORIENTED_EDGE ( 'NONE', *, *, #6617, .F. ) ;
#1205 = CARTESIAN_POINT ( 'NONE',  ( -12.69900499264153737, 15.50003011153411947, -26.81573391013176177 ) ) ;
#1206 = DIRECTION ( 'NONE',  ( 0.000000000000000000, -0.000000000000000000, -1.000000000000000000 ) ) ;
#1207 = CARTESIAN_POINT ( 'NONE',  ( 10.70448233541870486, 10.49999999999997513, -28.17698057040626125 ) ) ;
#1208 = DIRECTION ( 'NONE',  ( -0.7071067811866942332, 0.7071067811864006902, -0.000000000000000000 ) ) ;
#1209 = CARTESIAN_POINT ( 'NONE',  ( 35.00000000000001421, -59.59579793292776628, -199.3761257540505483 ) ) ;
#1210 = CARTESIAN_POINT ( 'NONE',  ( 5.000000000000000000, -2.499999999999998668, -51.00000000000000711 ) ) ;
#1211 = CARTESIAN_POINT ( 'NONE',  ( -14.99999999999999645, 3.234777356430452055, 24.81248959086563133 ) ) ;
#1212 = ADVANCED_FACE ( 'NONE', ( #2048 ), #7024, .F. ) ;
#1213 = CARTESIAN_POINT ( 'NONE',  ( -6.000000000000000000, 53.34209283689230574, -41.56676318060156916 ) ) ;
#1214 = ORIENTED_EDGE ( 'NONE', *, *, #582, .F. ) ;
#1215 = CARTESIAN_POINT ( 'NONE',  ( -8.388861359695916065, -17.50000000000000000, -62.75126594970570437 ) ) ;
#1216 = CARTESIAN_POINT ( 'NONE',  ( 10.97150068419585622, 17.49999999999999645, -57.19253452666882254 ) ) ;
#1217 = CARTESIAN_POINT ( 'NONE',  ( 15.36385408906540384, -17.57090076037477644, -120.3283629879249901 ) ) ;
#1218 = DATE_AND_TIME ( #8183, #5981 ) ;
#1219 = CARTESIAN_POINT ( 'NONE',  ( 3.232186483708316516, 17.50000000000000000, -64.99999945265899726 ) ) ;
#1220 = VECTOR ( 'NONE', #7420, 1000.000000000000000 ) ;
#1221 = CARTESIAN_POINT ( 'NONE',  ( 14.21760954380166275, 17.49999999999999645, -27.08848706476788593 ) ) ;
#1222 = CARTESIAN_POINT ( 'NONE',  ( -37.00000000000001421, -89.93670488367540372, -201.1030720130492284 ) ) ;
#1223 = VERTEX_POINT ( 'NONE', #39 ) ;
#1224 = CARTESIAN_POINT ( 'NONE',  ( -5.003651368368909225, 15.50000000000000533, -61.35018665158956708 ) ) ;
#1225 = CARTESIAN_POINT ( 'NONE',  ( -6.000000000000000000, 49.08720012175118796, 20.50474224124541678 ) ) ;
#1226 = CARTESIAN_POINT ( 'NONE',  ( 17.80641696530744156, -60.93506722038463153, -144.8044828246896145 ) ) ;
#1227 = CARTESIAN_POINT ( 'NONE',  ( -4.735993486103559746, 17.50000000000000000, -62.55499530096647476 ) ) ;
#1228 = CARTESIAN_POINT ( 'NONE',  ( -6.696050223696044412, 15.49999999999997335, -60.25330762149274477 ) ) ;
#1229 = DIRECTION ( 'NONE',  ( 0.000000000000000000, -0.9396926207859103153, 0.3420201433256636059 ) ) ;
#1230 = LINE ( 'NONE', #2011, #4443 ) ;
#1231 = CARTESIAN_POINT ( 'NONE',  ( -13.83534209237270218, 15.50000000000000178, -28.91233681123289756 ) ) ;
#1232 = PERSON_AND_ORGANIZATION ( #5299, #8168 ) ;
#1233 = ADVANCED_FACE ( 'NONE', ( #4839 ), #3465, .F. ) ;
#1234 = CARTESIAN_POINT ( 'NONE',  ( 13.52132097564916080, 17.50000000000000000, -56.77992417203271458 ) ) ;
#1235 = VERTEX_POINT ( 'NONE', #4886 ) ;
#1236 = CARTESIAN_POINT ( 'NONE',  ( -15.00240574293435714, -24.79567195388979073, -68.91042536112450989 ) ) ;
#1237 = VERTEX_POINT ( 'NONE', #4193 ) ;
#1238 = CARTESIAN_POINT ( 'NONE',  ( -4.299591355720548513, -2.499999999999995115, -60.03301730895790911 ) ) ;
#1239 = CARTESIAN_POINT ( 'NONE',  ( -34.93144720612022525, -48.74329729351295981, -198.0052240917725328 ) ) ;
#1240 = CARTESIAN_POINT ( 'NONE',  ( 20.55500689607282538, -16.08241933000162049, -110.0421314932428345 ) ) ;
#1241 = EDGE_LOOP ( 'NONE', ( #3550, #3216, #7469, #6984, #7462 ) ) ;
#1242 = ADVANCED_FACE ( 'NONE', ( #6152 ), #8946, .F. ) ;
#1243 = DIRECTION ( 'NONE',  ( 0.000000000000000000, 0.08715574274765917895, 0.9961946980917454342 ) ) ;
#1244 = B_SPLINE_CURVE_WITH_KNOTS ( 'NONE', 3,
 ( #5607, #8403, #1550, #1460 ),
 .UNSPECIFIED., .F., .F.,
 ( 4, 4 ),
 ( 2.869801025277870459E-16, 4.674934112817574484E-05 ),
 .UNSPECIFIED. ) ;
#1245 = CARTESIAN_POINT ( 'NONE',  ( -14.82462674240799139, 17.49999999999999645, -28.72192569001910201 ) ) ;
#1246 = EDGE_CURVE ( 'NONE', #4709, #1237, #8489, .T. ) ;
#1247 = CARTESIAN_POINT ( 'NONE',  ( -10.01554887819784767, -0.6571486134669015655, -61.06646554759579715 ) ) ;
#1248 = CARTESIAN_POINT ( 'NONE',  ( -11.21247481388003564, 15.50000000000000178, -54.19357215010335693 ) ) ;
#1249 = EDGE_LOOP ( 'NONE', ( #187, #5594, #7597, #6642, #4426, #8786 ) ) ;
#1250 = CARTESIAN_POINT ( 'NONE',  ( -7.143062368305887588, 8.228300951010870889, 29.39471207300737277 ) ) ;
#1251 = VECTOR ( 'NONE', #8713, 1000.000000000000000 ) ;
#1252 = ADVANCED_FACE ( 'NONE', ( #1649 ), #4590, .F. ) ;
#1253 = CARTESIAN_POINT ( 'NONE',  ( -7.500000000000000000, -15.00000000000000000, -4.000000000000000888 ) ) ;
#1254 = CARTESIAN_POINT ( 'NONE',  ( 10.69855484691754377, 10.49999999999997158, -28.17538287163842270 ) ) ;
#1255 = DIRECTION ( 'NONE',  ( -0.000000000000000000, 1.000000000000000000, -0.000000000000000000 ) ) ;
#1256 = CARTESIAN_POINT ( 'NONE',  ( -15.29004317272323554, -15.67151520904896955, -113.0097242981975683 ) ) ;
#1257 = CARTESIAN_POINT ( 'NONE',  ( -10.01260801882105334, -0.6584261997214283513, -61.06997568698150047 ) ) ;
#1258 = AXIS2_PLACEMENT_3D ( 'NONE', #2974, #6487, #5755 ) ;
#1259 = EDGE_CURVE ( 'NONE', #7040, #6075, #8216, .T. ) ;
#1260 = CARTESIAN_POINT ( 'NONE',  ( 9.851822289794284870, 15.49999999999996447, -57.07890851957782274 ) ) ;
#1261 = DIRECTION ( 'NONE',  ( 0.000000000000000000, 0.000000000000000000, -1.000000000000000000 ) ) ;
#1262 = EDGE_LOOP ( 'NONE', ( #1015, #4861, #4359, #6294 ) ) ;
#1263 = CARTESIAN_POINT ( 'NONE',  ( -6.000000000000000000, 47.21989972959759996, -28.22288202021100645 ) ) ;
#1264 = CARTESIAN_POINT ( 'NONE',  ( 34.12751465298056530, -40.85769061197981955, -210.8904152357193595 ) ) ;
#1265 = CARTESIAN_POINT ( 'NONE',  ( 7.469989300835940149, 17.50000000000001421, -61.11995402958305590 ) ) ;
#1266 = CARTESIAN_POINT ( 'NONE',  ( 20.00000000000000355, -20.07818333825529677, -70.62745079770515133 ) ) ;
#1267 = CARTESIAN_POINT ( 'NONE',  ( 6.501602575196775646, 17.50000000000000000, -61.80270880653171872 ) ) ;
#1268 = EDGE_CURVE ( 'NONE', #1711, #3276, #1510, .T. ) ;
#1269 = DIRECTION ( 'NONE',  ( 0.000000000000000000, 0.9961946980917454342, -0.08715574274765880425 ) ) ;
#1270 = CARTESIAN_POINT ( 'NONE',  ( 14.83246381012960136, 17.50000000000000711, -28.08417080589174120 ) ) ;
#1271 = VERTEX_POINT ( 'NONE', #7956 ) ;
#1272 = ORIENTED_EDGE ( 'NONE', *, *, #8701, .F. ) ;
#1273 = CARTESIAN_POINT ( 'NONE',  ( -7.513355308164531898, 15.50000000000000000, -59.54772738892128103 ) ) ;
#1274 = EDGE_CURVE ( 'NONE', #5867, #367, #8055, .T. ) ;
#1275 = FACE_BOUND ( 'NONE', #6585, .T. ) ;
#1276 = CARTESIAN_POINT ( 'NONE',  ( 20.42180390381937727, -42.87474113890012717, -119.4983505220724425 ) ) ;
#1277 = AXIS2_PLACEMENT_3D ( 'NONE', #2606, #419, #6677 ) ;
#1278 = CARTESIAN_POINT ( 'NONE',  ( -2.370661196449486585, 17.50000000000000000, -62.99999999999944578 ) ) ;
#1279 = CARTESIAN_POINT ( 'NONE',  ( -6.744325054466607128, 15.49999999999996980, -60.21467455786751799 ) ) ;
#1280 = CARTESIAN_POINT ( 'NONE',  ( 9.222175327928614053, 0.2614814342467199348, -59.43182021892958744 ) ) ;
#1281 = PLANE ( 'NONE',  #4137 ) ;
#1282 = CARTESIAN_POINT ( 'NONE',  ( -13.79763341045370062, 15.50000000000000533, -28.80888449060898893 ) ) ;
#1283 = APPROVAL_DATE_TIME ( #8827, #2774 ) ;
#1284 = CARTESIAN_POINT ( 'NONE',  ( 9.519032523883295127, 17.50000000000000000, -62.01484860187618153 ) ) ;
#1285 = VERTEX_POINT ( 'NONE', #4340 ) ;
#1286 = CARTESIAN_POINT ( 'NONE',  ( 32.94873743523484677, -41.78419929178330960, -195.0759843445525803 ) ) ;
#1287 = ORIENTED_EDGE ( 'NONE', *, *, #1655, .F. ) ;
#1288 = CARTESIAN_POINT ( 'NONE',  ( 7.180084917792225241, -17.50000000000000000, -63.74309684585509217 ) ) ;
#1289 = CARTESIAN_POINT ( 'NONE',  ( -34.89595178383958540, -78.05564445357143200, -192.6572910914161412 ) ) ;
#1290 = CARTESIAN_POINT ( 'NONE',  ( 20.36366392597367536, -51.03048806366756907, -144.0416663034832823 ) ) ;
#1291 = VERTEX_POINT ( 'NONE', #7167 ) ;
#1292 = DATE_AND_TIME ( #1979, #1751 ) ;
#1293 = AXIS2_PLACEMENT_3D ( 'NONE', #97, #3672, #8572 ) ;
#1294 = CARTESIAN_POINT ( 'NONE',  ( -14.60921615860754663, 17.50000000000000000, -28.16038277005113954 ) ) ;
#1295 = B_SPLINE_CURVE_WITH_KNOTS ( 'NONE', 3,
 ( #1299, #8933, #3997, #3309, #2073, #7512, #4082, #6873, #3405, #6182, #8978, #2709, #5502, #2029, #4822, #7604, #1350, #2898, #7195, #796 ),
 .UNSPECIFIED., .F., .F.,
 ( 4, 2, 2, 2, 2, 2, 2, 2, 2, 4 ),
 ( 1.019804966632888795E-16, 0.006285487881001319832, 0.009428231821501932911, 0.01099960379175223858, 0.01178528977687742264, 0.01217813276943999039, 0.01237455426572123263, 0.01247276501386182339, 0.01252187038793211964, 0.01257097576200241415 ),
 .UNSPECIFIED. ) ;
#1296 = CARTESIAN_POINT ( 'NONE',  ( -1.171572875253809709, 69.73362886642219394, -6.100901992336143387 ) ) ;
#1297 = DIRECTION ( 'NONE',  ( -0.000000000000000000, 0.3420201433256680468, 0.9396926207859086499 ) ) ;
#1298 = ORIENTED_EDGE ( 'NONE', *, *, #2656, .T. ) ;
#1299 = CARTESIAN_POINT ( 'NONE',  ( 34.93255404056737490, -85.79189844232274709, -196.5850072937473954 ) ) ;
#1300 = VECTOR ( 'NONE', #1896, 1000.000000000000114 ) ;
#1301 = CARTESIAN_POINT ( 'NONE',  ( -10.69613285007865322, 10.49999999999996803, -28.26107352068909151 ) ) ;
#1302 = CARTESIAN_POINT ( 'NONE',  ( 12.15409954731956965, 10.49999999999997158, -29.44079626916006731 ) ) ;
#1303 = CARTESIAN_POINT ( 'NONE',  ( -35.00000000000000711, 5.000000000000000000, 24.00000000000000000 ) ) ;
#1304 = EDGE_CURVE ( 'NONE', #3582, #4093, #906, .T. ) ;
#1305 = ORGANIZATION ( 'NAUO-ORG2', 'UNSPECIFIED', 'UNSPECIFIED' ) ;
#1306 = CARTESIAN_POINT ( 'NONE',  ( 34.99999999999999289, -40.55793284109955721, -211.6262308338315279 ) ) ;
#1307 = DIRECTION ( 'NONE',  ( -1.000000000000000000, -0.000000000000000000, -0.000000000000000000 ) ) ;
#1308 = CARTESIAN_POINT ( 'NONE',  ( 10.64133075977537146, 15.49999999999997335, -55.79560004222108205 ) ) ;
#1309 = CARTESIAN_POINT ( 'NONE',  ( 15.00000000000000355, -7.011872312450472045, 25.70895527601439667 ) ) ;
#1310 = ORIENTED_EDGE ( 'NONE', *, *, #1079, .F. ) ;
#1311 = FACE_OUTER_BOUND ( 'NONE', #7397, .T. ) ;
#1312 = CARTESIAN_POINT ( 'NONE',  ( 7.300340417017942229, 17.50000000000000355, -61.25045155389160811 ) ) ;
#1313 = CARTESIAN_POINT ( 'NONE',  ( 33.22981084158505638, -41.95792339453466724, -195.8268916435432629 ) ) ;
#1314 = EDGE_CURVE ( 'NONE', #6915, #5618, #4174, .T. ) ;
#1315 = SHAPE_DEFINITION_REPRESENTATION ( #931, #7074 ) ;
#1316 = CARTESIAN_POINT ( 'NONE',  ( -10.69894768512245875, -2.499999999999998668, -56.83006848498786923 ) ) ;
#1317 = CARTESIAN_POINT ( 'NONE',  ( 13.37266022667751209, 17.50000000000000000, -26.23665706652063889 ) ) ;
#1318 = EDGE_CURVE ( 'NONE', #7045, #2793, #3953, .T. ) ;
#1319 = CARTESIAN_POINT ( 'NONE',  ( -24.94610727442008624, -61.08946329838697409, -157.3046889816090186 ) ) ;
#1320 = ORIENTED_EDGE ( 'NONE', *, *, #1568, .T. ) ;
#1321 = EDGE_LOOP ( 'NONE', ( #2896, #8849, #3952, #1849 ) ) ;
#1322 = CARTESIAN_POINT ( 'NONE',  ( -2.992773158479910212, 15.50000000000000000, -61.96452940142114585 ) ) ;
#1323 = DIRECTION ( 'NONE',  ( 0.000000000000000000, 0.000000000000000000, -1.000000000000000000 ) ) ;
#1324 = CARTESIAN_POINT ( 'NONE',  ( 15.43738724766067349, -47.70661372059412741, -117.0497688910864156 ) ) ;
#1325 = CARTESIAN_POINT ( 'NONE',  ( -7.163539076389866977, 17.50000000000000000, -61.15769310859275265 ) ) ;
#1326 = CARTESIAN_POINT ( 'NONE',  ( -4.624002788837968225, 15.49999999999997335, -61.52313677586987950 ) ) ;
#1327 = CARTESIAN_POINT ( 'NONE',  ( -34.97751801352249856, -86.84615238440926532, -198.8001538033365989 ) ) ;
#1328 = VECTOR ( 'NONE', #5019, 1000.000000000000000 ) ;
#1329 = CARTESIAN_POINT ( 'NONE',  ( -6.000000000000001776, 47.21989972959759996, -28.22288202021100645 ) ) ;
#1330 = AXIS2_PLACEMENT_3D ( 'NONE', #1414, #4793, #4147 ) ;
#1331 = EDGE_CURVE ( 'NONE', #2475, #5067, #6571, .T. ) ;
#1332 = CARTESIAN_POINT ( 'NONE',  ( -10.59437397190338004, 10.49999999999997513, -28.21967492834631130 ) ) ;
#1333 = CALENDAR_DATE ( 2026, 29, 5 ) ;
#1334 = ADVANCED_FACE ( 'NONE', ( #2181 ), #5668, .T. ) ;
#1335 = CC_DESIGN_PERSON_AND_ORGANIZATION_ASSIGNMENT ( #4025, #1876, ( #2179 ) ) ;
#1336 = CARTESIAN_POINT ( 'NONE',  ( 11.61065038037083852, 17.50000000000000355, -59.76618467075241625 ) ) ;
#1337 = ORIENTED_EDGE ( 'NONE', *, *, #4230, .F. ) ;
#1338 = LINE ( 'NONE', #6166, #202 ) ;
#1339 = EDGE_LOOP ( 'NONE', ( #2505, #4474, #4708, #1830 ) ) ;
#1340 = FACE_OUTER_BOUND ( 'NONE', #4732, .T. ) ;
#1341 = VECTOR ( 'NONE', #1485, 1000.000000000000114 ) ;
#1342 = CARTESIAN_POINT ( 'NONE',  ( -34.97714906870672280, -51.67802546194457847, -207.5788481175592324 ) ) ;
#1343 = CARTESIAN_POINT ( 'NONE',  ( 19.99999999999998934, -13.09465179949443225, -73.16924840787331163 ) ) ;
#1344 = EDGE_LOOP ( 'NONE', ( #5123, #5356, #7889, #6993 ) ) ;
#1345 = DIRECTION ( 'NONE',  ( 1.000000000000000000, 0.000000000000000000, 0.000000000000000000 ) ) ;
#1346 = CARTESIAN_POINT ( 'NONE',  ( -12.42515130932393674, 15.49999999999997513, -26.94642197443078757 ) ) ;
#1347 = DIRECTION ( 'NONE',  ( 0.000000000000000000, -0.3420201433256652157, 0.9396926207859097602 ) ) ;
#1348 = CARTESIAN_POINT ( 'NONE',  ( -13.24930546509160934, 15.50000000000000178, -48.91628828609739088 ) ) ;
#1349 = EDGE_LOOP ( 'NONE', ( #3576, #5787, #7303, #4055 ) ) ;
#1350 = CARTESIAN_POINT ( 'NONE',  ( 29.74308641059644742, -80.90930553483185861, -186.3259433196839723 ) ) ;
#1351 = CARTESIAN_POINT ( 'NONE',  ( -4.198888242569386087, 17.50000000000002132, -62.73571290539975109 ) ) ;
#1352 = CARTESIAN_POINT ( 'NONE',  ( -10.76242469373112343, 10.49999999999996803, -28.28921055515040095 ) ) ;
#1353 = CARTESIAN_POINT ( 'NONE',  ( 10.69574553924743654, 10.49999999999996980, -28.17462881220136950 ) ) ;
#1354 = CARTESIAN_POINT ( 'NONE',  ( 34.80652825230320246, -41.59567102514899517, -201.4802672869476226 ) ) ;
#1355 = CARTESIAN_POINT ( 'NONE',  ( -19.41109385617983207, -29.36542609922803848, -165.9175641337543539 ) ) ;
#1356 = DIRECTION ( 'NONE',  ( 0.000000000000000000, 0.000000000000000000, 1.000000000000000000 ) ) ;
#1357 = ADVANCED_FACE ( 'NONE', ( #1735 ), #1124, .F. ) ;
#1358 = CARTESIAN_POINT ( 'NONE',  ( -34.72382355168821277, -38.48283812885084387, -201.7397258176127934 ) ) ;
#1359 = CARTESIAN_POINT ( 'NONE',  ( 10.05857469572953100, 15.49999999999997513, -56.76451936157252476 ) ) ;
#1360 = DIRECTION ( 'NONE',  ( 0.000000000000000000, 0.000000000000000000, 1.000000000000000000 ) ) ;
#1361 = ORIENTED_EDGE ( 'NONE', *, *, #3818, .F. ) ;
#1362 = DIRECTION ( 'NONE',  ( -1.000000000000000000, -0.000000000000000000, -0.000000000000000000 ) ) ;
#1363 = CARTESIAN_POINT ( 'NONE',  ( -5.552321193365691521, 17.50000000000001421, -62.19293406427384241 ) ) ;
#1364 = EDGE_CURVE ( 'NONE', #7713, #2915, #5413, .T. ) ;
#1365 = CARTESIAN_POINT ( 'NONE',  ( 15.84440810449556558, -22.55373253234729702, -139.5330988303976767 ) ) ;
#1366 = APPLICATION_PROTOCOL_DEFINITION ( 'international standard', 'config_control_design', 1994, #6678 ) ;
#1367 = CARTESIAN_POINT ( 'NONE',  ( 11.18537414477441594, 17.49999999999999645, -56.84520594259839044 ) ) ;
#1368 = AXIS2_PLACEMENT_3D ( 'NONE', #6903, #8334, #3979 ) ;
#1369 = B_SPLINE_CURVE_WITH_KNOTS ( 'NONE', 3,
 ( #2914, #4334, #9037, #8987, #8312, #4140, #3459, #8597, #991, #5110, #3780, #6567 ),
 .UNSPECIFIED., .F., .F.,
 ( 4, 2, 2, 2, 2, 4 ),
 ( -1.414213562373037685E-05, 0.002556533268602142420, 0.003841870970715078031, 0.005127208672828014943, 0.007697884077053887032, 0.01026855948127975912 ),
 .UNSPECIFIED. ) ;
#1370 = CARTESIAN_POINT ( 'NONE',  ( -14.99999999999999822, -6.001819538171618618, -75.75082822763786794 ) ) ;
#1371 = CARTESIAN_POINT ( 'NONE',  ( 13.31007205342308986, 17.49999999999998934, -26.18748526636241181 ) ) ;
#1372 = EDGE_CURVE ( 'NONE', #2434, #3856, #6125, .T. ) ;
#1373 = VERTEX_POINT ( 'NONE', #482 ) ;
#1374 = VERTEX_POINT ( 'NONE', #5371 ) ;
#1375 = EDGE_LOOP ( 'NONE', ( #7279, #678, #3648, #7122 ) ) ;
#1376 = CARTESIAN_POINT ( 'NONE',  ( -9.369420062765575707, 15.50000000000000000, -57.40720506784357724 ) ) ;
#1377 = FACE_BOUND ( 'NONE', #6499, .T. ) ;
#1378 = CARTESIAN_POINT ( 'NONE',  ( 32.22802183744779114, -83.86782332359895520, -192.4209681835350807 ) ) ;
#1379 = AXIS2_PLACEMENT_3D ( 'NONE', #8468, #2246, #7038 ) ;
#1380 = CARTESIAN_POINT ( 'NONE',  ( 11.04343515833981293, 15.50000000000000178, -55.05052081467314196 ) ) ;
#1381 = CARTESIAN_POINT ( 'NONE',  ( -14.73638016361218384, 16.83333333333332504, -30.30001121459363134 ) ) ;
#1382 = CARTESIAN_POINT ( 'NONE',  ( 10.88747810904451718, -0.2286394557275985284, -59.85965445125232520 ) ) ;
#1383 = EDGE_CURVE ( 'NONE', #8088, #4719, #5128, .T. ) ;
#1384 = CARTESIAN_POINT ( 'NONE',  ( -11.72253205559746547, 15.50000000000000178, -26.53037522716365615 ) ) ;
#1385 = CARTESIAN_POINT ( 'NONE',  ( 4.969533963534212617, 17.50000000000000355, -64.75262793247161142 ) ) ;
#1386 = ORIENTED_EDGE ( 'NONE', *, *, #3609, .F. ) ;
#1387 = PLANE ( 'NONE',  #1379 ) ;
#1388 = CARTESIAN_POINT ( 'NONE',  ( 16.57956519158476993, -17.50000000000000000, -49.12834839277108756 ) ) ;
#1389 = CARTESIAN_POINT ( 'NONE',  ( 3.253350027167932090, 15.50000000000000355, -61.96425630390783823 ) ) ;
#1390 = CARTESIAN_POINT ( 'NONE',  ( 26.12300448420824139, -32.57369020794578063, -178.2315155235821464 ) ) ;
#1391 = ORIENTED_EDGE ( 'NONE', *, *, #1731, .T. ) ;
#1392 = SECURITY_CLASSIFICATION_LEVEL ( 'unclassified' ) ;
#1393 = LINE ( 'NONE', #4168, #7343 ) ;
#1394 = DIRECTION ( 'NONE',  ( 1.000000000000000000, -0.000000000000000000, 0.000000000000000000 ) ) ;
#1395 = CARTESIAN_POINT ( 'NONE',  ( -13.94743902900273191, 15.49999999999997691, -29.29351981175868858 ) ) ;
#1396 = CARTESIAN_POINT ( 'NONE',  ( 20.27612680808156753, -36.34382532839622115, -105.5493721566359113 ) ) ;
#1397 = CARTESIAN_POINT ( 'NONE',  ( -6.958748079827002719, 17.50000000000000000, -63.70662176918594355 ) ) ;
#1398 = ORIENTED_EDGE ( 'NONE', *, *, #6775, .F. ) ;
#1399 = CARTESIAN_POINT ( 'NONE',  ( -6.164467009878579873, 10.59980777992151957, 29.18723211000337514 ) ) ;
#1400 = EDGE_CURVE ( 'NONE', #7069, #7408, #159, .T. ) ;
#1401 = CARTESIAN_POINT ( 'NONE',  ( 11.86280648071663713, 15.50000000000000000, -26.47317208634765251 ) ) ;
#1402 = DIRECTION ( 'NONE',  ( 1.040834085586084059E-15, 0.08715574274765880425, 0.9961946980917455452 ) ) ;
#1403 = CARTESIAN_POINT ( 'NONE',  ( -5.183955911964133634, 10.95797460131800527, -59.12475505451251934 ) ) ;
#1404 = DIRECTION ( 'NONE',  ( -0.7750859297768608602, 0.000000000000000000, -0.6318558391452429035 ) ) ;
#1405 = CARTESIAN_POINT ( 'NONE',  ( 13.03003637509811519, 15.49999999999997513, -50.44539304702813354 ) ) ;
#1406 = CARTESIAN_POINT ( 'NONE',  ( -20.67117900092350524, -16.40799853068362424, -115.8475132498585367 ) ) ;
#1407 = CARTESIAN_POINT ( 'NONE',  ( 20.00000000000000355, -10.70028264210113811, -74.04072751100946448 ) ) ;
#1408 = VERTEX_POINT ( 'NONE', #1306 ) ;
#1409 = CARTESIAN_POINT ( 'NONE',  ( -14.85334737416949480, 17.50000000000000000, -46.19117032999880479 ) ) ;
#1410 = CARTESIAN_POINT ( 'NONE',  ( -16.96406644303513644, -17.50000000000000000, -45.67676378678276450 ) ) ;
#1411 = CARTESIAN_POINT ( 'NONE',  ( 15.43146562996713378, -19.25043377386774424, -126.7998744115238452 ) ) ;
#1412 = PERSON_AND_ORGANIZATION ( #5299, #8168 ) ;
#1413 = CARTESIAN_POINT ( 'NONE',  ( 11.79260760320333468, 17.50000000000000711, -55.77352064618719396 ) ) ;
#1414 = CARTESIAN_POINT ( 'NONE',  ( 20.00000000000000355, -19.66536980400483969, -54.81503604933588036 ) ) ;
#1415 = CARTESIAN_POINT ( 'NONE',  ( 14.78017852505571739, 17.50000000000000711, -27.97643951226100256 ) ) ;
#1416 = CARTESIAN_POINT ( 'NONE',  ( -20.42576554868859873, -43.04786745643190926, -119.8688996700906984 ) ) ;
#1417 = ADVANCED_FACE ( 'NONE', ( #2038 ), #6189, .F. ) ;
#1418 = ORIENTED_EDGE ( 'NONE', *, *, #4244, .F. ) ;
#1419 = EDGE_LOOP ( 'NONE', ( #8963, #8367, #5211, #3358, #6407, #2719 ) ) ;
#1420 = CARTESIAN_POINT ( 'NONE',  ( -11.10543080211508915, 15.50000000000000355, -54.41491062878348828 ) ) ;
#1421 = FACE_BOUND ( 'NONE', #6202, .T. ) ;
#1422 = VECTOR ( 'NONE', #7220, 1000.000000000000114 ) ;
#1423 = CARTESIAN_POINT ( 'NONE',  ( 34.74689390508349618, -80.91714865533604950, -186.3416357450991825 ) ) ;
#1424 = CARTESIAN_POINT ( 'NONE',  ( 3.253350027167932090, 15.50000000000000355, -61.96425630390783823 ) ) ;
#1425 = DIRECTION ( 'NONE',  ( -0.6081204024113490147, 0.2715109143604645392, 0.7459701063408663568 ) ) ;
#1426 = EDGE_CURVE ( 'NONE', #5618, #3767, #4043, .T. ) ;
#1427 = CARTESIAN_POINT ( 'NONE',  ( 15.48026334057331077, 17.50000000000000000, -52.49266155133522460 ) ) ;
#1428 = DATE_AND_TIME ( #3477, #2765 ) ;
#1429 = CARTESIAN_POINT ( 'NONE',  ( 9.149233031515418446, 17.49999999999999645, -62.33281366372040821 ) ) ;
#1430 = ORIENTED_EDGE ( 'NONE', *, *, #3174, .T. ) ;
#1431 = DIRECTION ( 'NONE',  ( -1.000000000000000000, -0.000000000000000000, -0.000000000000000000 ) ) ;
#1432 = CONICAL_SURFACE ( 'NONE', #3183, 16.00000000000003553, 0.7853981633974435050 ) ;
#1433 = EDGE_LOOP ( 'NONE', ( #4795, #631, #5010, #3715 ) ) ;
#1434 = CARTESIAN_POINT ( 'NONE',  ( -19.84231687231576302, -9.533543845943034611, -74.60215743943287237 ) ) ;
#1435 = CARTESIAN_POINT ( 'NONE',  ( -1.999999999999996669, 54.71017341019496172, -45.32553366374518333 ) ) ;
#1436 = CARTESIAN_POINT ( 'NONE',  ( -15.06970146239568820, 17.50000000000000000, -43.56040021670464313 ) ) ;
#1437 = ORIENTED_EDGE ( 'NONE', *, *, #5542, .F. ) ;
#1438 = DATE_AND_TIME ( #7097, #136 ) ;
#1439 = CARTESIAN_POINT ( 'NONE',  ( 13.27923110779110694, 17.50000000000000000, -52.59551371240264928 ) ) ;
#1440 = VECTOR ( 'NONE', #3637, 1000.000000000000114 ) ;
#1441 = CARTESIAN_POINT ( 'NONE',  ( 1.171572875253783508, 67.79366450551655987, -28.27479610298017576 ) ) ;
#1442 = CARTESIAN_POINT ( 'NONE',  ( -35.00000000000001421, -87.37327935545148705, -199.9077270581289270 ) ) ;
#1443 = ORIENTED_EDGE ( 'NONE', *, *, #6278, .F. ) ;
#1444 = FACE_OUTER_BOUND ( 'NONE', #5434, .T. ) ;
#1445 = CARTESIAN_POINT ( 'NONE',  ( -34.52336234840124263, -38.34094040807063664, -201.1752177861776829 ) ) ;
#1446 = CARTESIAN_POINT ( 'NONE',  ( 5.852797588012865759, 10.49999999999996980, -58.57128785067021681 ) ) ;
#1447 = ORIENTED_EDGE ( 'NONE', *, *, #4040, .T. ) ;
#1448 = AXIS2_PLACEMENT_3D ( 'NONE', #5212, #4530, #7314 ) ;
#1449 = VECTOR ( 'NONE', #3054, 1000.000000000000114 ) ;
#1450 = CARTESIAN_POINT ( 'NONE',  ( -10.94121167312551535, 10.49999999999997158, -28.37777778381479266 ) ) ;
#1451 = CARTESIAN_POINT ( 'NONE',  ( 11.28597587836169147, 15.50000000000000355, -26.26287602568510948 ) ) ;
#1452 = EDGE_CURVE ( 'NONE', #2697, #2793, #745, .T. ) ;
#1453 = CARTESIAN_POINT ( 'NONE',  ( 34.81734039722506679, -42.34511788714231528, -200.4720862469673932 ) ) ;
#1454 = CARTESIAN_POINT ( 'NONE',  ( -15.00240574293443174, -6.001819538171618618, -75.75082822763786794 ) ) ;
#1455 = CARTESIAN_POINT ( 'NONE',  ( -7.610428226744544666, 10.49999999999997335, -56.42722313746911311 ) ) ;
#1456 = CARTESIAN_POINT ( 'NONE',  ( 18.01887785583251755, -27.34300328128847823, -158.0619351877060694 ) ) ;
#1457 = CC_DESIGN_PERSON_AND_ORGANIZATION_ASSIGNMENT ( #4314, #6275, ( #429 ) ) ;
#1458 = CARTESIAN_POINT ( 'NONE',  ( 11.51246173099122139, 15.49999999999996980, -54.10463929111909920 ) ) ;
#1459 =( GEOMETRIC_REPRESENTATION_CONTEXT ( 3 ) GLOBAL_UNCERTAINTY_ASSIGNED_CONTEXT ( ( #7320 ) ) GLOBAL_UNIT_ASSIGNED_CONTEXT ( ( #6226, #5455, #2616 ) ) REPRESENTATION_CONTEXT ( 'NONE', 'WORKASPACE' ) );
#1460 = CARTESIAN_POINT ( 'NONE',  ( -11.19473306714877126, 10.85344769480775540, -28.36803453448748158 ) ) ;
#1461 = ORIENTED_EDGE ( 'NONE', *, *, #1195, .T. ) ;
#1462 = CARTESIAN_POINT ( 'NONE',  ( 24.29971465992061397, -34.24119359994050882, -163.6377997110408842 ) ) ;
#1463 = CC_DESIGN_APPROVAL ( #4962, ( #1759 ) ) ;
#1464 = CARTESIAN_POINT ( 'NONE',  ( 10.52737446403934207, 17.50000000000000355, -57.86584601299259134 ) ) ;
#1465 = LINE ( 'NONE', #675, #11 ) ;
#1466 = CARTESIAN_POINT ( 'NONE',  ( 12.81549442288726759, 17.49999999999999645, -25.80471709842269590 ) ) ;
#1467 = CARTESIAN_POINT ( 'NONE',  ( -10.22408385488061100, -26.08180391718202884, -153.1222447169148211 ) ) ;
#1468 = ORIENTED_EDGE ( 'NONE', *, *, #946, .T. ) ;
#1469 = EDGE_LOOP ( 'NONE', ( #7783, #360, #4343, #4821 ) ) ;
#1470 = CARTESIAN_POINT ( 'NONE',  ( 5.000000000000000000, -2.499999999999998668, -51.00000000000000711 ) ) ;
#1471 = DIRECTION ( 'NONE',  ( 9.060998465656665664E-07, 0.000000000000000000, -0.9999999999995894395 ) ) ;
#1472 = CARTESIAN_POINT ( 'NONE',  ( 34.99344801578484976, -76.62908751426013509, -188.3201761706595221 ) ) ;
#1473 = CARTESIAN_POINT ( 'NONE',  ( 2.755054696695962591, 15.49999999999999645, -61.99999425281606591 ) ) ;
#1474 = B_SPLINE_CURVE_WITH_KNOTS ( 'NONE', 3,
 ( #5204, #6574, #8001, #3875, #1738, #7304, #1044, #3834 ),
 .UNSPECIFIED., .F., .F.,
 ( 4, 2, 2, 4 ),
 ( 1.003144254802035469E-16, 0.0001738258105530842703, 0.0003476516211060681977, 0.0006953032422120279752 ),
 .UNSPECIFIED. ) ;
#1475 = CARTESIAN_POINT ( 'NONE',  ( -19.99999999999999645, -6.001819538171618618, -75.75082822763786794 ) ) ;
#1476 = CARTESIAN_POINT ( 'NONE',  ( 14.55793549357921002, 17.50000000000000000, -54.67832518146288123 ) ) ;
#1477 = APPROVAL_STATUS ( 'not_yet_approved' ) ;
#1478 = CARTESIAN_POINT ( 'NONE',  ( 6.000000000000000000, 61.85122702443587883, -4.407461352263108978 ) ) ;
#1479 = PLANE ( 'NONE',  #4876 ) ;
#1480 = CARTESIAN_POINT ( 'NONE',  ( -9.306077658498441707, 17.49999999999999645, -59.11749605243822714 ) ) ;
#1481 = VECTOR ( 'NONE', #6744, 1000.000000000000000 ) ;
#1482 = ORIENTED_EDGE ( 'NONE', *, *, #2014, .T. ) ;
#1483 = LINE ( 'NONE', #7830, #7422 ) ;
#1484 = CARTESIAN_POINT ( 'NONE',  ( 17.32779548841932993, -17.50000000000000000, 0.000000000000000000 ) ) ;
#1485 = DIRECTION ( 'NONE',  ( -0.000000000000000000, -0.9961946980917454342, 0.08715574274765880425 ) ) ;
#1486 = VERTEX_POINT ( 'NONE', #8355 ) ;
#1487 = AXIS2_PLACEMENT_3D ( 'NONE', #8273, #4099, #6891 ) ;
#1488 = MECHANICAL_CONTEXT ( 'NONE', #610, 'mechanical' ) ;
#1489 = DIRECTION ( 'NONE',  ( -0.000000000000000000, 1.000000000000000000, -0.000000000000000000 ) ) ;
#1490 = CARTESIAN_POINT ( 'NONE',  ( 15.16845317767243984, 17.50000000000000355, -45.78548263752006164 ) ) ;
#1491 = CARTESIAN_POINT ( 'NONE',  ( 20.47918795180603979, -44.22787473649460566, -122.3648747407991522 ) ) ;
#1492 = CARTESIAN_POINT ( 'NONE',  ( -11.21604474628772330, 17.50000000000000000, -59.94019369535983799 ) ) ;
#1493 = CIRCLE ( 'NONE', #3400, 2.999999999999995559 ) ;
#1494 = VERTEX_POINT ( 'NONE', #8984 ) ;
#1495 = CARTESIAN_POINT ( 'NONE',  ( -35.00000000000000711, 5.000000000000000000, -24.00000000000000000 ) ) ;
#1496 = EDGE_CURVE ( 'NONE', #5077, #6034, #5506, .T. ) ;
#1497 = DIRECTION ( 'NONE',  ( -0.000000000000000000, 1.000000000000000000, -0.000000000000000000 ) ) ;
#1498 = CIRCLE ( 'NONE', #753, 1.549999999999997602 ) ;
#1499 = CARTESIAN_POINT ( 'NONE',  ( 12.78173470821224278, 15.50000000000000000, -27.04257076808523763 ) ) ;
#1500 = CARTESIAN_POINT ( 'NONE',  ( 34.80974635312123411, -41.87700829321887852, -200.9973059828762700 ) ) ;
#1501 = CARTESIAN_POINT ( 'NONE',  ( -5.834062530152228199, 10.49999999999997158, -58.36927162602327002 ) ) ;
#1502 = CARTESIAN_POINT ( 'NONE',  ( 21.67218105740149880, -32.03835949475688949, -176.3357774326254912 ) ) ;
#1503 = CARTESIAN_POINT ( 'NONE',  ( 6.000000000000000000, 47.86977054368165341, -26.53168124802698813 ) ) ;
#1504 = CARTESIAN_POINT ( 'NONE',  ( -17.06201840009490311, -40.19464874548954469, -101.2659977042059296 ) ) ;
#1505 = CARTESIAN_POINT ( 'NONE',  ( -34.36503048082910539, -86.36811494065452166, -197.5723676572221450 ) ) ;
#1506 = DIRECTION ( 'NONE',  ( -0.000000000000000000, 1.000000000000000000, -0.000000000000000000 ) ) ;
#1507 = ORIENTED_EDGE ( 'NONE', *, *, #5227, .F. ) ;
#1508 = CARTESIAN_POINT ( 'NONE',  ( -14.28215310216070577, 17.50000000000000000, -54.71721003065470512 ) ) ;
#1509 = CARTESIAN_POINT ( 'NONE',  ( 29.68519738690587673, -38.48379225459439823, -201.7434695702381191 ) ) ;
#1510 = LINE ( 'NONE', #8454, #7012 ) ;
#1511 = CARTESIAN_POINT ( 'NONE',  ( 13.28309502188982094, 17.50000000000000355, -26.16660709160569454 ) ) ;
#1512 = CARTESIAN_POINT ( 'NONE',  ( 17.45775887235928181, -38.48283812885098598, -201.7397258176133050 ) ) ;
#1513 = ORIENTED_EDGE ( 'NONE', *, *, #8585, .F. ) ;
#1514 = CARTESIAN_POINT ( 'NONE',  ( -11.42147178923921302, 15.50000000000000000, -53.74866186926369238 ) ) ;
#1515 = LINE ( 'NONE', #1560, #3164 ) ;
#1516 = CARTESIAN_POINT ( 'NONE',  ( 37.60503081578544737, -84.40951152676382208, -193.5370189293775525 ) ) ;
#1517 = ORIENTED_EDGE ( 'NONE', *, *, #996, .F. ) ;
#1518 = CARTESIAN_POINT ( 'NONE',  ( 7.500000000000000000, -15.00000000000000000, -4.000000000000000888 ) ) ;
#1519 = CARTESIAN_POINT ( 'NONE',  ( 14.57674757056753911, 17.19937740653848479, -27.88790969108579887 ) ) ;
#1520 = CYLINDRICAL_SURFACE ( 'NONE', #5742, 1.549999999999997158 ) ;
#1521 = CONTEXT_DEPENDENT_SHAPE_REPRESENTATION ( #8895, #2986 ) ;
#1522 = CARTESIAN_POINT ( 'NONE',  ( 7.091373182222338478, -0.2346615765638584705, -59.90569195369241129 ) ) ;
#1523 = CIRCLE ( 'NONE', #5891, 1.299999999999988720 ) ;
#1524 = ORIENTED_EDGE ( 'NONE', *, *, #8949, .T. ) ;
#1525 = CARTESIAN_POINT ( 'NONE',  ( -19.99999999999999289, -10.65432823510862548, -74.11666345428589864 ) ) ;
#1526 = CARTESIAN_POINT ( 'NONE',  ( -5.000000000000000000, -15.00000000000000000, -54.00000000000000711 ) ) ;
#1527 = CARTESIAN_POINT ( 'NONE',  ( -14.61164222345991170, 17.50000000000000355, -47.54592799428432670 ) ) ;
#1528 = ORIENTED_EDGE ( 'NONE', *, *, #1496, .T. ) ;
#1529 = PERSON_AND_ORGANIZATION ( #5299, #8168 ) ;
#1530 = CARTESIAN_POINT ( 'NONE',  ( 13.15073569739449155, 17.50000000000000355, -52.90207367031387520 ) ) ;
#1531 = CARTESIAN_POINT ( 'NONE',  ( 15.45704984779102986, -48.42714044837629928, -118.5637041986969820 ) ) ;
#1532 = AXIS2_PLACEMENT_3D ( 'NONE', #5775, #7052, #7892 ) ;
#1533 = CARTESIAN_POINT ( 'NONE',  ( -13.36846257194445897, 17.50000000000000355, -56.58490903479491152 ) ) ;
#1534 = EDGE_LOOP ( 'NONE', ( #7411, #8726, #5548, #6335 ) ) ;
#1535 = ORIENTED_EDGE ( 'NONE', *, *, #6128, .F. ) ;
#1536 = CARTESIAN_POINT ( 'NONE',  ( -6.203597378445714128, 3.660504518726817036, -59.43271871480480684 ) ) ;
#1537 = EDGE_CURVE ( 'NONE', #2621, #2304, #7439, .T. ) ;
#1538 = CARTESIAN_POINT ( 'NONE',  ( 5.196522456531075917, 10.49999999999997158, -59.07407872339085486 ) ) ;
#1539 = CARTESIAN_POINT ( 'NONE',  ( -9.796124126775271890, 15.49999999999997691, -56.77100898471191925 ) ) ;
#1540 = DIRECTION ( 'NONE',  ( 0.000000000000000000, 0.000000000000000000, 1.000000000000000000 ) ) ;
#1541 = EDGE_CURVE ( 'NONE', #7125, #5025, #3371, .T. ) ;
#1542 = CARTESIAN_POINT ( 'NONE',  ( 13.66010711473450989, 15.50000000000000355, -28.02481379633148606 ) ) ;
#1543 = CARTESIAN_POINT ( 'NONE',  ( -19.99999999999999645, -10.71092834871400434, -74.03864199039195171 ) ) ;
#1544 = CARTESIAN_POINT ( 'NONE',  ( -8.104120626884332879, 10.49999999999996803, -55.70656411458885060 ) ) ;
#1545 = CARTESIAN_POINT ( 'NONE',  ( -19.97575057250525177, -5.669463818967097168, -74.47020806938482451 ) ) ;
#1546 = CARTESIAN_POINT ( 'NONE',  ( 5.000000000000000000, -15.00000000000000000, -52.45000000000000995 ) ) ;
#1547 = CARTESIAN_POINT ( 'NONE',  ( -20.32838348919211313, -32.49516034968979028, -85.08821153266552528 ) ) ;
#1548 = CARTESIAN_POINT ( 'NONE',  ( -20.27750344803639493, -11.48658698652373289, -92.73470690125628835 ) ) ;
#1549 = EDGE_CURVE ( 'NONE', #1673, #1486, #4249, .T. ) ;
#1550 = CARTESIAN_POINT ( 'NONE',  ( -11.20750096285346054, 10.85837041173711626, -28.37548980981354063 ) ) ;
#1551 = ORIENTED_EDGE ( 'NONE', *, *, #5514, .F. ) ;
#1552 = EDGE_CURVE ( 'NONE', #6075, #5259, #3629, .T. ) ;
#1553 = CARTESIAN_POINT ( 'NONE',  ( -7.214647927535629002, 17.49999999999999645, -61.11777584254993911 ) ) ;
#1554 = CARTESIAN_POINT ( 'NONE',  ( -7.500000000000000000, -15.00000000000000000, -26.00000000000000355 ) ) ;
#1555 = CARTESIAN_POINT ( 'NONE',  ( -19.99999999999999645, -16.18182293001897420, -72.04561000827644079 ) ) ;
#1556 = CARTESIAN_POINT ( 'NONE',  ( 11.01657648003692103, 11.09167599805535609, -51.48488359320921859 ) ) ;
#1557 = CARTESIAN_POINT ( 'NONE',  ( 14.19334282971931316, 15.49999999999997691, -29.24159679722992777 ) ) ;
#1558 = CARTESIAN_POINT ( 'NONE',  ( -29.00041769075017939, -38.48283812885077282, -201.7397258176126229 ) ) ;
#1559 = EDGE_LOOP ( 'NONE', ( #1447, #1868, #2131, #4679 ) ) ;
#1560 = CARTESIAN_POINT ( 'NONE',  ( 12.52783472253294583, -2.499999999999995115, -43.29999102047114690 ) ) ;
#1561 = DIRECTION ( 'NONE',  ( -9.060998516074535786E-07, 0.000000000000000000, 0.9999999999995894395 ) ) ;
#1562 = ORIENTED_EDGE ( 'NONE', *, *, #8970, .F. ) ;
#1563 = CARTESIAN_POINT ( 'NONE',  ( 9.200731009500449531, 15.50000000000000000, -57.97905278064560264 ) ) ;
#1564 = CARTESIAN_POINT ( 'NONE',  ( 15.32783472253181145, 17.50000000000000000, -43.29998848339158002 ) ) ;
#1565 = ADVANCED_FACE ( 'NONE', ( #3312 ), #921, .T. ) ;
#1566 = SECURITY_CLASSIFICATION_LEVEL ( 'unclassified' ) ;
#1567 = CARTESIAN_POINT ( 'NONE',  ( -12.75115358862466586, 15.49999999999998046, -27.24424630362737787 ) ) ;
#1568 = EDGE_CURVE ( 'NONE', #6846, #469, #2435, .T. ) ;
#1569 = CYLINDRICAL_SURFACE ( 'NONE', #6176, 180.2684435961459712 ) ;
#1570 = VECTOR ( 'NONE', #6246, 1000.000000000000114 ) ;
#1571 = ORIENTED_EDGE ( 'NONE', *, *, #1891, .T. ) ;
#1572 = PLANE ( 'NONE',  #3635 ) ;
#1573 = DIRECTION ( 'NONE',  ( 0.000000000000000000, 0.000000000000000000, 1.000000000000000000 ) ) ;
#1574 = CARTESIAN_POINT ( 'NONE',  ( -14.03758996578577012, 17.50000000000000000, -49.78503795782335573 ) ) ;
#1575 = EDGE_LOOP ( 'NONE', ( #7170, #2566, #3436, #5651 ) ) ;
#1576 = DATE_TIME_ROLE ( 'creation_date' ) ;
#1577 = CARTESIAN_POINT ( 'NONE',  ( 12.15460924290929334, 17.50000000000000711, -55.07033572746158967 ) ) ;
#1578 = AXIS2_PLACEMENT_3D ( 'NONE', #4912, #8300, #1347 ) ;
#1579 = CARTESIAN_POINT ( 'NONE',  ( -6.000000000000000000, 46.90830655305971675, -3.100125211048226692 ) ) ;
#1580 = CARTESIAN_POINT ( 'NONE',  ( -5.341812386251056033, 17.50000000000000355, -64.46578615192170503 ) ) ;
#1581 = EDGE_LOOP ( 'NONE', ( #6964, #6599, #2250, #1551 ) ) ;
#1582 = ORIENTED_EDGE ( 'NONE', *, *, #2652, .F. ) ;
#1583 = DIRECTION ( 'NONE',  ( -1.000000000000000000, -0.000000000000000000, -0.000000000000000000 ) ) ;
#1584 = CARTESIAN_POINT ( 'NONE',  ( 2.783169602940755549, 10.49999999999997158, -59.99713488461620159 ) ) ;
#1585 = AXIS2_PLACEMENT_3D ( 'NONE', #70, #9029, #2764 ) ;
#1586 = CARTESIAN_POINT ( 'NONE',  ( -14.06970012895462219, 15.49999999999996803, -43.80218558808368812 ) ) ;
#1587 = CARTESIAN_POINT ( 'NONE',  ( -15.05699896597180754, -29.48205783790674062, -78.75722879163642176 ) ) ;
#1588 = CARTESIAN_POINT ( 'NONE',  ( 13.45162265494124654, 15.50000000000000355, -27.72968907664560589 ) ) ;
#1589 = CARTESIAN_POINT ( 'NONE',  ( -34.80549988270080064, -41.19700893038601208, -202.5325263457188214 ) ) ;
#1590 = CARTESIAN_POINT ( 'NONE',  ( -5.423459354167719404, 10.49999999999997158, -58.70969205826109771 ) ) ;
#1591 = LINE ( 'NONE', #7991, #2322 ) ;
#1592 = CARTESIAN_POINT ( 'NONE',  ( -10.96361213087222808, 10.76408151614127640, -28.19678787576017243 ) ) ;
#1593 = CARTESIAN_POINT ( 'NONE',  ( -34.72382355168826962, -80.89787048455828256, -186.3019165546994884 ) ) ;
#1594 = CARTESIAN_POINT ( 'NONE',  ( -24.29971465991216917, -34.24119359991902201, -163.6377997109938178 ) ) ;
#1595 = CARTESIAN_POINT ( 'NONE',  ( 34.99999999999999289, 5.000000000000000000, 24.00000000000000000 ) ) ;
#1596 = CARTESIAN_POINT ( 'NONE',  ( 11.24162242859904026, 10.87588321328825458, -28.22894364153217950 ) ) ;
#1597 = VERTEX_POINT ( 'NONE', #8860 ) ;
#1598 = AXIS2_PLACEMENT_3D ( 'NONE', #4326, #4420, #206 ) ;
#1599 = CARTESIAN_POINT ( 'NONE',  ( -9.522096153077104219, 3.826945715642882551, -63.36553963247755661 ) ) ;
#1600 = CARTESIAN_POINT ( 'NONE',  ( -20.16302335543606361, -33.88377334773826988, -103.5629685011507490 ) ) ;
#1601 = EDGE_CURVE ( 'NONE', #6735, #6766, #1750, .T. ) ;
#1602 = DIRECTION ( 'NONE',  ( -0.9284766908848792744, -0.3713906763541010014, -8.412925870552375584E-07 ) ) ;
#1603 = CARTESIAN_POINT ( 'NONE',  ( -29.71610699019674939, -38.48495253531652338, -201.7478729665441222 ) ) ;
#1604 = VECTOR ( 'NONE', #773, 1000.000000000000000 ) ;
#1605 = CARTESIAN_POINT ( 'NONE',  ( 34.72382355168834778, -38.48283812885115651, -201.7397258176136461 ) ) ;
#1606 = ORIENTED_EDGE ( 'NONE', *, *, #317, .T. ) ;
#1607 = CARTESIAN_POINT ( 'NONE',  ( -19.99999999999999645, -20.09720884996023926, -70.62052607775282809 ) ) ;
#1608 = CARTESIAN_POINT ( 'NONE',  ( -17.06970171764654509, 17.50000000000000000, -43.30001332882125098 ) ) ;
#1609 = ORIENTED_EDGE ( 'NONE', *, *, #8709, .F. ) ;
#1610 = CARTESIAN_POINT ( 'NONE',  ( 3.621696116440741520, 15.50000000000000355, -61.90843556331635256 ) ) ;
#1611 = LOCAL_TIME ( 17, 12, 35.00000000000000000, #7737 ) ;
#1612 = CARTESIAN_POINT ( 'NONE',  ( 34.99999999999999289, -87.37327935545148705, -199.9077270581289270 ) ) ;
#1613 = CARTESIAN_POINT ( 'NONE',  ( -13.29776501761181962, 15.49999999999997335, -27.87312150468570593 ) ) ;
#1614 = CARTESIAN_POINT ( 'NONE',  ( 3.854329861406643687, 15.49999999999996092, -61.85975599761605537 ) ) ;
#1615 = LOCAL_TIME ( 17, 12, 35.00000000000000000, #6763 ) ;
#1616 = CARTESIAN_POINT ( 'NONE',  ( -13.53364297139830441, 17.50000000000000711, -51.28744608972362329 ) ) ;
#1617 = ORIENTED_EDGE ( 'NONE', *, *, #417, .F. ) ;
#1618 = DIRECTION ( 'NONE',  ( 0.000000000000000000, 0.000000000000000000, 1.000000000000000000 ) ) ;
#1619 = DIRECTION ( 'NONE',  ( 1.000000000000000000, 0.000000000000000000, 0.000000000000000000 ) ) ;
#1620 = CARTESIAN_POINT ( 'NONE',  ( -13.77560051811157038, 17.49999999999999645, -50.59814595794428271 ) ) ;
#1621 = ORIENTED_EDGE ( 'NONE', *, *, #8537, .F. ) ;
#1622 = ADVANCED_FACE ( 'NONE', ( #1797 ), #454, .F. ) ;
#1623 = CARTESIAN_POINT ( 'NONE',  ( 19.84191019547685997, -9.531696259591548426, -74.60281046040942954 ) ) ;
#1624 = PRODUCT_RELATED_PRODUCT_CATEGORY ( 'detail', '', ( #5168 ) ) ;
#1625 = CARTESIAN_POINT ( 'NONE',  ( 12.69899736664019407, 15.50000000000000178, 1.999999999999889422 ) ) ;
#1626 = PLANE ( 'NONE',  #3412 ) ;
#1627 = ORIENTED_EDGE ( 'NONE', *, *, #7368, .F. ) ;
#1628 = EDGE_LOOP ( 'NONE', ( #6637, #5857, #4414, #3253 ) ) ;
#1629 = CARTESIAN_POINT ( 'NONE',  ( 13.00706338582393329, 15.49227799151612750, -27.24632755086742364 ) ) ;
#1630 = AXIS2_PLACEMENT_3D ( 'NONE', #2869, #7666, #583 ) ;
#1631 = CARTESIAN_POINT ( 'NONE',  ( -11.78216439053491271, 15.49999999999996980, -52.94988815245273628 ) ) ;
#1632 = CARTESIAN_POINT ( 'NONE',  ( -20.36877076633776795, -34.76543106708557218, -89.85839265697636336 ) ) ;
#1633 = B_SPLINE_CURVE_WITH_KNOTS ( 'NONE', 3,
 ( #154, #2213, #1536, #8536, #7005, #752 ),
 .UNSPECIFIED., .F., .F.,
 ( 4, 2, 4 ),
 ( 0.000000000000000000, 0.001294828565925628446, 0.002589657131851256892 ),
 .UNSPECIFIED. ) ;
#1634 = DIRECTION ( 'NONE',  ( 9.060998515333323724E-07, 0.000000000000000000, -0.9999999999995894395 ) ) ;
#1635 = DIRECTION ( 'NONE',  ( 0.000000000000000000, 0.000000000000000000, 1.000000000000000000 ) ) ;
#1636 = CARTESIAN_POINT ( 'NONE',  ( -3.874267021564594238, 10.49999999999997158, -59.66920646538326167 ) ) ;
#1637 = LINE ( 'NONE', #6649, #4214 ) ;
#1638 = CARTESIAN_POINT ( 'NONE',  ( 12.52783472253294583, 10.99999999999989164, -43.29999102047114690 ) ) ;
#1639 = CARTESIAN_POINT ( 'NONE',  ( -19.97575057250525177, -24.22710443528539415, -67.71577926683556825 ) ) ;
#1640 = CARTESIAN_POINT ( 'NONE',  ( -24.59987211132409612, -29.10163712708611072, -164.8911497042800534 ) ) ;
#1641 = CARTESIAN_POINT ( 'NONE',  ( -34.85886516022819137, -76.46653201059984895, -187.9990069458256130 ) ) ;
#1642 = AXIS2_PLACEMENT_3D ( 'NONE', #1309, #1951, #1130 ) ;
#1643 = CARTESIAN_POINT ( 'NONE',  ( 34.84392767575938166, -75.98727732708331928, -188.0892262966105193 ) ) ;
#1644 = ORIENTED_EDGE ( 'NONE', *, *, #963, .F. ) ;
#1645 = DIRECTION ( 'NONE',  ( 1.000000000000000000, 1.936279210734469524E-17, 5.319883409252462616E-17 ) ) ;
#1646 = CARTESIAN_POINT ( 'NONE',  ( -25.35060566623833722, -61.12531887671045894, -167.8395725483288174 ) ) ;
#1647 = EDGE_CURVE ( 'NONE', #6061, #3968, #7331, .T. ) ;
#1648 = CARTESIAN_POINT ( 'NONE',  ( 20.00000000000000355, -20.09971187473740883, -70.62740308180843840 ) ) ;
#1649 = FACE_OUTER_BOUND ( 'NONE', #6146, .T. ) ;
#1650 = CARTESIAN_POINT ( 'NONE',  ( 13.36968446771876451, 15.49999999999996980, -27.62967086811968187 ) ) ;
#1651 = CARTESIAN_POINT ( 'NONE',  ( -16.65206932314876198, -5.669463818967093616, -74.47020806938482451 ) ) ;
#1652 = ORIENTED_EDGE ( 'NONE', *, *, #3846, .F. ) ;
#1653 = FACE_OUTER_BOUND ( 'NONE', #2351, .T. ) ;
#1654 = B_SPLINE_CURVE_WITH_KNOTS ( 'NONE', 3,
 ( #778, #6396, #5663, #823 ),
 .UNSPECIFIED., .F., .F.,
 ( 4, 4 ),
 ( 0.000000000000000000, 1.000000000000000000 ),
 .UNSPECIFIED. ) ;
#1655 = EDGE_CURVE ( 'NONE', #2846, #2804, #6063, .T. ) ;
#1656 = DIRECTION ( 'NONE',  ( -0.000000000000000000, -1.000000000000000000, -0.000000000000000000 ) ) ;
#1657 = ORIENTED_EDGE ( 'NONE', *, *, #3360, .F. ) ;
#1658 = DIRECTION ( 'NONE',  ( 0.000000000000000000, 0.000000000000000000, 1.000000000000000000 ) ) ;
#1659 = CARTESIAN_POINT ( 'NONE',  ( -21.29256583866830965, -52.95179965171945469, -128.0679520651910366 ) ) ;
#1660 = ADVANCED_FACE ( 'NONE', ( #6756, #2597, #5390, #8189, #1917, #1421, #731 ), #5483, .T. ) ;
#1661 = CARTESIAN_POINT ( 'NONE',  ( -14.05739737108220844, 15.49999999999997158, -29.92914450466088994 ) ) ;
#1662 = CARTESIAN_POINT ( 'NONE',  ( 14.30166729778096801, 17.49999999999999645, -49.76570497050250452 ) ) ;
#1663 = VERTEX_POINT ( 'NONE', #8235 ) ;
#1664 = CARTESIAN_POINT ( 'NONE',  ( 34.80974741079728574, -77.81968145446835194, -187.9144188674191298 ) ) ;
#1665 = CARTESIAN_POINT ( 'NONE',  ( -20.46254771064412026, -25.30140736780896304, -128.5254550233017028 ) ) ;
#1666 = CARTESIAN_POINT ( 'NONE',  ( -12.19180234490612591, 17.50000000000000000, -54.46132138257890176 ) ) ;
#1667 = ORIENTED_EDGE ( 'NONE', *, *, #2885, .T. ) ;
#1668 = EDGE_CURVE ( 'NONE', #279, #4522, #6135, .T. ) ;
#1669 = CARTESIAN_POINT ( 'NONE',  ( -13.44437364375028743, 16.24539930227318507, -27.41129270725456379 ) ) ;
#1670 = VECTOR ( 'NONE', #5135, 1000.000000000000000 ) ;
#1671 = CARTESIAN_POINT ( 'NONE',  ( 18.44908215863700818, -62.52031894848163063, -148.1181062938937600 ) ) ;
#1672 = CARTESIAN_POINT ( 'NONE',  ( -37.00000000000001421, -89.93670488367540372, -201.1030720130492284 ) ) ;
#1673 = VERTEX_POINT ( 'NONE', #7672 ) ;
#1674 = LINE ( 'NONE', #3129, #558 ) ;
#1675 = CARTESIAN_POINT ( 'NONE',  ( 7.504093608652123493, 15.50000000000000355, -59.79127771488865761 ) ) ;
#1676 = CARTESIAN_POINT ( 'NONE',  ( -8.054051451217116409, 15.49999999999998046, -59.01360941727386233 ) ) ;
#1677 = AXIS2_PLACEMENT_3D ( 'NONE', #7192, #4539, #7325 ) ;
#1678 = CARTESIAN_POINT ( 'NONE',  ( -20.74795622019144048, -44.56496889793077543, -110.4486993713214815 ) ) ;
#1679 = ADVANCED_FACE ( 'NONE', ( #6307 ), #3426, .F. ) ;
#1680 = AXIS2_PLACEMENT_3D ( 'NONE', #1942, #4175, #6234 ) ;
#1681 = CARTESIAN_POINT ( 'NONE',  ( -13.35296632089930391, 17.50000000000000000, -26.43894105893616242 ) ) ;
#1682 = CARTESIAN_POINT ( 'NONE',  ( -6.956942036374681670, 15.50000000000000000, -60.04023627186121814 ) ) ;
#1683 = CARTESIAN_POINT ( 'NONE',  ( -37.00000000000001421, -38.67854759952773946, -212.3102711204828665 ) ) ;
#1684 = EDGE_CURVE ( 'NONE', #9011, #1093, #3518, .T. ) ;
#1685 = DIRECTION ( 'NONE',  ( -1.000000000000000000, -0.000000000000000000, 0.000000000000000000 ) ) ;
#1686 = CARTESIAN_POINT ( 'NONE',  ( 17.45775887235920720, -80.89787048455795571, -186.3019165546990337 ) ) ;
#1687 = CARTESIAN_POINT ( 'NONE',  ( -33.22981084158404741, -41.95792339459679710, -195.8268916435175129 ) ) ;
#1688 = PLANE ( 'NONE',  #7573 ) ;
#1689 = CARTESIAN_POINT ( 'NONE',  ( -20.82794399698344634, -55.17576995143576823, -142.5329070836934875 ) ) ;
#1690 = CARTESIAN_POINT ( 'NONE',  ( 19.84231687231594421, -21.35186282302572280, -70.30064111271184402 ) ) ;
#1691 = DIRECTION ( 'NONE',  ( -1.000000000000000000, -0.000000000000000000, -0.000000000000000000 ) ) ;
#1692 = CARTESIAN_POINT ( 'NONE',  ( 12.74886605635901660, 15.49999999999997158, -27.01824707081633647 ) ) ;
#1693 = ORIENTED_EDGE ( 'NONE', *, *, #1268, .F. ) ;
#1694 = DIRECTION ( 'NONE',  ( 1.000000000000000000, 0.000000000000000000, 0.000000000000000000 ) ) ;
#1695 = DIRECTION ( 'NONE',  ( 1.000000000000000000, -0.000000000000000000, 0.000000000000000000 ) ) ;
#1696 = ORIENTED_EDGE ( 'NONE', *, *, #8159, .T. ) ;
#1697 = DIRECTION ( 'NONE',  ( -0.000000000000000000, 1.000000000000000000, -0.000000000000000000 ) ) ;
#1698 = CARTESIAN_POINT ( 'NONE',  ( 5.583354987659669533, 17.50000000000000711, -62.30455593884926202 ) ) ;
#1699 = CARTESIAN_POINT ( 'NONE',  ( -29.02793531467214905, -80.11737726611261223, -184.6935926035062892 ) ) ;
#1700 = CARTESIAN_POINT ( 'NONE',  ( -12.69929263747065384, 15.49999999999996980, -27.19619196180628862 ) ) ;
#1701 = ADVANCED_FACE ( 'NONE', ( #4753, #2783, #2054, #1275, #6943, #1377, #6206 ), #540, .F. ) ;
#1702 = CARTESIAN_POINT ( 'NONE',  ( 3.523164748513403666, 15.49999999999997158, -61.92585478802621424 ) ) ;
#1703 = VERTEX_POINT ( 'NONE', #8952 ) ;
#1704 = DIRECTION ( 'NONE',  ( -9.060998517720131279E-07, 0.000000000000000000, 0.9999999999995894395 ) ) ;
#1705 = CARTESIAN_POINT ( 'NONE',  ( 20.36877076610105064, -34.76543106681575068, -89.85839265773864781 ) ) ;
#1706 = CARTESIAN_POINT ( 'NONE',  ( -13.14589296511515037, 17.49999999999999645, -52.29113412079360756 ) ) ;
#1707 = ORIENTED_EDGE ( 'NONE', *, *, #6466, .T. ) ;
#1708 = FACE_BOUND ( 'NONE', #7187, .T. ) ;
#1709 = CARTESIAN_POINT ( 'NONE',  ( 15.00240574293442641, -6.001819538171618618, -75.75082822763786794 ) ) ;
#1710 = DIRECTION ( 'NONE',  ( -0.8944271909995490377, -0.4472135954999574281, -8.104403404369990268E-07 ) ) ;
#1711 = VERTEX_POINT ( 'NONE', #4798 ) ;
#1712 = DIRECTION ( 'NONE',  ( 0.000000000000000000, 0.000000000000000000, -1.000000000000000000 ) ) ;
#1713 = ORIENTED_EDGE ( 'NONE', *, *, #3878, .F. ) ;
#1714 = CARTESIAN_POINT ( 'NONE',  ( 9.049999999999997158, -15.00000000000000000, -4.000000000000000888 ) ) ;
#1715 = CARTESIAN_POINT ( 'NONE',  ( 11.37548416987369393, 15.50000000000000000, -54.39052725411490741 ) ) ;
#1716 = CARTESIAN_POINT ( 'NONE',  ( -6.256972947386689299, 15.49999999999996447, -60.58781709151619310 ) ) ;
#1717 = EDGE_CURVE ( 'NONE', #367, #5867, #8133, .T. ) ;
#1718 = CARTESIAN_POINT ( 'NONE',  ( -11.47426462295799432, 15.50000000000000178, -26.41853357387569545 ) ) ;
#1719 = ADVANCED_FACE ( 'NONE', ( #3382, #4711, #8329, #4058, #2832, #8370, #8278 ), #4018, .T. ) ;
#1720 = CARTESIAN_POINT ( 'NONE',  ( -13.34236925166467103, 17.49999999999999645, -26.42928607331142388 ) ) ;
#1721 = PRODUCT_DEFINITION ( 'ๆ', '', #282, #5859 ) ;
#1722 = DIRECTION ( 'NONE',  ( -0.000000000000000000, -0.08715574274765917895, -0.9961946980917455452 ) ) ;
#1723 = CARTESIAN_POINT ( 'NONE',  ( -12.05047916888257120, 10.49999999999996980, -44.18051611590153982 ) ) ;
#1724 = DIRECTION ( 'NONE',  ( -0.7071067811865510144, -0.7044160264027550244, 0.06162841671621948486 ) ) ;
#1725 = CARTESIAN_POINT ( 'NONE',  ( -13.46969555603369706, 13.99995514771917016, -30.30001006685090204 ) ) ;
#1726 = CARTESIAN_POINT ( 'NONE',  ( -10.22408385488070337, -59.14689936563615191, -141.0875341805046048 ) ) ;
#1727 = CARTESIAN_POINT ( 'NONE',  ( -29.81753050519462178, -38.57113708086820481, -202.0910032539793235 ) ) ;
#1728 = CARTESIAN_POINT ( 'NONE',  ( 10.16860515707407231, 10.49999999999997158, -52.23865077835244364 ) ) ;
#1729 = CIRCLE ( 'NONE', #1277, 2.000000000000003109 ) ;
#1730 = CARTESIAN_POINT ( 'NONE',  ( 15.00000000000000711, -24.79567195388979073, -68.91042536112450989 ) ) ;
#1731 = EDGE_CURVE ( 'NONE', #6015, #2275, #2687, .T. ) ;
#1732 = CARTESIAN_POINT ( 'NONE',  ( -19.99999999999999645, -23.90673684901575413, -69.23397127949296248 ) ) ;
#1733 = APPROVAL ( #6810, 'ๆช' ) ;
#1734 = CARTESIAN_POINT ( 'NONE',  ( -34.93144720612029630, -70.63741131989577582, -190.0364182805403459 ) ) ;
#1735 = FACE_OUTER_BOUND ( 'NONE', #225, .T. ) ;
#1736 = CARTESIAN_POINT ( 'NONE',  ( 12.66505741781795003, 15.49999999999996803, -26.95279217449849085 ) ) ;
#1737 = ORIENTED_EDGE ( 'NONE', *, *, #8979, .T. ) ;
#1738 = CARTESIAN_POINT ( 'NONE',  ( -12.77500947108857154, 15.47288292284074629, -27.21130430824397450 ) ) ;
#1739 = EDGE_LOOP ( 'NONE', ( #6940, #4150, #4413, #5339, #5812 ) ) ;
#1740 = CARTESIAN_POINT ( 'NONE',  ( -15.06970171764737998, 17.50000000000000000, -43.30001151662156644 ) ) ;
#1741 = LINE ( 'NONE', #5801, #4304 ) ;
#1742 = CARTESIAN_POINT ( 'NONE',  ( -30.80137401087173643, -71.24111164017429587, -177.7034403325919527 ) ) ;
#1743 = VECTOR ( 'NONE', #2937, 1000.000000000000000 ) ;
#1744 = DIRECTION ( 'NONE',  ( -0.000000000000000000, 1.000000000000000000, -0.000000000000000000 ) ) ;
#1745 = EDGE_CURVE ( 'NONE', #2924, #106, #9001, .T. ) ;
#1746 = CARTESIAN_POINT ( 'NONE',  ( 5.975195113617534304, 15.49999999999996980, -60.95240522874393463 ) ) ;
#1747 = PRODUCT ( '\X2\6d777ef5\X0\', '\X2\6d777ef5\X0\', '', ( #5407 ) ) ;
#1748 = EDGE_LOOP ( 'NONE', ( #2829, #1763 ) ) ;
#1749 = DIRECTION ( 'NONE',  ( -1.000000000000000000, -0.000000000000000000, -0.000000000000000000 ) ) ;
#1750 = LINE ( 'NONE', #8143, #7311 ) ;
#1751 = LOCAL_TIME ( 17, 12, 35.00000000000000000, #8254 ) ;
#1752 = VECTOR ( 'NONE', #1297, 1000.000000000000114 ) ;
#1753 = CARTESIAN_POINT ( 'NONE',  ( 20.67117900088102544, -42.59772868438911075, -106.3152310304536172 ) ) ;
#1754 = CARTESIAN_POINT ( 'NONE',  ( -12.96232423840472592, 17.50000000000000355, -52.73838003358660131 ) ) ;
#1755 = ORIENTED_EDGE ( 'NONE', *, *, #268, .F. ) ;
#1756 = UNCERTAINTY_MEASURE_WITH_UNIT (LENGTH_MEASURE( 1.000000000000000082E-05 ), #3303, 'distance_accuracy_value', 'NONE');
#1757 = DIRECTION ( 'NONE',  ( 9.060998515333322665E-07, 0.000000000000000000, -0.9999999999995894395 ) ) ;
#1758 = CARTESIAN_POINT ( 'NONE',  ( 8.095689360498759868, -1.508373200009529347, -63.40518587800626449 ) ) ;
#1759 = PRODUCT_DEFINITION_FORMATION_WITH_SPECIFIED_SOURCE ( 'ไป', '', #8539, .NOT_KNOWN. ) ;
#1760 = LINE ( 'NONE', #6072, #6966 ) ;
#1761 = VERTEX_POINT ( 'NONE', #6156 ) ;
#1762 = CARTESIAN_POINT ( 'NONE',  ( 11.56777639071981945, 11.62474713267249626, -28.07195370438498827 ) ) ;
#1763 = ORIENTED_EDGE ( 'NONE', *, *, #2477, .F. ) ;
#1764 = CARTESIAN_POINT ( 'NONE',  ( -13.93127042447721564, 15.50000000000000355, -29.22547327903175329 ) ) ;
#1765 = CARTESIAN_POINT ( 'NONE',  ( 12.57131641542026479, 15.50000000000000000, -51.68252308182674426 ) ) ;
#1766 = LOCAL_TIME ( 17, 12, 35.00000000000000000, #2291 ) ;
#1767 = CARTESIAN_POINT ( 'NONE',  ( 5.000000000000000000, -15.00000000000000000, -55.55000000000000426 ) ) ;
#1768 = B_SPLINE_CURVE_WITH_KNOTS ( 'NONE', 3,
 ( #5298, #1135, #7527, #5256, #2638, #4706, #4747, #8731, #8093, #2591, #8053, #5384, #495, #1865, #8184, #4614, #1267, #3327, #2547, #1909, #1791, #7484, #7395, #1098, #3282, #3882, #5335, #6664, #4013, #8137, #6797, #4052, #534, #5432, #6104, #581, #5520, #2090, #2725, #2047, #6151, #4191, #4837, #7621, #1464, #6340, #4290, #6251, #1367, #4885, #4245, #2822, #767, #815, #4146, #674, #9046, #79, #7664, #1413, #6981, #5612, #2868, #724, #7836, #1577, #6320, #4910, #5635, #4361, #14, #2068, #8343, #2158, #7785, #5006, #1530, #5590, #1439, #6409, #8433, #4954, #6961, #2943, #6359, #7140, #3578, #7738, #4169, #835, #149, #7048, #3445, #9019, #2848, #8386, #7689, #4315, #8530, #4863, #2800, #701, #7098, #5724, #3624, #1490, #2256, #5050, #6229, #791, #2754, #2892, #5543, #7642 ),
 .UNSPECIFIED., .F., .F.,
 ( 4, 1, 1, 1, 1, 1, 2, 2, 1, 1, 2, 2, 1, 1, 2, 2, 2, 2, 2, 2, 2, 1, 2, 2, 1, 1, 1, 2, 2, 1, 1, 1, 1, 2, 2, 1, 1, 2, 2, 1, 1, 2, 2, 1, 1, 2, 2, 2, 2, 1, 1, 1, 1, 2, 2, 1, 1, 1, 2, 2, 1, 1, 1, 2, 2, 1, 1, 1, 1, 2, 2, 1, 1, 1, 2, 2, 4 ),
 ( 0.000000000000000000, 0.06249999999999748812, 0.09374999999999604483, 0.1093749999999953509, 0.1171874999999951705, 0.1210937499999948652, 0.1230468749999947264, 0.1249999999999945738, 0.1406249999999942824, 0.1484374999999943101, 0.1523437499999943101, 0.1562499999999943379, 0.1718749999999945599, 0.1796874999999946709, 0.1835937499999944766, 0.1874999999999942824, 0.1953124999999944211, 0.2031249999999945599, 0.2187499999999944211, 0.2499999999999948375, 0.2812499999999952260, 0.2968749999999953926, 0.3046874999999954481, 0.3124999999999955591, 0.3437499999999976685, 0.3593749999999986677, 0.3671874999999991118, 0.3710937499999997224, 0.3750000000000003331, 0.4062500000000063838, 0.4218750000000091038, 0.4296875000000104361, 0.4335937500000111022, 0.4355468750000114908, 0.4375000000000118239, 0.4531250000000148770, 0.4609375000000163203, 0.4648437500000170419, 0.4687500000000178191, 0.4843750000000207057, 0.4921875000000221489, 0.4960937500000224265, 0.5000000000000227596, 0.5156250000000246470, 0.5234375000000254241, 0.5273437500000253131, 0.5312500000000253131, 0.5468750000000266454, 0.5625000000000279776, 0.5937500000000307532, 0.6093750000000320854, 0.6171875000000328626, 0.6210937500000327516, 0.6230468750000326406, 0.6250000000000326406, 0.6562500000000274225, 0.6718750000000253131, 0.6796875000000237588, 0.6835937500000235367, 0.6875000000000232037, 0.7187500000000236478, 0.7343750000000238698, 0.7421875000000235367, 0.7460937500000234257, 0.7500000000000232037, 0.8125000000000209832, 0.8437500000000198730, 0.8593750000000188738, 0.8671875000000187628, 0.8710937500000183187, 0.8750000000000177636, 0.9062500000000118794, 0.9218750000000088818, 0.9296875000000069944, 0.9335937500000065503, 0.9375000000000061062, 1.000000000000000000 ),
 .UNSPECIFIED. ) ;
#1769 = FACE_OUTER_BOUND ( 'NONE', #7318, .T. ) ;
#1770 = EDGE_CURVE ( 'NONE', #8757, #3786, #7256, .T. ) ;
#1771 = DIRECTION ( 'NONE',  ( -0.000000000000000000, 1.000000000000000000, -0.000000000000000000 ) ) ;
#1772 = CARTESIAN_POINT ( 'NONE',  ( -5.440494343070777283, 15.50000000000000000, -61.11792367433100992 ) ) ;
#1773 = CARTESIAN_POINT ( 'NONE',  ( -14.81524163351337364, 17.50000000000000355, -28.69371781743643623 ) ) ;
#1774 = CARTESIAN_POINT ( 'NONE',  ( 0.000000000000000000, -24.79567195388979428, -68.91042536112442463 ) ) ;
#1775 = CARTESIAN_POINT ( 'NONE',  ( 10.02350896887835319, 10.49999999999996803, -52.56147203198563744 ) ) ;
#1776 = FACE_OUTER_BOUND ( 'NONE', #3241, .T. ) ;
#1777 = AXIS2_PLACEMENT_3D ( 'NONE', #3009, #3738, #5783 ) ;
#1778 = CIRCLE ( 'NONE', #7908, 1.000000000000000888 ) ;
#1779 = CARTESIAN_POINT ( 'NONE',  ( -12.03429608184962518, 10.49999999999996980, -29.90349728275871755 ) ) ;
#1780 = CARTESIAN_POINT ( 'NONE',  ( -12.25759136162802321, 10.96973726452212539, -30.11322529725874375 ) ) ;
#1781 = CARTESIAN_POINT ( 'NONE',  ( 12.05957459090440231, 15.49999999999998046, -26.48419102947949355 ) ) ;
#1782 = FACE_OUTER_BOUND ( 'NONE', #2676, .T. ) ;
#1783 = AXIS2_PLACEMENT_3D ( 'NONE', #8809, #1261, #3368 ) ;
#1784 = PLANE ( 'NONE',  #2955 ) ;
#1785 = ORIENTED_EDGE ( 'NONE', *, *, #295, .T. ) ;
#1786 = DIRECTION ( 'NONE',  ( 0.000000000000000000, -1.734723475976806700E-15, -1.000000000000000000 ) ) ;
#1787 = CARTESIAN_POINT ( 'NONE',  ( 17.32779548841932993, 17.50000000000000000, 0.000000000000000000 ) ) ;
#1788 = DIRECTION ( 'NONE',  ( 0.000000000000000000, 0.000000000000000000, 1.000000000000000000 ) ) ;
#1789 = CARTESIAN_POINT ( 'NONE',  ( -16.98941819141445109, -58.33339424811065044, -139.3551180159053899 ) ) ;
#1790 = AXIS2_PLACEMENT_3D ( 'NONE', #1859, #4004, #5292 ) ;
#1791 = CARTESIAN_POINT ( 'NONE',  ( 6.994070008726144039, 17.49999999999999645, -61.47448905661651963 ) ) ;
#1792 = CARTESIAN_POINT ( 'NONE',  ( -11.19473306714877126, 10.85344769480775540, -28.36803453448748158 ) ) ;
#1794 = ORIENTED_EDGE ( 'NONE', *, *, #7433, .T. ) ;
#1793 = CARTESIAN_POINT ( 'NONE',  ( 5.622070150833624602, 15.49999999999996270, -61.16027442000064696 ) ) ;
#1795 = ORIENTED_EDGE ( 'NONE', *, *, #383, .F. ) ;
#1796 = CARTESIAN_POINT ( 'NONE',  ( 0.000000000000000000, 8.184419670604349051, 25.52033206044445990 ) ) ;
#1797 = FACE_OUTER_BOUND ( 'NONE', #7102, .T. ) ;
#1798 = CARTESIAN_POINT ( 'NONE',  ( 19.98442666669601309, -24.21722469754816487, -67.69502044802480611 ) ) ;
#1799 = CARTESIAN_POINT ( 'NONE',  ( -12.37275501285763468, 17.50000000000000000, -54.07404712682202330 ) ) ;
#1800 = ORIENTED_EDGE ( 'NONE', *, *, #2314, .T. ) ;
#1801 = FACE_OUTER_BOUND ( 'NONE', #8450, .T. ) ;
#1802 = DIRECTION ( 'NONE',  ( 1.129668588402230784E-13, -0.4472135954999535423, -0.8944271909999180759 ) ) ;
#1803 = ORIENTED_EDGE ( 'NONE', *, *, #2323, .F. ) ;
#1804 = CARTESIAN_POINT ( 'NONE',  ( -16.14162644061925533, 17.50000000000000000, -49.73256286509460011 ) ) ;
#1805 = VERTEX_POINT ( 'NONE', #6111 ) ;
#1806 = PLANE ( 'NONE',  #7281 ) ;
#1807 = CARTESIAN_POINT ( 'NONE',  ( 7.220128877782379995, 15.50000000000000178, -60.03547209801099172 ) ) ;
#1808 = EDGE_LOOP ( 'NONE', ( #6073, #7857, #3996, #2421 ) ) ;
#1809 = DIRECTION ( 'NONE',  ( -0.000000000000000000, 1.000000000000000000, -0.000000000000000000 ) ) ;
#1810 = VECTOR ( 'NONE', #5443, 1000.000000000000000 ) ;
#1811 = CARTESIAN_POINT ( 'NONE',  ( -12.65810705305377404, -17.50000000000000000, -57.86325869036801350 ) ) ;
#1812 = CARTESIAN_POINT ( 'NONE',  ( 11.41719919481493051, 10.84911947551864309, -28.34780130678809940 ) ) ;
#1813 = CARTESIAN_POINT ( 'NONE',  ( -7.422740736890721891, 15.50000000000000355, -59.63174734359387941 ) ) ;
#1814 = EDGE_CURVE ( 'NONE', #919, #2275, #2294, .T. ) ;
#1815 = VERTEX_POINT ( 'NONE', #2733 ) ;
#1816 = CARTESIAN_POINT ( 'NONE',  ( -10.69897425704220417, -2.499999999999998668, -27.50447076303536420 ) ) ;
#1817 = CARTESIAN_POINT ( 'NONE',  ( 12.18279719961817342, 10.49999999999996803, -45.49857155531812936 ) ) ;
#1818 = AXIS2_PLACEMENT_3D ( 'NONE', #94, #6449, #738 ) ;
#1819 = CARTESIAN_POINT ( 'NONE',  ( -11.39847695704122366, 10.49999999999996980, -28.71688143193080478 ) ) ;
#1820 = CARTESIAN_POINT ( 'NONE',  ( 34.99999999999999289, -42.26803355772786830, -216.3246939377609976 ) ) ;
#1821 = CARTESIAN_POINT ( 'NONE',  ( 12.71275584426425098, 15.49999999999997513, -26.98975099559111612 ) ) ;
#1822 = DIRECTION ( 'NONE',  ( -1.000000000000000000, -0.000000000000000000, -0.000000000000000000 ) ) ;
#1823 = ORIENTED_EDGE ( 'NONE', *, *, #1541, .T. ) ;
#1824 = CARTESIAN_POINT ( 'NONE',  ( 34.99999999999999289, -87.37327935545148705, -199.9077270581289270 ) ) ;
#1825 = CARTESIAN_POINT ( 'NONE',  ( 9.819610281163319243, 17.50000000000000355, -58.80742853912057200 ) ) ;
#1826 = CARTESIAN_POINT ( 'NONE',  ( 20.40865509102336262, -24.32782626544551974, -124.8371709941344108 ) ) ;
#1827 = CARTESIAN_POINT ( 'NONE',  ( 7.180084917792225241, 17.50000000000000000, -63.74309684585509217 ) ) ;
#1828 = FACE_OUTER_BOUND ( 'NONE', #587, .T. ) ;
#1829 = ORIENTED_EDGE ( 'NONE', *, *, #4523, .T. ) ;
#1830 = ORIENTED_EDGE ( 'NONE', *, *, #6303, .T. ) ;
#1831 = CARTESIAN_POINT ( 'NONE',  ( -5.653335832479553069, 15.50000000000000355, -60.99212463377416782 ) ) ;
#1832 = CARTESIAN_POINT ( 'NONE',  ( 12.72826109819453677, 15.49720481453521082, -26.81969150556503223 ) ) ;
#1833 = CARTESIAN_POINT ( 'NONE',  ( 20.38638068263745495, -41.33710837412084516, -116.2172474390644936 ) ) ;
#1834 = CARTESIAN_POINT ( 'NONE',  ( -11.01749683824303716, 17.50000000000000000, -56.69329168378411765 ) ) ;
#1835 = DIRECTION ( 'NONE',  ( 0.000000000000000000, -1.000000000000000000, 0.000000000000000000 ) ) ;
#1836 = CARTESIAN_POINT ( 'NONE',  ( 10.87047640292954398, 10.92862965548242649, -27.99017947974276765 ) ) ;
#1837 = DIRECTION ( 'NONE',  ( 9.060998510210829506E-07, 0.000000000000000000, -0.9999999999995895505 ) ) ;
#1838 = ORIENTED_EDGE ( 'NONE', *, *, #6513, .F. ) ;
#1839 = CARTESIAN_POINT ( 'NONE',  ( 20.05672875044075454, -13.58992464703221259, -84.65766067942689688 ) ) ;
#1840 = ORIENTED_EDGE ( 'NONE', *, *, #8080, .F. ) ;
#1841 = DIRECTION ( 'NONE',  ( -0.000000000000000000, 1.000000000000000000, -0.000000000000000000 ) ) ;
#1842 = CARTESIAN_POINT ( 'NONE',  ( 4.700409070938294853, 15.50000000000000355, -61.59787701897806045 ) ) ;
#1843 = ORIENTED_EDGE ( 'NONE', *, *, #6381, .T. ) ;
#1844 = CARTESIAN_POINT ( 'NONE',  ( 12.47995346852896148, -2.499999999999995115, -29.55917684159350856 ) ) ;
#1845 = AXIS2_PLACEMENT_3D ( 'NONE', #2128, #5647, #666 ) ;
#1846 = CARTESIAN_POINT ( 'NONE',  ( -14.52269608161637748, -17.50000000000000000, -54.18015594225478537 ) ) ;
#1847 = CARTESIAN_POINT ( 'NONE',  ( -12.55231614013946739, 15.49999999999997335, -27.06228180192768917 ) ) ;
#1848 = CARTESIAN_POINT ( 'NONE',  ( 7.660042309764391710, -2.499999999999995115, -57.56321300287648768 ) ) ;
#1849 = ORIENTED_EDGE ( 'NONE', *, *, #3718, .F. ) ;
#1850 = CARTESIAN_POINT ( 'NONE',  ( 19.97575057250524821, -24.22710443528539415, -67.71577926683556825 ) ) ;
#1851 = CIRCLE ( 'NONE', #6960, 2.999999999999995559 ) ;
#1852 = FACE_OUTER_BOUND ( 'NONE', #6108, .T. ) ;
#1853 =( BOUNDED_CURVE ( )  B_SPLINE_CURVE ( 3, ( #7259, #3228, #7428, #995 ),
 .UNSPECIFIED., .F., .F. ) 
 B_SPLINE_CURVE_WITH_KNOTS ( ( 4, 4 ),
 ( 2.356194490192346613, 3.141592653589793116 ),
 .UNSPECIFIED. ) 
 CURVE ( )  GEOMETRIC_REPRESENTATION_ITEM ( )  RATIONAL_B_SPLINE_CURVE ( ( 1.000000000000000000, 0.9492530216741912330, 0.9492530216741912330, 1.000000000000000000 ) ) 
 REPRESENTATION_ITEM ( '' )  );
#1854 = CARTESIAN_POINT ( 'NONE',  ( -10.99099451067683120, 10.49999999999997158, -28.40639859898471542 ) ) ;
#1855 = CARTESIAN_POINT ( 'NONE',  ( 34.97714906870679386, -74.54308601797730205, -199.2566466704712411 ) ) ;
#1856 = CARTESIAN_POINT ( 'NONE',  ( 12.80126827232819586, 15.49999999999996980, -27.06067273716064037 ) ) ;
#1857 = AXIS2_PLACEMENT_3D ( 'NONE', #8256, #4079, #1981 ) ;
#1858 = CARTESIAN_POINT ( 'NONE',  ( -9.436171843731054665, 0.1661690946726914475, -59.47537760545019125 ) ) ;
#1859 = CARTESIAN_POINT ( 'NONE',  ( 11.00000000000000000, 3.234777356430490691, 24.81248959086564909 ) ) ;
#1860 = ORIENTED_EDGE ( 'NONE', *, *, #3325, .F. ) ;
#1861 = CARTESIAN_POINT ( 'NONE',  ( -4.430889511320331486, 17.50000000000000000, -64.74846588806126135 ) ) ;
#1862 = CARTESIAN_POINT ( 'NONE',  ( 7.573599843478871385, 17.49999999999999289, -61.03837419612487736 ) ) ;
#1863 = AXIS2_PLACEMENT_3D ( 'NONE', #5827, #7848, #1635 ) ;
#1864 = CARTESIAN_POINT ( 'NONE',  ( 20.81225209379480745, -18.51696173437728632, -123.9736884155942391 ) ) ;
#1865 = CARTESIAN_POINT ( 'NONE',  ( 6.278354655386623406, 17.49999999999999645, -61.93670671965271879 ) ) ;
#1866 = CARTESIAN_POINT ( 'NONE',  ( -6.000000000000001776, 57.18184671051506029, -29.09443944768759849 ) ) ;
#1867 = VERTEX_POINT ( 'NONE', #5528 ) ;
#1868 = ORIENTED_EDGE ( 'NONE', *, *, #706, .F. ) ;
#1869 = CARTESIAN_POINT ( 'NONE',  ( 6.121320343559614408, -2.389880768162973457, -65.82710801658625144 ) ) ;
#1870 = CARTESIAN_POINT ( 'NONE',  ( 12.98774596236854784, 15.48340488093924883, -27.23317156393315130 ) ) ;
#1871 = CARTESIAN_POINT ( 'NONE',  ( 29.08206925067983306, -68.67701332407722248, -172.5990788887466749 ) ) ;
#1872 = CARTESIAN_POINT ( 'NONE',  ( -5.312313455746322077, 17.50000000000000355, -62.31154612455020469 ) ) ;
#1873 = CARTESIAN_POINT ( 'NONE',  ( -6.549916982810979782, 15.49999999999996980, -60.36793563132695795 ) ) ;
#1874 = DIRECTION ( 'NONE',  ( -0.000000000000000000, -0.9396926207859087610, 0.3420201433256677692 ) ) ;
#1875 = CARTESIAN_POINT ( 'NONE',  ( 13.10456380526558462, 15.50000000000000000, -27.33669399230403485 ) ) ;
#1876 = PERSON_AND_ORGANIZATION_ROLE ( 'design_supplier' ) ;
#1877 = CARTESIAN_POINT ( 'NONE',  ( -2.585786437626906409, 20.76686950300685908, -57.05650503227280268 ) ) ;
#1878 = EDGE_LOOP ( 'NONE', ( #5816, #1008, #4162, #3683 ) ) ;
#1879 = CARTESIAN_POINT ( 'NONE',  ( 20.43568615037899150, -24.94914709617217596, -127.1849749914536432 ) ) ;
#1880 = CIRCLE ( 'NONE', #7288, 1.549999999999995826 ) ;
#1881 = VECTOR ( 'NONE', #8654, 1000.000000000000000 ) ;
#1882 = ORIENTED_EDGE ( 'NONE', *, *, #1331, .F. ) ;
#1883 = CARTESIAN_POINT ( 'NONE',  ( -17.06970171764654509, 17.50000000000000000, -43.30001332882125098 ) ) ;
#1884 = CARTESIAN_POINT ( 'NONE',  ( -34.94797589191978915, -46.09709989986372136, -209.6101389018111547 ) ) ;
#1885 = EDGE_LOOP ( 'NONE', ( #2851, #3213, #1468, #4813, #1179 ) ) ;
#1886 = CC_DESIGN_PERSON_AND_ORGANIZATION_ASSIGNMENT ( #9009, #5533, ( #3070 ) ) ;
#1887 = APPLICATION_PROTOCOL_DEFINITION ( 'international standard', 'config_control_design', 1994, #4047 ) ;
#1888 = LOCAL_TIME ( 17, 12, 35.00000000000000000, #2232 ) ;
#1889 = CYLINDRICAL_SURFACE ( 'NONE', #6474, 1.999999999999995115 ) ;
#1890 = CARTESIAN_POINT ( 'NONE',  ( -13.42154092735136750, 17.49999999999999645, -26.50199912723645213 ) ) ;
#1891 = EDGE_CURVE ( 'NONE', #2684, #2152, #4846, .T. ) ;
#1892 = DIRECTION ( 'NONE',  ( -0.000000000000000000, -1.000000000000000000, 0.000000000000000000 ) ) ;
#1893 = CARTESIAN_POINT ( 'NONE',  ( -9.000644284903009051, 15.50000000000000178, -57.90419186249626904 ) ) ;
#1894 = ORIENTED_EDGE ( 'NONE', *, *, #7850, .F. ) ;
#1895 = CARTESIAN_POINT ( 'NONE',  ( 6.000000000000000000, 57.18184671051506029, -30.39443944768758854 ) ) ;
#1896 = DIRECTION ( 'NONE',  ( -9.060998517720131279E-07, 0.000000000000000000, 0.9999999999995894395 ) ) ;
#1897 = CARTESIAN_POINT ( 'NONE',  ( 10.77276538950420992, 10.49999999999997158, -28.19666806270995352 ) ) ;
#1898 = CARTESIAN_POINT ( 'NONE',  ( 34.94797589191979625, -80.12401158005832258, -197.2253558862186935 ) ) ;
#1899 = CARTESIAN_POINT ( 'NONE',  ( -4.636051184795790370, 10.92561996469123464, -59.47186270244563389 ) ) ;
#1900 = AXIS2_PLACEMENT_3D ( 'NONE', #8642, #5072, #7864 ) ;
#1901 = DIRECTION ( 'NONE',  ( -1.000000000000000000, -0.000000000000000000, -0.000000000000000000 ) ) ;
#1902 = CARTESIAN_POINT ( 'NONE',  ( 6.000000000000000000, 47.21989972959759996, -28.22288202021100645 ) ) ;
#1903 = ORIENTED_EDGE ( 'NONE', *, *, #4570, .F. ) ;
#1904 = AXIS2_PLACEMENT_3D ( 'NONE', #4246, #4931, #7575 ) ;
#1905 = CARTESIAN_POINT ( 'NONE',  ( -6.389934753677187551, -17.50000000000000000, -64.02965874487362896 ) ) ;
#1906 = EDGE_CURVE ( 'NONE', #7219, #259, #6392, .T. ) ;
#1907 = CARTESIAN_POINT ( 'NONE',  ( 10.90045102168908109, 17.50000000000000711, -57.30423710420409122 ) ) ;
#1908 = CARTESIAN_POINT ( 'NONE',  ( 20.05715155481375334, -13.68047157153064930, -84.98889248905777549 ) ) ;
#1909 = CARTESIAN_POINT ( 'NONE',  ( 6.939286496052941899, 17.49999999999999645, -61.51290456043117416 ) ) ;
#1910 = PERSON ( 'NAUO-PER4', 'UNSPECIFIED', 'UNSPECIFIED', ('UNSPECIFIED'), ('UNSPECIFIED'), ('UNSPECIFIED') ) ;
#1911 = DIRECTION ( 'NONE',  ( 1.000000000000000000, 0.000000000000000000, 0.000000000000000000 ) ) ;
#1912 = VECTOR ( 'NONE', #1822, 1000.000000000000000 ) ;
#1913 = VERTEX_POINT ( 'NONE', #8607 ) ;
#1914 = ADVANCED_FACE ( 'NONE', ( #2336 ), #4938, .F. ) ;
#1915 = ORIENTED_EDGE ( 'NONE', *, *, #5862, .F. ) ;
#1916 = CARTESIAN_POINT ( 'NONE',  ( -6.069668468532967154, 15.50000000000000711, -60.72432673834463657 ) ) ;
#1917 = FACE_BOUND ( 'NONE', #6173, .T. ) ;
#1918 = CARTESIAN_POINT ( 'NONE',  ( 24.29971465990762169, -59.65571269906055818, -154.3876712407090679 ) ) ;
#1919 = CARTESIAN_POINT ( 'NONE',  ( -6.238271535581974447, 17.50000000000000355, -61.80515875757840405 ) ) ;
#1920 = TOROIDAL_SURFACE ( 'NONE', #3823, 185.2684435961459712, 5.000000000000000000 ) ;
#1921 = CARTESIAN_POINT ( 'NONE',  ( -4.082951044342432390, 15.49999999999996980, -61.72442869623636597 ) ) ;
#1922 =( BOUNDED_SURFACE ( )  B_SPLINE_SURFACE ( 3, 2, ( 
 ( #6822, #3906, #7509 ),
 ( #3950, #3220, #3177 ),
 ( #1247, #6779, #7417 ),
 ( #516, #560, #3263 ) ),
 .UNSPECIFIED., .F., .F., .F. ) 
 B_SPLINE_SURFACE_WITH_KNOTS ( ( 4, 4 ),
 ( 3, 3 ),
 ( 5.400090030818402553, 5.410520681182415359 ),
 ( 0.000000000000000000, 1.000000000000000000 ),
 .UNSPECIFIED. ) 
 GEOMETRIC_REPRESENTATION_ITEM ( )  RATIONAL_B_SPLINE_SURFACE ( (
 ( 1.000000000000000000, 0.8511300811279529643, 1.000000000000000000),
 ( 1.000000000000000000, 0.8516880811882654445, 1.000000000000000000),
 ( 1.000000000000000000, 0.8522431418669770276, 1.000000000000000000),
 ( 1.000000000000000000, 0.8527952502424140935, 1.000000000000000000) ) ) 
 REPRESENTATION_ITEM ( '' )  SURFACE ( )  );
#1923 = ADVANCED_FACE ( 'NONE', ( #6440 ), #4433, .T. ) ;
#1924 = DIRECTION ( 'NONE',  ( -0.000000000000000000, -1.000000000000000000, -0.000000000000000000 ) ) ;
#1925 = CARTESIAN_POINT ( 'NONE',  ( 14.12319761105431049, 15.50000000000000178, -28.99947627520709759 ) ) ;
#1926 = PERSON_AND_ORGANIZATION ( #5299, #8168 ) ;
#1927 = CARTESIAN_POINT ( 'NONE',  ( 6.000000000000000000, 1.393194630728515016, -70.05221578285306805 ) ) ;
#1928 = ORIENTED_EDGE ( 'NONE', *, *, #1717, .T. ) ;
#1929 = CARTESIAN_POINT ( 'NONE',  ( 30.38734823562434073, -39.99574040142165643, -187.4533623316721673 ) ) ;
#1930 = ORIENTED_EDGE ( 'NONE', *, *, #811, .T. ) ;
#1931 = DIRECTION ( 'NONE',  ( 0.000000000000000000, 0.000000000000000000, -1.000000000000000000 ) ) ;
#1932 = CARTESIAN_POINT ( 'NONE',  ( -35.00000000000001421, -87.37327935545148705, -199.9077270581289270 ) ) ;
#1933 = EDGE_CURVE ( 'NONE', #2120, #6256, #5463, .T. ) ;
#1934 = CARTESIAN_POINT ( 'NONE',  ( 20.32838348919213445, -10.50254974093487625, -93.09286716805985407 ) ) ;
#1935 = VERTEX_POINT ( 'NONE', #910 ) ;
#1936 = PERSON_AND_ORGANIZATION_ROLE ( 'design_owner' ) ;
#1937 = EDGE_CURVE ( 'NONE', #2430, #96, #1515, .T. ) ;
#1938 = CARTESIAN_POINT ( 'NONE',  ( -14.01191672035248104, 17.50000000000000000, -27.15603072236725879 ) ) ;
#1939 = LINE ( 'NONE', #1201, #8868 ) ;
#1940 = CARTESIAN_POINT ( 'NONE',  ( -35.00000000000000711, -85.66317863882390782, -195.2092639541992014 ) ) ;
#1941 = ORIENTED_EDGE ( 'NONE', *, *, #8478, .F. ) ;
#1942 = CARTESIAN_POINT ( 'NONE',  ( -6.000000000000001776, 61.85122702443587883, -4.407461352263108978 ) ) ;
#1943 = EDGE_CURVE ( 'NONE', #7359, #8977, #977, .T. ) ;
#1944 = CARTESIAN_POINT ( 'NONE',  ( -11.78200958669775034, 10.49999999999996803, -29.21097200554736872 ) ) ;
#1945 = CARTESIAN_POINT ( 'NONE',  ( 12.17771656218902088, 10.49999999999997158, -29.49873605875174221 ) ) ;
#1946 = ADVANCED_FACE ( 'NONE', ( #952 ), #3562, .F. ) ;
#1947 = CARTESIAN_POINT ( 'NONE',  ( 15.00000000000000355, -14.96690670007526691, -56.52513676596421277 ) ) ;
#1948 = CARTESIAN_POINT ( 'NONE',  ( -8.844900538531177858, 10.97217016632779085, -54.84017138682532533 ) ) ;
#1949 = CARTESIAN_POINT ( 'NONE',  ( -7.487704515198455368, 1.504065738988418000, -59.24431980532854425 ) ) ;
#1950 = CARTESIAN_POINT ( 'NONE',  ( 11.17598340359507958, 15.49999999999997158, -54.79032983476613339 ) ) ;
#1951 = DIRECTION ( 'NONE',  ( 0.000000000000000000, -0.9961946980917452121, 0.08715574274766187124 ) ) ;
#1952 = ORIENTED_EDGE ( 'NONE', *, *, #6969, .T. ) ;
#1953 = CARTESIAN_POINT ( 'NONE',  ( -14.99999999999999822, -24.79567195388979073, -68.91042536112450989 ) ) ;
#1954 = CARTESIAN_POINT ( 'NONE',  ( 30.39505417600976145, -38.75492980044058555, -202.7881388864910832 ) ) ;
#1955 = B_SPLINE_CURVE_WITH_KNOTS ( 'NONE', 3,
 ( #297, #7901, #7802, #1638 ),
 .UNSPECIFIED., .F., .F.,
 ( 4, 4 ),
 ( 0.000000000000000000, 0.9000000000000325517 ),
 .UNSPECIFIED. ) ;
#1956 = CARTESIAN_POINT ( 'NONE',  ( 7.155393785610915103, 17.49999999999998934, -61.35861580483225453 ) ) ;
#1957 = CARTESIAN_POINT ( 'NONE',  ( 20.40492298783705394, -24.22963493905850640, -124.4680681865114309 ) ) ;
#1958 = DIRECTION ( 'NONE',  ( -0.000000000000000000, 1.000000000000000000, -0.000000000000000000 ) ) ;
#1959 = VECTOR ( 'NONE', #7921, 1000.000000000000000 ) ;
#1960 = CARTESIAN_POINT ( 'NONE',  ( 36.99999999999999289, -89.93670488367540372, -201.1030720130492284 ) ) ;
#1961 = CARTESIAN_POINT ( 'NONE',  ( 13.36673193820446492, 17.49999999999999645, -26.23193267574693621 ) ) ;
#1962 = ORIENTED_EDGE ( 'NONE', *, *, #4772, .F. ) ;
#1963 = ORIENTED_EDGE ( 'NONE', *, *, #8866, .F. ) ;
#1964 = CARTESIAN_POINT ( 'NONE',  ( -3.601943068186563846, 15.50000000000000355, -61.85864750279652213 ) ) ;
#1965 = DIRECTION ( 'NONE',  ( 0.000000000000000000, 0.000000000000000000, 1.000000000000000000 ) ) ;
#1966 = CARTESIAN_POINT ( 'NONE',  ( 34.50045113366020644, -76.02914427124021302, -187.1404282018848733 ) ) ;
#1967 = CARTESIAN_POINT ( 'NONE',  ( -4.916879806809201447, 17.50000000000000355, -62.48448892523907716 ) ) ;
#1968 = DIRECTION ( 'NONE',  ( 0.000000000000000000, 0.000000000000000000, -1.000000000000000000 ) ) ;
#1969 = DIRECTION ( 'NONE',  ( 0.000000000000000000, 0.3420201433256637169, 0.9396926207859103153 ) ) ;
#1970 = LINE ( 'NONE', #7403, #494 ) ;
#1971 = CARTESIAN_POINT ( 'NONE',  ( -10.51862943503393488, 10.49999999999996980, -28.18885976220165546 ) ) ;
#1972 = CARTESIAN_POINT ( 'NONE',  ( 14.33845761454899304, 17.50000000000000355, -55.14516509585684645 ) ) ;
#1973 = CARTESIAN_POINT ( 'NONE',  ( 20.27605822909568545, -20.70447722576966854, -111.2333889080811815 ) ) ;
#1974 = EDGE_LOOP ( 'NONE', ( #8461, #3116, #6824, #7004 ) ) ;
#1975 = CARTESIAN_POINT ( 'NONE',  ( -11.19473306714877126, -2.499999999999995115, -28.36803453448748158 ) ) ;
#1976 = CARTESIAN_POINT ( 'NONE',  ( -34.84392767575937455, -43.39343128632533819, -199.9524160757009383 ) ) ;
#1977 = CARTESIAN_POINT ( 'NONE',  ( 20.01560791557119146, -24.22296074100725605, -88.09904596213475259 ) ) ;
#1978 = VERTEX_POINT ( 'NONE', #6345 ) ;
#1979 = CALENDAR_DATE ( 2026, 29, 5 ) ;
#1980 = CARTESIAN_POINT ( 'NONE',  ( -13.40055563906867420, 17.50000000000000711, -26.48248417939894139 ) ) ;
#1981 = DIRECTION ( 'NONE',  ( 0.000000000000000000, 0.000000000000000000, -1.000000000000000000 ) ) ;
#1982 = CARTESIAN_POINT ( 'NONE',  ( -13.43896993456027467, 15.50000000000000000, -48.19532528056708998 ) ) ;
#1983 = ORIENTED_EDGE ( 'NONE', *, *, #3258, .F. ) ;
#1984 = CARTESIAN_POINT ( 'NONE',  ( -13.05976295206168025, 15.86078816993767582, -26.92497521550875916 ) ) ;
#1985 = ADVANCED_FACE ( 'NONE', ( #1653 ), #7239, .T. ) ;
#1986 = CIRCLE ( 'NONE', #2862, 4.999999999999999112 ) ;
#1987 = EDGE_CURVE ( 'NONE', #4709, #8294, #864, .T. ) ;
#1988 = CARTESIAN_POINT ( 'NONE',  ( -10.72005541906462867, 10.49999999999997335, -28.27093200259068695 ) ) ;
#1989 = CARTESIAN_POINT ( 'NONE',  ( 12.10186343316525459, 10.49999999999996803, -29.32684533439958230 ) ) ;
#1990 = CARTESIAN_POINT ( 'NONE',  ( -7.500000000000000000, -2.499999999999998668, -29.00000000000000000 ) ) ;
#1991 = CARTESIAN_POINT ( 'NONE',  ( -8.625128932555092831, 10.95743005904539835, -55.21508781660844534 ) ) ;
#1992 = VECTOR ( 'NONE', #6931, 1000.000000000000000 ) ;
#1993 = CARTESIAN_POINT ( 'NONE',  ( 8.806154100073433355, 15.49999999999997513, -58.46253026979474754 ) ) ;
#1994 = CARTESIAN_POINT ( 'NONE',  ( 12.51666416054165154, 10.97213671394135837, -44.17710914726222882 ) ) ;
#1995 = ORIENTED_EDGE ( 'NONE', *, *, #591, .F. ) ;
#1996 = EDGE_CURVE ( 'NONE', #4393, #7916, #6071, .T. ) ;
#1997 = CARTESIAN_POINT ( 'NONE',  ( 34.93255404056750990, -41.34363852368017689, -212.7628508690644082 ) ) ;
#1998 = CARTESIAN_POINT ( 'NONE',  ( 6.336330646201363770, 17.49999999999999645, -61.90267091150084866 ) ) ;
#1999 = CARTESIAN_POINT ( 'NONE',  ( 15.43343724339862000, -19.29842034440162024, -126.9847744027084389 ) ) ;
#2000 = FACE_OUTER_BOUND ( 'NONE', #7932, .T. ) ;
#2001 = CARTESIAN_POINT ( 'NONE',  ( 13.43747394937557793, 17.49999999999999645, -26.28913135015326930 ) ) ;
#2002 = ORIENTED_EDGE ( 'NONE', *, *, #8251, .F. ) ;
#2003 = ORIENTED_EDGE ( 'NONE', *, *, #4391, .T. ) ;
#2004 = CARTESIAN_POINT ( 'NONE',  ( -4.080495148926375215, 15.50000000000000000, -61.72628107156462818 ) ) ;
#2005 = CARTESIAN_POINT ( 'NONE',  ( -6.000000000000000000, 3.234777356430490691, 24.81248959086564909 ) ) ;
#2006 = CARTESIAN_POINT ( 'NONE',  ( 24.27377397479025234, -73.81292432674544557, -171.6553745549018117 ) ) ;
#2007 = AXIS2_PLACEMENT_3D ( 'NONE', #4582, #8785, #8743 ) ;
#2008 = CARTESIAN_POINT ( 'NONE',  ( -6.842028355911358162, 17.50000000000001066, -61.39864181466631976 ) ) ;
#2009 = CARTESIAN_POINT ( 'NONE',  ( -6.525361238453180057, 15.49999999999997513, -60.38690304339041148 ) ) ;
#2010 = DIRECTION ( 'NONE',  ( -1.000000000000000000, 0.000000000000000000, 0.000000000000000000 ) ) ;
#2011 = CARTESIAN_POINT ( 'NONE',  ( -2.370661744665771398, 17.50000000000000000, -64.99999999999958789 ) ) ;
#2012 = CARTESIAN_POINT ( 'NONE',  ( -13.57253159768168160, 15.50000000000000355, -28.31496159087835451 ) ) ;
#2014 = EDGE_CURVE ( 'NONE', #96, #3721, #8563, .T. ) ;
#2013 = APPROVAL_STATUS ( 'not_yet_approved' ) ;
#2015 = CARTESIAN_POINT ( 'NONE',  ( 6.347963552806361598, 17.50000000000000000, -64.15506131569810577 ) ) ;
#2016 = CARTESIAN_POINT ( 'NONE',  ( 24.94610727441982334, -35.01789978161267669, -166.7939620624950408 ) ) ;
#2017 = VERTEX_POINT ( 'NONE', #5796 ) ;
#2018 = CARTESIAN_POINT ( 'NONE',  ( 6.659783431302629175, -17.50000000000000000, -64.02349852151451159 ) ) ;
#2019 = CARTESIAN_POINT ( 'NONE',  ( -35.00000000000001421, -57.92306129188300901, -194.6640632387778567 ) ) ;
#2020 = CARTESIAN_POINT ( 'NONE',  ( 20.01560791557117724, -18.77474934961742647, -90.08203273859083993 ) ) ;
#2021 = ORIENTED_EDGE ( 'NONE', *, *, #4969, .F. ) ;
#2022 = DIRECTION ( 'NONE',  ( 0.000000000000000000, 0.000000000000000000, 1.000000000000000000 ) ) ;
#2023 = EDGE_CURVE ( 'NONE', #426, #3486, #2185, .T. ) ;
#2024 = VECTOR ( 'NONE', #5100, 1000.000000000000114 ) ;
#2025 = CARTESIAN_POINT ( 'NONE',  ( -13.40581263973917814, 17.50000000000000000, -26.48735243581721477 ) ) ;
#2026 = CARTESIAN_POINT ( 'NONE',  ( 31.16532131786794579, -71.73945714891691239, -178.6899147697023125 ) ) ;
#2027 = CARTESIAN_POINT ( 'NONE',  ( -11.67588530742878028, 15.50000000000000178, -53.18952667245275023 ) ) ;
#2028 = VERTEX_POINT ( 'NONE', #3966 ) ;
#2029 = CARTESIAN_POINT ( 'NONE',  ( 29.81203408386191001, -80.93937854103438667, -186.3891312406042573 ) ) ;
#2030 = ADVANCED_FACE ( 'NONE', ( #3277 ), #1120, .T. ) ;
#2031 = CIRCLE ( 'NONE', #275, 1.549999999999997602 ) ;
#2032 = VECTOR ( 'NONE', #572, 1000.000000000000000 ) ;
#2033 = MANIFOLD_SOLID_BREP ( '\X2\570689d2\X0\1', #3708 ) ;
#2034 = EDGE_CURVE ( 'NONE', #3276, #8268, #4626, .T. ) ;
#2035 = CARTESIAN_POINT ( 'NONE',  ( 11.51835197937058020, 10.49999999999996803, -28.59405747574592738 ) ) ;
#2036 = CARTESIAN_POINT ( 'NONE',  ( 34.81962382432931946, -40.77340960030476680, -205.0040435054131933 ) ) ;
#2037 = LOCAL_TIME ( 17, 12, 35.00000000000000000, #3342 ) ;
#2038 = FACE_OUTER_BOUND ( 'NONE', #197, .T. ) ;
#2039 = DIRECTION ( 'NONE',  ( -0.000000000000000000, 1.000000000000000000, -0.000000000000000000 ) ) ;
#2040 = CARTESIAN_POINT ( 'NONE',  ( 7.700453032603260084, 15.49999999999998046, -59.61377202890876248 ) ) ;
#2041 = FACE_OUTER_BOUND ( 'NONE', #8384, .T. ) ;
#2042 = ORIENTED_EDGE ( 'NONE', *, *, #2688, .T. ) ;
#2043 = LINE ( 'NONE', #4743, #7534 ) ;
#2044 = DIRECTION ( 'NONE',  ( -0.000000000000000000, -0.9396926207859087610, 0.3420201433256676582 ) ) ;
#2045 = CARTESIAN_POINT ( 'NONE',  ( -5.374982314051242938, 17.50000000000000000, -62.28078752002138430 ) ) ;
#2046 = CARTESIAN_POINT ( 'NONE',  ( 34.27413766958781594, -38.16883726764760354, -200.4905443152434543 ) ) ;
#2047 = CARTESIAN_POINT ( 'NONE',  ( 10.10075845060484667, 17.50000000000000000, -58.45005616094218936 ) ) ;
#2048 = FACE_OUTER_BOUND ( 'NONE', #1575, .T. ) ;
#2049 = CARTESIAN_POINT ( 'NONE',  ( 13.31306929752537904, 17.50000000000000000, -26.18980532307377729 ) ) ;
#2050 = CARTESIAN_POINT ( 'NONE',  ( -28.06218362667993915, -67.01685993074923431, -169.2754881027145188 ) ) ;
#2051 = EDGE_LOOP ( 'NONE', ( #4952, #5639, #876, #6919 ) ) ;
#2052 = ORIENTED_EDGE ( 'NONE', *, *, #3775, .F. ) ;
#2053 = CARTESIAN_POINT ( 'NONE',  ( -13.31496679078346013, 15.50000000000000000, -48.67648814120151712 ) ) ;
#2054 = FACE_BOUND ( 'NONE', #6379, .T. ) ;
#2055 = CARTESIAN_POINT ( 'NONE',  ( 35.03624874971782788, -81.27048665229587243, -187.0696248961248500 ) ) ;
#2056 = CARTESIAN_POINT ( 'NONE',  ( 10.69348583842536549, 15.50000000000000178, -55.70131430176980558 ) ) ;
#2057 = CARTESIAN_POINT ( 'NONE',  ( 2.628825013707253966, 10.99999996073438169, -60.19999999999958362 ) ) ;
#2058 = CARTESIAN_POINT ( 'NONE',  ( 10.43102885814020908, -0.1477257099568706211, -59.72350196469307093 ) ) ;
#2059 = CARTESIAN_POINT ( 'NONE',  ( -14.00217872208738079, 15.50000000000000178, -29.54283315986243963 ) ) ;
#2060 = PERSON_AND_ORGANIZATION ( #5299, #8168 ) ;
#2061 = CARTESIAN_POINT ( 'NONE',  ( 7.738747569511302160, 17.50000000000000355, -63.38540010930206137 ) ) ;
#2062 = DIRECTION ( 'NONE',  ( 0.000000000000000000, 0.000000000000000000, -1.000000000000000000 ) ) ;
#2063 = CARTESIAN_POINT ( 'NONE',  ( 12.33133514734356062, -17.50000000000000000, -58.83742484714601773 ) ) ;
#2064 = AXIS2_PLACEMENT_3D ( 'NONE', #8939, #8130, #8087 ) ;
#2065 = CARTESIAN_POINT ( 'NONE',  ( -34.72382355168826962, -80.89787048455828256, -186.3019165546994884 ) ) ;
#2066 = CARTESIAN_POINT ( 'NONE',  ( 20.37115094146339800, -37.01465629642227384, -102.4234203008591351 ) ) ;
#2067 = ORIENTED_EDGE ( 'NONE', *, *, #2485, .F. ) ;
#2068 = CARTESIAN_POINT ( 'NONE',  ( 12.46783245114154681, 17.50000000000000355, -54.42382058664385625 ) ) ;
#2069 = CARTESIAN_POINT ( 'NONE',  ( -12.70352375804290190, 15.49999999999996803, -27.20005289111835722 ) ) ;
#2070 = CARTESIAN_POINT ( 'NONE',  ( 25.30209050732435472, -75.23094774730220990, -174.5917824078981937 ) ) ;
#2071 = DIRECTION ( 'NONE',  ( 0.000000000000000000, 0.000000000000000000, 1.000000000000000000 ) ) ;
#2072 = ORIENTED_EDGE ( 'NONE', *, *, #7613, .F. ) ;
#2073 = CARTESIAN_POINT ( 'NONE',  ( 31.63364246810120761, -82.48109537489341392, -189.6285107932562539 ) ) ;
#2074 = CARTESIAN_POINT ( 'NONE',  ( -4.071285471884694473, 17.50000000000001421, -62.77159214010693944 ) ) ;
#2075 = CARTESIAN_POINT ( 'NONE',  ( -17.06970063498989632, -17.50000000000000000, -44.49486691573818575 ) ) ;
#2076 = EDGE_CURVE ( 'NONE', #6766, #5293, #7868, .T. ) ;
#2077 = CARTESIAN_POINT ( 'NONE',  ( 12.07330587870067617, 10.49999999999997158, -29.27101104518023078 ) ) ;
#2078 = DIRECTION ( 'NONE',  ( 0.000000000000000000, 0.9396926207859087610, -0.3420201433256677137 ) ) ;
#2079 = CYLINDRICAL_SURFACE ( 'NONE', #4808, 1.299999999999988720 ) ;
#2080 = CARTESIAN_POINT ( 'NONE',  ( 29.68410705484170720, -38.48283812885107125, -201.7397258176133334 ) ) ;
#2081 = CARTESIAN_POINT ( 'NONE',  ( 9.272612178761754365, 15.49999999999996803, -57.88858306796362996 ) ) ;
#2082 = EDGE_CURVE ( 'NONE', #7808, #4224, #9002, .T. ) ;
#2083 = CARTESIAN_POINT ( 'NONE',  ( 8.165175931950225063, 10.92245788938586593, -56.31283506600038891 ) ) ;
#2084 = ORIENTED_EDGE ( 'NONE', *, *, #8644, .T. ) ;
#2085 = CARTESIAN_POINT ( 'NONE',  ( -14.95382166565356563, 17.50000000000000000, -45.40855490365889580 ) ) ;
#2086 = CARTESIAN_POINT ( 'NONE',  ( -16.58379393417363445, -17.50000000000000000, -48.01982786898796007 ) ) ;
#2087 = CARTESIAN_POINT ( 'NONE',  ( -7.096189471454400710, 17.50000000000000355, -61.20934850259897786 ) ) ;
#2088 = CARTESIAN_POINT ( 'NONE',  ( 20.86387869976922715, -19.28433856925324363, -126.9305150532029387 ) ) ;
#2089 = PERSON_AND_ORGANIZATION ( #5299, #8168 ) ;
#2090 = CARTESIAN_POINT ( 'NONE',  ( 9.564772714209993865, 17.49999999999999645, -59.11671536604385579 ) ) ;
#2091 = VECTOR ( 'NONE', #1958, 1000.000000000000000 ) ;
#2092 = CALENDAR_DATE ( 2026, 29, 5 ) ;
#2093 = DIRECTION ( 'NONE',  ( -9.060998516074535786E-07, 0.000000000000000000, 0.9999999999995894395 ) ) ;
#2094 = CARTESIAN_POINT ( 'NONE',  ( 13.33698626758950923, 17.50000000000000711, -26.20844341247258313 ) ) ;
#2095 = CARTESIAN_POINT ( 'NONE',  ( -23.43328125664561057, -57.52004553232281125, -150.0232637849879325 ) ) ;
#2096 = EDGE_LOOP ( 'NONE', ( #2751, #2305 ) ) ;
#2097 = CARTESIAN_POINT ( 'NONE',  ( -10.88572630799901297, 15.50000000000000000, -54.85512377224025471 ) ) ;
#2098 = CARTESIAN_POINT ( 'NONE',  ( -13.23618175602471503, -17.50000000000000000, -56.83007078397528744 ) ) ;
#2099 = CARTESIAN_POINT ( 'NONE',  ( 12.08396899143867387, -2.499999999999995115, -28.71443165947095721 ) ) ;
#2100 = AXIS2_PLACEMENT_3D ( 'NONE', #8424, #3571, #7681 ) ;
#2101 = CARTESIAN_POINT ( 'NONE',  ( 3.985501418142578522, 15.50000000000000355, -61.82810295538376977 ) ) ;
#2102 = CARTESIAN_POINT ( 'NONE',  ( -34.81932094409975775, -76.98363636171943369, -187.8148096067209565 ) ) ;
#2103 = AXIS2_PLACEMENT_3D ( 'NONE', #5325, #6608, #8758 ) ;
#2104 = CARTESIAN_POINT ( 'NONE',  ( -12.54578809772805137, 15.50000000000000533, -27.06115932416727077 ) ) ;
#2105 = CC_DESIGN_PERSON_AND_ORGANIZATION_ASSIGNMENT ( #814, #3598, ( #1759 ) ) ;
#2106 = CALENDAR_DATE ( 2026, 29, 5 ) ;
#2107 = CARTESIAN_POINT ( 'NONE',  ( 15.43636197726612025, 17.50000000000000000, -52.59642639520345142 ) ) ;
#2108 = ORIENTED_EDGE ( 'NONE', *, *, #2437, .F. ) ;
#2109 = CARTESIAN_POINT ( 'NONE',  ( -1.171572875253812374, 1.393194630728519234, -70.05221578285306805 ) ) ;
#2110 = ORIENTED_EDGE ( 'NONE', *, *, #521, .F. ) ;
#2111 = CYLINDRICAL_SURFACE ( 'NONE', #1293, 5.000000000000000888 ) ;
#2112 = CARTESIAN_POINT ( 'NONE',  ( -20.39217603954491764, -23.89392539844991248, -123.2061712462713103 ) ) ;
#2113 = CARTESIAN_POINT ( 'NONE',  ( 20.06963463410125925, -46.79232582118567052, -145.5842312077380996 ) ) ;
#2114 = EDGE_LOOP ( 'NONE', ( #4208, #8698, #4690 ) ) ;
#2115 = EDGE_CURVE ( 'NONE', #886, #3042, #6368, .T. ) ;
#2116 = DATE_TIME_ROLE ( 'creation_date' ) ;
#2117 = CARTESIAN_POINT ( 'NONE',  ( 20.00000000000000355, -10.70278566687735911, -74.04760451506247421 ) ) ;
#2118 = CARTESIAN_POINT ( 'NONE',  ( -14.99999999999999645, -6.576093598712162702, 30.68992876647312329 ) ) ;
#2119 = DIRECTION ( 'NONE',  ( -0.000000000000000000, 0.3420201433256637169, 0.9396926207859103153 ) ) ;
#2120 = VERTEX_POINT ( 'NONE', #3320 ) ;
#2121 = CARTESIAN_POINT ( 'NONE',  ( -14.99999999999999645, -12.57783009837184629, 26.19591348394635588 ) ) ;
#2122 = CARTESIAN_POINT ( 'NONE',  ( 7.490564427697849581, 10.49999999999996980, -56.91638957899620266 ) ) ;
#2123 = CARTESIAN_POINT ( 'NONE',  ( -10.69856691792861803, 10.49999999999996803, -28.26206377354705168 ) ) ;
#2124 = CARTESIAN_POINT ( 'NONE',  ( 14.24544764520060269, 15.50000000000000000, -29.46433313067466031 ) ) ;
#2125 = CARTESIAN_POINT ( 'NONE',  ( -15.33307667246043060, -24.79494961202485115, -68.90890761194005165 ) ) ;
#2126 = CARTESIAN_POINT ( 'NONE',  ( 6.160369378857459388, 3.876937431700332670, -59.39994585307725572 ) ) ;
#2127 = CARTESIAN_POINT ( 'NONE',  ( -2.681268489373150654, 10.49999999999997158, -59.98595012856738862 ) ) ;
#2128 = CARTESIAN_POINT ( 'NONE',  ( -19.99999999999999645, -170.2684435961459712, -6.522560269672794675E-13 ) ) ;
#2129 = CARTESIAN_POINT ( 'NONE',  ( 7.517291629235372419, 15.49999999999996625, -59.77970890291737760 ) ) ;
#2130 = CARTESIAN_POINT ( 'NONE',  ( 8.414865793557588347, 10.93246052662890122, -55.95077868533979881 ) ) ;
#2131 = ORIENTED_EDGE ( 'NONE', *, *, #5165, .F. ) ;
#2132 = CARTESIAN_POINT ( 'NONE',  ( -6.896923762748729203, 17.50000000000000000, -61.35885424760404305 ) ) ;
#2133 = CARTESIAN_POINT ( 'NONE',  ( 34.52336234840478824, -38.34094040807615755, -201.1752177861834241 ) ) ;
#2134 = APPROVAL_STATUS ( 'not_yet_approved' ) ;
#2135 = DIRECTION ( 'NONE',  ( 0.000000000000000000, 0.000000000000000000, -1.000000000000000000 ) ) ;
#2136 = CARTESIAN_POINT ( 'NONE',  ( 13.79739146748535816, 17.49999999999999645, -26.61354039365632218 ) ) ;
#2137 = CARTESIAN_POINT ( 'NONE',  ( -17.45775887235910417, -38.48283812885074440, -201.7397258176125945 ) ) ;
#2138 = ORIENTED_EDGE ( 'NONE', *, *, #1770, .T. ) ;
#2139 = ORIENTED_EDGE ( 'NONE', *, *, #2752, .F. ) ;
#2140 = CARTESIAN_POINT ( 'NONE',  ( 34.99999999999999289, 5.000000000000000000, 24.00000000000000000 ) ) ;
#2141 = CARTESIAN_POINT ( 'NONE',  ( 14.26210127822634455, 17.06307746999345198, -27.18176404451832440 ) ) ;
#2142 = VECTOR ( 'NONE', #3370, 1000.000000000000000 ) ;
#2143 = CARTESIAN_POINT ( 'NONE',  ( 34.65034009154434358, -80.79924971870960348, -186.0987262716796806 ) ) ;
#2144 =( BOUNDED_CURVE ( )  B_SPLINE_CURVE ( 3, ( #7184, #4445, #4575, #965 ),
 .UNSPECIFIED., .F., .F. ) 
 B_SPLINE_CURVE_WITH_KNOTS ( ( 4, 4 ),
 ( 2.356194490192343061, 3.141592653589793116 ),
 .UNSPECIFIED. ) 
 CURVE ( )  GEOMETRIC_REPRESENTATION_ITEM ( )  RATIONAL_B_SPLINE_CURVE ( ( 1.000000000000000000, 0.9492530216741910110, 0.9492530216741910110, 1.000000000000000000 ) ) 
 REPRESENTATION_ITEM ( '' )  );
#2145 = CARTESIAN_POINT ( 'NONE',  ( 6.832692344542708796, 15.50000000000000355, -60.34887341240459335 ) ) ;
#2146 = CARTESIAN_POINT ( 'NONE',  ( -34.85926743963955232, -83.39671744409734799, -192.8255117685456810 ) ) ;
#2147 = CARTESIAN_POINT ( 'NONE',  ( 16.84820845646925136, -17.50000000000000000, -47.98695618760326198 ) ) ;
#2148 = EDGE_CURVE ( 'NONE', #4775, #2915, #671, .T. ) ;
#2149 = CARTESIAN_POINT ( 'NONE',  ( 15.08275612308509750, 17.50000000000000000, -53.46702534775823068 ) ) ;
#2150 = DIRECTION ( 'NONE',  ( 0.000000000000000000, 0.000000000000000000, 1.000000000000000000 ) ) ;
#2151 = AXIS2_PLACEMENT_3D ( 'NONE', #8624, #2354, #7237 ) ;
#2152 = VERTEX_POINT ( 'NONE', #8989 ) ;
#2153 = CARTESIAN_POINT ( 'NONE',  ( 14.32782294323413907, 15.50000000000000178, -30.29998938949681531 ) ) ;
#2154 = CARTESIAN_POINT ( 'NONE',  ( -5.000000000000000000, -2.499999999999998668, -54.00000000000000711 ) ) ;
#2155 = CARTESIAN_POINT ( 'NONE',  ( 0.000000000000000000, -11.95100551087985252, 24.93116144203728979 ) ) ;
#2156 = ORIENTED_EDGE ( 'NONE', *, *, #6278, .T. ) ;
#2157 = COORDINATED_UNIVERSAL_TIME_OFFSET ( 8, 0, .AHEAD. ) ;
#2158 = CARTESIAN_POINT ( 'NONE',  ( 12.63494641676581409, 17.50000000000000355, -54.06528486274769563 ) ) ;
#2159 = AXIS2_PLACEMENT_3D ( 'NONE', #711, #3498, #6287 ) ;
#2160 = DIRECTION ( 'NONE',  ( 1.000000000000000000, -0.000000000000000000, 0.000000000000000000 ) ) ;
#2161 = CARTESIAN_POINT ( 'NONE',  ( -11.74857245107606118, 17.50000000000000355, -59.24162533309868905 ) ) ;
#2162 = ORIENTED_EDGE ( 'NONE', *, *, #5714, .F. ) ;
#2163 = DIRECTION ( 'NONE',  ( 0.000000000000000000, 0.000000000000000000, -1.000000000000000000 ) ) ;
#2164 = CARTESIAN_POINT ( 'NONE',  ( -4.578784175855643568, 17.49999999999998934, -62.61256533139400204 ) ) ;
#2165 = TOROIDAL_SURFACE ( 'NONE', #7880, 165.2684435961459712, 5.000000000000000000 ) ;
#2166 = EDGE_CURVE ( 'NONE', #4654, #1913, #2043, .T. ) ;
#2167 = CARTESIAN_POINT ( 'NONE',  ( 11.26423953045804005, 15.50000000000000355, -26.25670940440031487 ) ) ;
#2168 = CARTESIAN_POINT ( 'NONE',  ( -5.465597056045600866, 10.49999999999996625, -58.67608235888324941 ) ) ;
#2169 = DIRECTION ( 'NONE',  ( -0.9999999999995895505, 0.000000000000000000, -9.060998566657750974E-07 ) ) ;
#2170 = CARTESIAN_POINT ( 'NONE',  ( 14.16204788443372209, 15.49999999999996270, -45.79263060535520680 ) ) ;
#2171 = CARTESIAN_POINT ( 'NONE',  ( -20.14734754502735115, -16.84716771015355619, -96.79165719471779994 ) ) ;
#2172 = CIRCLE ( 'NONE', #6103, 1.299999999999988720 ) ;
#2173 = CARTESIAN_POINT ( 'NONE',  ( -34.65034009154642547, -80.79924971870937611, -186.0987262716876103 ) ) ;
#2174 = DIRECTION ( 'NONE',  ( -1.000000000000000000, -0.000000000000000000, -0.000000000000000000 ) ) ;
#2175 = VERTEX_POINT ( 'NONE', #6834 ) ;
#2176 = CARTESIAN_POINT ( 'NONE',  ( -6.517557271156550591, 17.50000000000000355, -61.62481377365558899 ) ) ;
#2177 = CARTESIAN_POINT ( 'NONE',  ( 28.51613820011734290, -37.69548297470003462, -198.6107819644068968 ) ) ;
#2178 = COORDINATED_UNIVERSAL_TIME_OFFSET ( 8, 0, .AHEAD. ) ;
#2179 = PRODUCT_DEFINITION_FORMATION_WITH_SPECIFIED_SOURCE ( 'ไป', '', #5168, .NOT_KNOWN. ) ;
#2180 = APPLICATION_CONTEXT ( 'configuration controlled 3d designs of mechanical parts and assemblies' ) ;
#2181 = FACE_OUTER_BOUND ( 'NONE', #5853, .T. ) ;
#2182 = CARTESIAN_POINT ( 'NONE',  ( 16.66180088549403493, -5.891034298436773398, -75.32395484155351539 ) ) ;
#2183 = CARTESIAN_POINT ( 'NONE',  ( -13.90692905284660519, 15.50000000000000355, -45.76896460175616710 ) ) ;
#2184 = CARTESIAN_POINT ( 'NONE',  ( 13.03208541819193655, 15.83306176575180402, -27.00952909153838988 ) ) ;
#2185 = B_SPLINE_CURVE_WITH_KNOTS ( 'NONE', 3,
 ( #223, #3023, #7346, #2422, #4475, #8086, #1128, #6702, #2380, #442, #3231, #1168 ),
 .UNSPECIFIED., .F., .F.,
 ( 4, 1, 1, 1, 2, 1, 1, 1, 4 ),
 ( 0.3358313093650402981, 0.3381002824858759803, 0.3612288135593226812, 0.3843573446327693821, 0.4074858757062159720, 0.4306144067796620067, 0.4537429378531080415, 0.4768714689265539652, 0.4791404420473890369 ),
 .UNSPECIFIED. ) ;
#2186 = CARTESIAN_POINT ( 'NONE',  ( -10.69894768512245875, 10.49999999999996980, -56.83006848498786923 ) ) ;
#2187 = VERTEX_POINT ( 'NONE', #8941 ) ;
#2188 = CARTESIAN_POINT ( 'NONE',  ( 6.979060507952086212, 15.50000000000000000, -60.23310236463423450 ) ) ;
#2189 = B_SPLINE_CURVE_WITH_KNOTS ( 'NONE', 3,
 ( #481, #8262, #7341, #3871, #5972, #8764, #7652, #756, #5505, #6877, #27, #618, #4180, #7561, #7013, #3409, #7608, #801, #2856, #4970, #2125, #4920 ),
 .UNSPECIFIED., .F., .F.,
 ( 4, 2, 2, 2, 2, 2, 2, 2, 2, 2, 4 ),
 ( 0.000000000000000000, 0.0002475614442482241824, 0.0004951228884964483648, 0.0009902457769928967295, 0.001980491553985769607, 0.002970737330978642267, 0.003960983107971514927, 0.004951228884964388455, 0.005941474661957261115, 0.006931720438950133775, 0.007921966215943007303 ),
 .UNSPECIFIED. ) ;
#2190 = CARTESIAN_POINT ( 'NONE',  ( -34.82380689362015147, -76.70415014923155184, -187.8473943155493373 ) ) ;
#2191 = DIRECTION ( 'NONE',  ( 0.000000000000000000, 0.000000000000000000, 1.000000000000000000 ) ) ;
#2192 = DATE_TIME_ROLE ( 'classification_date' ) ;
#2193 = EDGE_CURVE ( 'NONE', #2392, #2120, #4006, .T. ) ;
#2194 = CARTESIAN_POINT ( 'NONE',  ( 7.473371834894425803, 3.269183136686374169, -58.22388229728894515 ) ) ;
#2195 = CARTESIAN_POINT ( 'NONE',  ( -10.70907856202233788, 17.49999999999999645, -57.19897993685439985 ) ) ;
#2196 = AXIS2_PLACEMENT_3D ( 'NONE', #7344, #485, #3830 ) ;
#2197 = EDGE_LOOP ( 'NONE', ( #2928, #7840, #7282, #1507 ) ) ;
#2198 = CARTESIAN_POINT ( 'NONE',  ( -19.74815212173657741, -9.236856839468210012, -74.69981544348648583 ) ) ;
#2199 = DIRECTION ( 'NONE',  ( 0.000000000000000000, 0.000000000000000000, -1.000000000000000000 ) ) ;
#2200 = VECTOR ( 'NONE', #1685, 1000.000000000000000 ) ;
#2201 = ADVANCED_FACE ( 'NONE', ( #4788 ), #7569, .F. ) ;
#2202 = CARTESIAN_POINT ( 'NONE',  ( -12.26968371309129324, 10.99998563756628656, -56.83006728061747737 ) ) ;
#2203 = VERTEX_POINT ( 'NONE', #2720 ) ;
#2204 = AXIS2_PLACEMENT_3D ( 'NONE', #5438, #4893, #4199 ) ;
#2205 = APPROVAL_ROLE ( '' ) ;
#2206 = CARTESIAN_POINT ( 'NONE',  ( 7.500000000000000000, -17.50000000000000000, -2.450000000000004174 ) ) ;
#2207 = EDGE_CURVE ( 'NONE', #6669, #4522, #9039, .T. ) ;
#2208 = CARTESIAN_POINT ( 'NONE',  ( -10.98091964890725158, 17.49999999999999645, -60.23128832228524487 ) ) ;
#2209 = VECTOR ( 'NONE', #4926, 1000.000000000000114 ) ;
#2210 = ORIENTED_EDGE ( 'NONE', *, *, #1655, .T. ) ;
#2211 = EDGE_CURVE ( 'NONE', #7480, #829, #6792, .T. ) ;
#2212 = ORIENTED_EDGE ( 'NONE', *, *, #8490, .F. ) ;
#2213 = CARTESIAN_POINT ( 'NONE',  ( -6.335051374471947661, 3.248887413285239223, -59.44264466842610517 ) ) ;
#2214 = CARTESIAN_POINT ( 'NONE',  ( 2.940670273385619815, 10.49999999999996803, -59.98583952916801820 ) ) ;
#2215 = CARTESIAN_POINT ( 'NONE',  ( -10.97189881163946978, 15.49999999999996803, -54.68487320775027882 ) ) ;
#2216 = ADVANCED_FACE ( 'NONE', ( #2773 ), #7616, .F. ) ;
#2217 = AXIS2_PLACEMENT_3D ( 'NONE', #999, #3145, #3787 ) ;
#2218 = CARTESIAN_POINT ( 'NONE',  ( 11.44399057505749262, 15.50000000000000000, -26.31144084750756207 ) ) ;
#2219 = PLANE ( 'NONE',  #702 ) ;
#2220 = CARTESIAN_POINT ( 'NONE',  ( -5.000000000000000000, -15.00000000000000000, -52.45000000000000995 ) ) ;
#2221 = CARTESIAN_POINT ( 'NONE',  ( -6.146584609723688253, 10.49999999999996803, -58.08749212315657928 ) ) ;
#2222 = CARTESIAN_POINT ( 'NONE',  ( 16.30093224540000918, -23.94207178035506800, -144.8955116336927347 ) ) ;
#2223 = CARTESIAN_POINT ( 'NONE',  ( -5.000000000000000000, -2.499999999999998668, -57.00000000000000000 ) ) ;
#2224 = DIRECTION ( 'NONE',  ( -0.000000000000000000, 0.3420201433256680468, 0.9396926207859086499 ) ) ;
#2225 = CARTESIAN_POINT ( 'NONE',  ( -15.40214951858946257, -18.53063465253406861, -124.0263723731687406 ) ) ;
#2226 = CARTESIAN_POINT ( 'NONE',  ( -34.95997818389702871, -76.58861497208772562, -188.2403064165848150 ) ) ;
#2227 = ADVANCED_FACE ( 'NONE', ( #6098 ), #5895, .T. ) ;
#2228 = CARTESIAN_POINT ( 'NONE',  ( 12.43985654069203051, 10.96660019186459678, -45.04203788221857252 ) ) ;
#2229 = EDGE_LOOP ( 'NONE', ( #1070, #6679, #5251, #2382, #6225, #2817 ) ) ;
#2230 = DIRECTION ( 'NONE',  ( -0.7750859297768584177, 0.000000000000000000, -0.6318558391452459011 ) ) ;
#2231 = ADVANCED_FACE ( 'NONE', ( #9005 ), #5441, .T. ) ;
#2232 = COORDINATED_UNIVERSAL_TIME_OFFSET ( 8, 0, .AHEAD. ) ;
#2233 = AXIS2_PLACEMENT_3D ( 'NONE', #6053, #8224, #8848 ) ;
#2234 = CARTESIAN_POINT ( 'NONE',  ( -30.27423630202128635, -38.69620832008040878, -202.5618755573939040 ) ) ;
#2235 = CARTESIAN_POINT ( 'NONE',  ( 14.04327314630595325, 15.49999999999996270, -28.77714956859632167 ) ) ;
#2236 = CARTESIAN_POINT ( 'NONE',  ( -10.10045236635416011, -15.00327994369823337, -110.4349061084823944 ) ) ;
#2237 = ORIENTED_EDGE ( 'NONE', *, *, #404, .T. ) ;
#2238 = CARTESIAN_POINT ( 'NONE',  ( 12.80337965813988177, 15.22605833216077365, -27.24222661156867886 ) ) ;
#2239 = CARTESIAN_POINT ( 'NONE',  ( 34.95997818389746925, -76.58861497208333446, -188.2403064165864350 ) ) ;
#2240 = EDGE_LOOP ( 'NONE', ( #5044, #3525, #8646, #3572, #6862 ) ) ;
#2241 = CARTESIAN_POINT ( 'NONE',  ( 8.727581912653093354, 15.50000000000000711, -58.55636938478758680 ) ) ;
#2242 = CARTESIAN_POINT ( 'NONE',  ( -37.00000000000001421, -87.54256388039573267, -194.5252236675478628 ) ) ;
#2243 = CIRCLE ( 'NONE', #8085, 1.549999999999995826 ) ;
#2244 = APPROVAL_STATUS ( 'not_yet_approved' ) ;
#2245 = CARTESIAN_POINT ( 'NONE',  ( -12.70886560455722858, 15.49999999999996980, -27.20494192518103915 ) ) ;
#2246 = DIRECTION ( 'NONE',  ( -0.000000000000000000, 0.08715574274765881813, 0.9961946980917455452 ) ) ;
#2247 = CARTESIAN_POINT ( 'NONE',  ( -12.53777792712170580, 17.50000000000001421, -53.71145440983459451 ) ) ;
#2248 = B_SPLINE_SURFACE_WITH_KNOTS ( 'NONE', 3, 3, ( 
 ( #8498, #7159, #7952, #120, #7065, #5022 ),
 ( #2319, #8595, #5109, #7804, #1548, #945 ),
 ( #4333, #7904, #253, #4425, #3060, #5836 ),
 ( #8639, #2371, #6896, #7117, #171, #3139 ),
 ( #5789, #8600, #5069, #3651, #6433, #2968 ),
 ( #7211, #5113, #5152, #5881, #8678, #304 ),
 ( #3826, #5929, #5029, #255, #2325, #1036 ),
 ( #216, #8640, #7954, #3103, #7812, #1555 ),
 ( #7910, #5747, #2277, #856, #4428, #8557 ),
 ( #7860, #1646, #947, #1600, #3061, #6522 ),
 ( #6568, #4386, #1689, #7163, #905, #7300 ),
 ( #7255, #3696, #6479, #6610, #2416, #1732 ),
 ( #3016, #3744, #5839, #352, #2375, #4470 ) ),
 .UNSPECIFIED., .F., .F., .F.,
 ( 4, 1, 1, 1, 3, 1, 1, 1, 4 ),
 ( 4, 2, 4 ),
 ( 0.8149717514124293904, 0.8381002824858754252, 0.8612288135593213489, 0.8843573446327673837, 0.9074858757062134185, 0.9306144067796600083, 0.9537429378531065982, 0.9768714689265534101, 1.000000000000000000 ),
 ( 0.1022451910075078407, 0.6352806390833838357, 1.000000000000000000 ),
 .UNSPECIFIED. ) ;
#2249 = VECTOR ( 'NONE', #2562, 999.9999999999998863 ) ;
#2250 = ORIENTED_EDGE ( 'NONE', *, *, #4652, .F. ) ;
#2251 = CARTESIAN_POINT ( 'NONE',  ( -19.99085878858614862, -10.44336288978308147, -74.24996607317353892 ) ) ;
#2252 = LINE ( 'NONE', #1435, #4492 ) ;
#2253 = CARTESIAN_POINT ( 'NONE',  ( -14.12922275369509606, 17.49999999999999645, -49.47296091518702355 ) ) ;
#2254 = ORIENTED_EDGE ( 'NONE', *, *, #8679, .F. ) ;
#2255 = APPROVAL_DATE_TIME ( #3531, #762 ) ;
#2256 = CARTESIAN_POINT ( 'NONE',  ( 15.21927185616815414, 17.50000000000000355, -45.33196219379137659 ) ) ;
#2257 = CARTESIAN_POINT ( 'NONE',  ( -12.26965967419326198, -2.499999999999995115, -30.29999102047650084 ) ) ;
#2258 = AXIS2_PLACEMENT_3D ( 'NONE', #6324, #7147, #66 ) ;
#2259 = CARTESIAN_POINT ( 'NONE',  ( -13.22791420502973025, 17.49999999999999645, -56.84539339329905516 ) ) ;
#2260 = ORIENTED_EDGE ( 'NONE', *, *, #3569, .F. ) ;
#2261 = ORIENTED_EDGE ( 'NONE', *, *, #1037, .T. ) ;
#2262 = DIRECTION ( 'NONE',  ( 0.000000000000000000, 0.9961946980917455452, -0.08715574274765881813 ) ) ;
#2263 = CARTESIAN_POINT ( 'NONE',  ( 6.640527478047272503, 10.49999999999997158, -57.86230826254828941 ) ) ;
#2264 = EDGE_CURVE ( 'NONE', #772, #7040, #8304, .T. ) ;
#2265 = CARTESIAN_POINT ( 'NONE',  ( -13.18680795085324320, 15.49999999999996980, -49.13333781483077445 ) ) ;
#2266 = CARTESIAN_POINT ( 'NONE',  ( -20.30728835050409842, -37.77472461707706231, -108.6072885903468546 ) ) ;
#2267 = CARTESIAN_POINT ( 'NONE',  ( 11.35810099715252619, 15.50000000000000355, -26.28422632265545644 ) ) ;
#2268 = CARTESIAN_POINT ( 'NONE',  ( 2.628827735174615654, 17.50000000000000000, -62.99999999999896261 ) ) ;
#2269 = CARTESIAN_POINT ( 'NONE',  ( -2.760408905191424012, 10.49999999999997158, -59.97758341597495502 ) ) ;
#2270 = CARTESIAN_POINT ( 'NONE',  ( -19.99999999999999645, -0.8715173882866636967, -61.65543891584922420 ) ) ;
#2271 = DIRECTION ( 'NONE',  ( -6.938893903907227392E-16, 2.407412430484044816E-30, 1.000000000000000000 ) ) ;
#2272 = CARTESIAN_POINT ( 'NONE',  ( -23.12538325189905208, -26.89475432358402074, -156.3188752828861823 ) ) ;
#2273 = CARTESIAN_POINT ( 'NONE',  ( -35.56220943702538051, -77.31708532425410851, -189.6780595167495846 ) ) ;
#2274 = CARTESIAN_POINT ( 'NONE',  ( 20.00000000000000355, -24.79567195388978362, -68.91042536112449568 ) ) ;
#2275 = VERTEX_POINT ( 'NONE', #6159 ) ;
#2276 = CARTESIAN_POINT ( 'NONE',  ( 12.52784698211499226, -2.499999999999995115, -56.83004743919279633 ) ) ;
#2277 = CARTESIAN_POINT ( 'NONE',  ( -20.06963463410124504, -46.79232582118583395, -145.5842312077386111 ) ) ;
#2278 = CARTESIAN_POINT ( 'NONE',  ( 19.49935818418827083, -22.20332607554495752, -69.95965339523051796 ) ) ;
#2279 = CARTESIAN_POINT ( 'NONE',  ( -29.75543036658526930, -38.49223101973819894, -201.7759181402341540 ) ) ;
#2280 = CARTESIAN_POINT ( 'NONE',  ( 13.50511617905398509, 15.49999999999996980, -27.80300355874381779 ) ) ;
#2281 = DIRECTION ( 'NONE',  ( -0.000000000000000000, -0.9396926207859088720, 0.3420201433256676582 ) ) ;
#2282 = CARTESIAN_POINT ( 'NONE',  ( 19.97575057250525887, -5.669463818967096280, -74.47020806938486714 ) ) ;
#2283 = EDGE_CURVE ( 'NONE', #8527, #358, #7084, .T. ) ;
#2284 = VERTEX_POINT ( 'NONE', #2057 ) ;
#2285 = DIRECTION ( 'NONE',  ( 0.000000000000000000, -0.9961946980917454342, 0.08715574274765937324 ) ) ;
#2286 = EDGE_CURVE ( 'NONE', #3505, #4572, #6653, .T. ) ;
#2287 = CARTESIAN_POINT ( 'NONE',  ( -34.93255404056748148, -85.79189844232519135, -196.5850072937526249 ) ) ;
#2288 = ORIENTED_EDGE ( 'NONE', *, *, #7441, .T. ) ;
#2289 = CARTESIAN_POINT ( 'NONE',  ( 5.045838775130838449, 15.50000000000000355, -61.45234556935997716 ) ) ;
#2290 = CARTESIAN_POINT ( 'NONE',  ( 4.720196057324584693, 17.50000000000001066, -62.65354587184720003 ) ) ;
#2291 = COORDINATED_UNIVERSAL_TIME_OFFSET ( 8, 0, .AHEAD. ) ;
#2292 = CARTESIAN_POINT ( 'NONE',  ( -14.02085639012297591, 15.49999999999996980, -29.65517635566223476 ) ) ;
#2293 = CARTESIAN_POINT ( 'NONE',  ( 14.98949226272045721, 17.50000000000001066, -46.96085669260400408 ) ) ;
#2294 = CIRCLE ( 'NONE', #244, 1.549999999999999378 ) ;
#2295 = ORIENTED_EDGE ( 'NONE', *, *, #34, .F. ) ;
#2296 = CARTESIAN_POINT ( 'NONE',  ( 34.99999999999999289, -42.95207384437923537, -218.2040791793328651 ) ) ;
#2297 = DIRECTION ( 'NONE',  ( 9.060998566657750974E-07, 0.000000000000000000, -0.9999999999995894395 ) ) ;
#2298 = CARTESIAN_POINT ( 'NONE',  ( -14.84786643868173250, 17.49999999999999645, -46.21900380309203626 ) ) ;
#2299 = ORIENTED_EDGE ( 'NONE', *, *, #2575, .F. ) ;
#2300 = CARTESIAN_POINT ( 'NONE',  ( 17.50923087503265663, -6.630920440888787404, -75.54119291891994692 ) ) ;
#2301 = VECTOR ( 'NONE', #3724, 1000.000000000000114 ) ;
#2302 = CARTESIAN_POINT ( 'NONE',  ( -6.167703035668234968, 2.698596842505469606, -59.82102243880295589 ) ) ;
#2303 = CARTESIAN_POINT ( 'NONE',  ( -13.56704273846630393, 17.50000000000000000, -56.20350961667712397 ) ) ;
#2304 = VERTEX_POINT ( 'NONE', #181 ) ;
#2305 = ORIENTED_EDGE ( 'NONE', *, *, #2858, .F. ) ;
#2306 = LINE ( 'NONE', #5094, #8552 ) ;
#2307 = CARTESIAN_POINT ( 'NONE',  ( 13.92226532579746312, 15.50000000000000000, -47.21092628684057502 ) ) ;
#2308 = EDGE_CURVE ( 'NONE', #8907, #3806, #7824, .T. ) ;
#2309 = VECTOR ( 'NONE', #6741, 1000.000000000000114 ) ;
#2310 = CARTESIAN_POINT ( 'NONE',  ( -9.448417074967110807, 15.49999999999996980, -57.29210670572696529 ) ) ;
#2311 = B_SPLINE_CURVE_WITH_KNOTS ( 'NONE', 3,
 ( #4429, #5840, #2969, #3017, #8558, #5070, #2376, #5200, #2418, #1734, #5791, #7213, #5931 ),
 .UNSPECIFIED., .F., .F.,
 ( 4, 1, 1, 1, 3, 1, 1, 1, 4 ),
 ( 0.8358313093650404646, 0.8381002824858754252, 0.8612288135593213489, 0.8843573446327673837, 0.9074858757062134185, 0.9306144067796600083, 0.9537429378531065982, 0.9768714689265534101, 0.9791404420473894810 ),
 .UNSPECIFIED. ) ;
#2312 = FACE_OUTER_BOUND ( 'NONE', #8515, .T. ) ;
#2313 = CARTESIAN_POINT ( 'NONE',  ( -4.119365251850073406, 10.49999999999997158, -59.55599220276067030 ) ) ;
#2314 = EDGE_CURVE ( 'NONE', #964, #9024, #1851, .T. ) ;
#2315 = CARTESIAN_POINT ( 'NONE',  ( -12.69900499264153737, 15.50003011153411947, -26.81573391013176177 ) ) ;
#2316 = DIRECTION ( 'NONE',  ( 0.000000000000000000, 0.9396926207859087610, -0.3420201433256677692 ) ) ;
#2317 = DIRECTION ( 'NONE',  ( 3.469446951953614583E-15, 1.000000000000000000, 0.000000000000000000 ) ) ;
#2318 = CARTESIAN_POINT ( 'NONE',  ( -22.74062984289893308, -32.11485283799205348, -155.0676808106628926 ) ) ;
#2319 = CARTESIAN_POINT ( 'NONE',  ( -34.76661458570429630, -40.07405350717380799, -201.1605707835966825 ) ) ;
#2320 = CYLINDRICAL_SURFACE ( 'NONE', #7018, 1.549999999999995826 ) ;
#2321 = ORIENTED_EDGE ( 'NONE', *, *, #2844, .F. ) ;
#2322 = VECTOR ( 'NONE', #4464, 1000.000000000000114 ) ;
#2323 = EDGE_CURVE ( 'NONE', #106, #6145, #8517, .T. ) ;
#2324 = DIRECTION ( 'NONE',  ( 0.6081204024113482376, -0.2715109143604663711, -0.7459701063408663568 ) ) ;
#2325 = CARTESIAN_POINT ( 'NONE',  ( -19.99999999999999289, -21.49885504531230396, -89.09053935036280336 ) ) ;
#2326 = B_SPLINE_SURFACE_WITH_KNOTS ( 'NONE', 1, 3, ( 
 ( #8306, #7607, #8888, #8171, #5553, #6922, #2668, #6090, #480, #7516, #3408, #7473, #7560, #1353, #2625, #1254, #1164, #6187, #3273, #1207, #3452, #5504, #4132, #4781, #5417, #6785, #6827, #3959, #5370, #7424, #8261, #1897, #6739, #663, #6237, #522, #6048, #569, #3363, #8981, #6139, #6876, #4694, #8844, #2035, #4823, #8935, #8352, #5467, #2579, #8218, #9028, #4000, #2077, #1989, #1302, #1945, #4086, #3311, #2712, #2763, #8589, #5015, #4372 ),
 ( #2956, #7011, #2855, #7847, #800, #3497, #6422, #5599, #6370, #5733, #2905, #7651, #6329, #5644, #3585, #7698, #710, #4919, #4179, #8444, #3005, #4324, #158, #69, #112, #2167, #892, #1451, #5686, #8543, #8488, #2267, #5059, #5780, #2218, #4871, #7107, #3543, #1401, #4232, #4274, #4968, #844, #7750, #1499, #7059, #6968, #6286, #755, #1588, #7797, #1542, #3687, #26, #7152, #3636, #6465, #2809, #204, #8395, #2124, #6559, #4547, #6005 ) ),
 .UNSPECIFIED., .F., .F., .F.,
 ( 2, 2 ),
 ( 4, 2, 2, 2, 2, 2, 2, 2, 2, 2, 2, 2, 2, 2, 2, 2, 2, 2, 2, 2, 2, 2, 2, 2, 2, 2, 2, 2, 2, 2, 2, 4 ),
 ( 0.000000000000000000, 1.000000000000000000 ),
 ( 0.000000000000000000, 8.974611374692926548E-05, 0.0001794922274938585310, 0.0002243652843673231705, 0.0002468018128040554496, 0.0002580200770224216162, 0.0002692383412407877829, 0.0002720429072953793517, 0.0002748474733499708662, 0.0002804566054591539495, 0.0002916748696775201162, 0.0003028931338958862829, 0.0003141113981142524495, 0.0003365479265509847828, 0.0003589844549877170619, 0.0004038575118611816743, 0.0004487305687346463410, 0.0005384766824815755658, 0.0007179689099754341238, 0.001076953364963151132, 0.001435937819950868248, 0.001794922274938585364, 0.002153906729926302263, 0.002512891184914019596, 0.002871875639901736495, 0.003230860094889453395, 0.003589844549877170728, 0.003948829004864887193, 0.004307813459852604526, 0.004666797914840321859, 0.005025782369828039192, 0.005743751279803472991 ),
 .UNSPECIFIED. ) ;
#2327 = CARTESIAN_POINT ( 'NONE',  ( 19.98506420117108107, -20.50791252862816449, -70.59450377995371184 ) ) ;
#2328 = CC_DESIGN_APPROVAL ( #6573, ( #429 ) ) ;
#2329 = DIRECTION ( 'NONE',  ( -0.000000000000000000, -1.000000000000000000, -0.000000000000000000 ) ) ;
#2330 = CARTESIAN_POINT ( 'NONE',  ( 13.38518020210327997, 15.49999999999997868, -27.64860579144755093 ) ) ;
#2331 = CIRCLE ( 'NONE', #861, 1.299999999999988276 ) ;
#2332 = DIRECTION ( 'NONE',  ( -1.000000000000000000, -9.912705577010325549E-17, 0.000000000000000000 ) ) ;
#2333 = CARTESIAN_POINT ( 'NONE',  ( 10.05022618317708449, -10.50254974093489935, -93.09286716806003881 ) ) ;
#2334 = EDGE_CURVE ( 'NONE', #8048, #42, #6214, .T. ) ;
#2335 = ORIENTED_EDGE ( 'NONE', *, *, #5515, .F. ) ;
#2336 = FACE_OUTER_BOUND ( 'NONE', #6007, .T. ) ;
#2337 = CARTESIAN_POINT ( 'NONE',  ( -12.22265076263123085, -2.499999999999995115, -29.57249466851300213 ) ) ;
#2338 = EDGE_LOOP ( 'NONE', ( #6461, #6589, #5583, #1298 ) ) ;
#2339 = CARTESIAN_POINT ( 'NONE',  ( -12.71089735113589292, 15.52980615122709018, -26.80520783072655888 ) ) ;
#2340 = VECTOR ( 'NONE', #3048, 1000.000000000000114 ) ;
#2341 = CARTESIAN_POINT ( 'NONE',  ( 10.89902407079265600, 10.99859783456509632, -27.47153468017368994 ) ) ;
#2342 = CARTESIAN_POINT ( 'NONE',  ( -12.70677399538129393, 15.49999999999998046, -27.20302502107117348 ) ) ;
#2343 = CARTESIAN_POINT ( 'NONE',  ( 13.11827919820649946, 17.49999999999998934, -52.97938845615974657 ) ) ;
#2344 = LOCAL_TIME ( 17, 12, 35.00000000000000000, #8961 ) ;
#2345 = CARTESIAN_POINT ( 'NONE',  ( -12.48385066677759525, 17.49999999999999289, -53.83082191151455476 ) ) ;
#2346 = ORIENTED_EDGE ( 'NONE', *, *, #4792, .T. ) ;
#2347 = DIRECTION ( 'NONE',  ( 0.000000000000000000, 0.000000000000000000, 1.000000000000000000 ) ) ;
#2348 = CARTESIAN_POINT ( 'NONE',  ( -11.00000000000000000, -0.2413635280914193382, -59.89577447623756257 ) ) ;
#2349 = EDGE_CURVE ( 'NONE', #5074, #2610, #1654, .T. ) ;
#2350 = CARTESIAN_POINT ( 'NONE',  ( -12.10962287551556038, 17.50000000000000355, -54.63345730460096661 ) ) ;
#2351 = EDGE_LOOP ( 'NONE', ( #6616, #6930, #4029, #8431, #1386 ) ) ;
#2352 = CARTESIAN_POINT ( 'NONE',  ( -13.50398180483780486, 16.06460838982116357, -27.65199986623125028 ) ) ;
#2353 = EDGE_CURVE ( 'NONE', #8247, #411, #2835, .T. ) ;
#2354 = DIRECTION ( 'NONE',  ( 0.000000000000000000, -0.1415684939157623723, 0.9899284628347762016 ) ) ;
#2355 = CARTESIAN_POINT ( 'NONE',  ( -16.97111016526258354, 17.50000000000000000, -45.63353393196012320 ) ) ;
#2356 = EDGE_LOOP ( 'NONE', ( #465, #2685, #4444, #8437 ) ) ;
#2357 = ORIENTED_EDGE ( 'NONE', *, *, #5175, .T. ) ;
#2358 = CARTESIAN_POINT ( 'NONE',  ( 20.00000000000000355, -170.2684435961459712, -6.522560269672794675E-13 ) ) ;
#2359 = CARTESIAN_POINT ( 'NONE',  ( 11.04343515833981293, 15.50000000000000178, -55.05052081467314196 ) ) ;
#2360 = VECTOR ( 'NONE', #28, 1000.000000000000114 ) ;
#2361 = CARTESIAN_POINT ( 'NONE',  ( -12.03524931734811787, 15.49999999999997513, -52.36343735821521506 ) ) ;
#2362 = CARTESIAN_POINT ( 'NONE',  ( -20.84449952390873406, -47.02602308302866163, -115.6197453312411056 ) ) ;
#2363 = CARTESIAN_POINT ( 'NONE',  ( -11.34805058549004464, 15.50000000000000711, -26.36711681532191065 ) ) ;
#2364 = CARTESIAN_POINT ( 'NONE',  ( -1.171572875253812374, -0.3169060858998137831, -65.35375267892351303 ) ) ;
#2365 = CARTESIAN_POINT ( 'NONE',  ( -34.80649845561917033, -41.59280028176622324, -201.4855408868037046 ) ) ;
#2366 = CARTESIAN_POINT ( 'NONE',  ( -5.758385031490234951, 15.50000000000000000, -60.92684886078198758 ) ) ;
#2367 = DIRECTION ( 'NONE',  ( 0.000000000000000000, 0.000000000000000000, -1.000000000000000000 ) ) ;
#2368 = CARTESIAN_POINT ( 'NONE',  ( 34.99999999999999289, -42.26803355772786830, -216.3246939377609976 ) ) ;
#2369 = CARTESIAN_POINT ( 'NONE',  ( 13.11211724159107739, 15.49999999999996447, -50.20400082533976871 ) ) ;
#2370 = CARTESIAN_POINT ( 'NONE',  ( -29.08206925061378456, -39.03654357739981151, -183.3873276059138675 ) ) ;
#2371 = CARTESIAN_POINT ( 'NONE',  ( -25.35060566623827683, -41.76212544126119752, -174.8871985991731037 ) ) ;
#2372 =( REPRESENTATION_RELATIONSHIP ('NONE','NONE', #4621, #7074 ) REPRESENTATION_RELATIONSHIP_WITH_TRANSFORMATION ( #3568 )SHAPE_REPRESENTATION_RELATIONSHIP( ) );
#2373 = AXIS2_PLACEMENT_3D ( 'NONE', #3485, #8925, #9 ) ;
#2374 = EDGE_CURVE ( 'NONE', #1235, #1109, #308, .T. ) ;
#2375 = CARTESIAN_POINT ( 'NONE',  ( -20.32838348919211313, -32.49516034968979028, -85.08821153266552528 ) ) ;
#2376 = CARTESIAN_POINT ( 'NONE',  ( -35.00000000000001421, -59.69035430670414399, -194.0208211861565246 ) ) ;
#2377 = CARTESIAN_POINT ( 'NONE',  ( -29.87298583860830803, -38.52645895250250163, -201.9078038823487020 ) ) ;
#2378 = CARTESIAN_POINT ( 'NONE',  ( 13.30107966031299860, 17.50000000000000355, -26.18052593749735024 ) ) ;
#2379 = ORIENTED_EDGE ( 'NONE', *, *, #2901, .T. ) ;
#2380 = CARTESIAN_POINT ( 'NONE',  ( 34.93144720612030341, -48.74329729351309481, -198.0052240917729023 ) ) ;
#2381 = CARTESIAN_POINT ( 'NONE',  ( -34.12751465297998266, -84.96057771467980047, -194.8382770851382872 ) ) ;
#2382 = ORIENTED_EDGE ( 'NONE', *, *, #7070, .F. ) ;
#2383 = CARTESIAN_POINT ( 'NONE',  ( 12.69914919634364558, 15.50012594696577040, -26.56499473211869855 ) ) ;
#2384 = CARTESIAN_POINT ( 'NONE',  ( 5.097399320063856543, 17.50000000000000000, -62.51539907846283484 ) ) ;
#2385 = CARTESIAN_POINT ( 'NONE',  ( -26.14762225945483465, -63.52999589759472343, -162.2498185165830478 ) ) ;
#2386 = CARTESIAN_POINT ( 'NONE',  ( -13.24328576653323886, 15.49999999999996980, -27.79792264940322610 ) ) ;
#2387 = CARTESIAN_POINT ( 'NONE',  ( 4.837696434470241336, 15.49999999999996980, -61.54175608841812561 ) ) ;
#2388 = ORIENTED_EDGE ( 'NONE', *, *, #5598, .F. ) ;
#2389 = CARTESIAN_POINT ( 'NONE',  ( 34.82633217100329404, -76.56457287682165713, -187.8791079001315438 ) ) ;
#2390 = CARTESIAN_POINT ( 'NONE',  ( 19.99556880146492688, -19.71252454516481478, -69.83887896979562981 ) ) ;
#2391 = CARTESIAN_POINT ( 'NONE',  ( -10.60089158865709003, 17.49999999999999645, -57.36754199167326362 ) ) ;
#2392 = VERTEX_POINT ( 'NONE', #735 ) ;
#2393 = CC_DESIGN_DATE_AND_TIME_ASSIGNMENT ( #881, #4218, ( #429 ) ) ;
#2394 = DESIGN_CONTEXT ( 'detailed design', #6678, 'design' ) ;
#2395 = CARTESIAN_POINT ( 'NONE',  ( 15.65833988192496662, -6.032049510761029687, -75.73795482199065532 ) ) ;
#2396 = AXIS2_PLACEMENT_3D ( 'NONE', #3722, #3292, #1229 ) ;
#2397 = CARTESIAN_POINT ( 'NONE',  ( 15.00240574293439799, -24.79567195388979073, -68.91042536112450989 ) ) ;
#2398 = ORIENTED_EDGE ( 'NONE', *, *, #3775, .T. ) ;
#2399 = CARTESIAN_POINT ( 'NONE',  ( 15.00000000000000355, 2.178893568691469440, 24.90486745229361887 ) ) ;
#2400 = ORIENTED_EDGE ( 'NONE', *, *, #6501, .T. ) ;
#2401 = DIRECTION ( 'NONE',  ( 0.000000000000000000, 0.000000000000000000, 1.000000000000000000 ) ) ;
#2402 = CARTESIAN_POINT ( 'NONE',  ( 9.647593628307824076, 15.50000000000000355, -57.37883538112592419 ) ) ;
#2403 = EDGE_CURVE ( 'NONE', #6245, #4633, #7177, .T. ) ;
#2404 = CC_DESIGN_PERSON_AND_ORGANIZATION_ASSIGNMENT ( #4360, #3677, ( #1721 ) ) ;
#2405 = CARTESIAN_POINT ( 'NONE',  ( -7.577602207437194259, 15.49999999999996980, -59.48658361562640096 ) ) ;
#2406 = CARTESIAN_POINT ( 'NONE',  ( -11.43326318946818354, 15.50000000000000000, -26.40178387723462805 ) ) ;
#2407 = VECTOR ( 'NONE', #5106, 999.9999999999998863 ) ;
#2408 = LINE ( 'NONE', #5190, #2467 ) ;
#2409 = CARTESIAN_POINT ( 'NONE',  ( -2.496385651772890402, 15.50000000000000000, -61.99999457710654838 ) ) ;
#2410 = CARTESIAN_POINT ( 'NONE',  ( -6.000000000000000000, 47.21989972959759996, -26.92288202021101995 ) ) ;
#2411 = DIRECTION ( 'NONE',  ( 0.000000000000000000, -0.9396926207859086499, 0.3420201433256680468 ) ) ;
#2412 = CARTESIAN_POINT ( 'NONE',  ( 21.53145765587023774, -70.31375411002608189, -164.4952556239189789 ) ) ;
#2413 = CARTESIAN_POINT ( 'NONE',  ( -34.15051860909503034, -38.08273866620888271, -200.1479666334780347 ) ) ;
#2414 = DIRECTION ( 'NONE',  ( -5.053579376275803722E-16, 0.08715574274765892915, 0.9961946980917454342 ) ) ;
#2415 = DIRECTION ( 'NONE',  ( 0.000000000000000000, 0.08715574274765917895, 0.9961946980917455452 ) ) ;
#2416 = CARTESIAN_POINT ( 'NONE',  ( -20.27750344803640559, -31.51112310410093897, -85.44637179946917627 ) ) ;
#2417 = ADVANCED_FACE ( 'NONE', ( #2878 ), #936, .T. ) ;
#2418 = CARTESIAN_POINT ( 'NONE',  ( -34.98687346096904349, -65.09601845801020659, -192.0533203386413845 ) ) ;
#2419 = CARTESIAN_POINT ( 'NONE',  ( 34.99562448698971195, -68.75171153837985116, -201.3645345965333888 ) ) ;
#2420 = CARTESIAN_POINT ( 'NONE',  ( 12.64707277939478658, 15.49999999999998046, -26.93887332860685646 ) ) ;
#2421 = ORIENTED_EDGE ( 'NONE', *, *, #4874, .T. ) ;
#2422 = CARTESIAN_POINT ( 'NONE',  ( 34.93144720612029630, -70.63741131989557687, -190.0364182805395217 ) ) ;
#2423 = CARTESIAN_POINT ( 'NONE',  ( 7.500000000000000000, -2.499999999999998668, -1.000000000000005329 ) ) ;
#2424 = ORIENTED_EDGE ( 'NONE', *, *, #87, .F. ) ;
#2425 = CARTESIAN_POINT ( 'NONE',  ( -10.70679910638223475, 10.51956258432745450, -27.70797013219549498 ) ) ;
#2426 = CARTESIAN_POINT ( 'NONE',  ( 4.336981821502200241, 17.50000000000001421, -62.76955934479622101 ) ) ;
#2427 = CARTESIAN_POINT ( 'NONE',  ( -24.27377397474918652, -73.81292432671448012, -171.6553745548374650 ) ) ;
#2428 = CARTESIAN_POINT ( 'NONE',  ( -17.06974095178198070, -17.50000000000000000, 0.000000000000000000 ) ) ;
#2429 = CARTESIAN_POINT ( 'NONE',  ( 5.672969399442346017, 15.49999999999996803, -61.13164632363296391 ) ) ;
#2430 = VERTEX_POINT ( 'NONE', #8464 ) ;
#2431 = DIRECTION ( 'NONE',  ( 1.000000000000000000, 0.000000000000000000, 0.000000000000000000 ) ) ;
#2432 = CARTESIAN_POINT ( 'NONE',  ( 20.62022131971645678, -41.28507609522883826, -103.5571499979083399 ) ) ;
#2433 = CARTESIAN_POINT ( 'NONE',  ( -13.64418486397299013, 17.49999999999999645, -50.97668584330209285 ) ) ;
#2434 = VERTEX_POINT ( 'NONE', #5079 ) ;
#2435 = B_SPLINE_CURVE_WITH_KNOTS ( 'NONE', 3,
 ( #8100, #4531, #3930, #8011 ),
 .UNSPECIFIED., .F., .F.,
 ( 4, 4 ),
 ( 0.000000000000000000, 0.0006235875346435741954 ),
 .UNSPECIFIED. ) ;
#2436 = ADVANCED_FACE ( 'NONE', ( #6535 ), #8004, .F. ) ;
#2437 = EDGE_CURVE ( 'NONE', #1703, #8342, #3270, .T. ) ;
#2438 = DIRECTION ( 'NONE',  ( 0.000000000000000000, 0.000000000000000000, 1.000000000000000000 ) ) ;
#2439 = CARTESIAN_POINT ( 'NONE',  ( -14.86405744234870063, 17.66508415602475068, -28.57578755595011444 ) ) ;
#2440 = PLANE ( 'NONE',  #9013 ) ;
#2441 = ORIENTED_EDGE ( 'NONE', *, *, #5665, .F. ) ;
#2442 = CARTESIAN_POINT ( 'NONE',  ( -16.77084925146910166, 17.50000000000000000, -46.86727648250919742 ) ) ;
#2443 = ORIENTED_EDGE ( 'NONE', *, *, #5013, .T. ) ;
#2444 = CARTESIAN_POINT ( 'NONE',  ( -12.99936623653507795, 15.49999999999998757, -27.49909471489036861 ) ) ;
#2445 = CARTESIAN_POINT ( 'NONE',  ( 12.09651829691801694, 15.50000000000000355, -52.82291842885442179 ) ) ;
#2446 = CARTESIAN_POINT ( 'NONE',  ( -20.40492298783644287, -42.14719347952950557, -117.9466102070748263 ) ) ;
#2447 = CARTESIAN_POINT ( 'NONE',  ( -11.46166314375192563, 15.50000000000000355, -26.41334875973120688 ) ) ;
#2448 = DIRECTION ( 'NONE',  ( -0.000000000000000000, 1.000000000000000000, -0.000000000000000000 ) ) ;
#2449 = FACE_OUTER_BOUND ( 'NONE', #1885, .T. ) ;
#2450 = CARTESIAN_POINT ( 'NONE',  ( -12.06969061608541693, 10.49999999999996625, -43.73992584894334357 ) ) ;
#2451 = DIRECTION ( 'NONE',  ( 2.032354970520407870E-18, 0.08715574274765917895, 0.9961946980917454342 ) ) ;
#2452 = CARTESIAN_POINT ( 'NONE',  ( 20.65676697838425468, -40.19464874548993549, -101.2659977042071375 ) ) ;
#2453 = CARTESIAN_POINT ( 'NONE',  ( -21.27902717245019915, -31.57470097853849822, -174.5285050930620230 ) ) ;
#2454 = CARTESIAN_POINT ( 'NONE',  ( 12.04557727729568661, 10.49999999999997158, -46.37583278931442266 ) ) ;
#2455 = VECTOR ( 'NONE', #4865, 1000.000000000000114 ) ;
#2456 = FACE_OUTER_BOUND ( 'NONE', #3068, .T. ) ;
#2457 = DIRECTION ( 'NONE',  ( 0.000000000000000000, -1.000000000000000000, 0.000000000000000000 ) ) ;
#2458 = CARTESIAN_POINT ( 'NONE',  ( -12.06968945806246829, 10.49999999999996980, -56.83006972701679160 ) ) ;
#2459 = CARTESIAN_POINT ( 'NONE',  ( 34.81588236779226264, -39.74456993847589104, -206.6013818576603569 ) ) ;
#2460 = CARTESIAN_POINT ( 'NONE',  ( 12.69650196326614200, 15.49999999999996980, -26.97712805404180969 ) ) ;
#2461 = CARTESIAN_POINT ( 'NONE',  ( -35.00000000000000711, 5.000000000000000000, 24.00000000000000000 ) ) ;
#2462 = DIRECTION ( 'NONE',  ( 0.000000000000000000, -0.000000000000000000, 1.000000000000000000 ) ) ;
#2463 = ORIENTED_EDGE ( 'NONE', *, *, #2615, .F. ) ;
#2464 = LINE ( 'NONE', #3026, #2504 ) ;
#2465 = DIRECTION ( 'NONE',  ( -0.000000000000000000, -1.000000000000000000, 0.000000000000000000 ) ) ;
#2466 = CARTESIAN_POINT ( 'NONE',  ( -23.12538325185210653, -60.57889774478056921, -144.0588497109795867 ) ) ;
#2467 = VECTOR ( 'NONE', #7988, 1000.000000000000000 ) ;
#2468 = CARTESIAN_POINT ( 'NONE',  ( 5.567018884351577768, -17.50000000000000000, -64.48042444362010883 ) ) ;
#2469 = CARTESIAN_POINT ( 'NONE',  ( -1.171572875253812152, -2.507835412820889065, -66.15118573930365642 ) ) ;
#2470 = CARTESIAN_POINT ( 'NONE',  ( 14.44982214856978509, 17.50000000000000355, -49.25965041139512834 ) ) ;
#2471 = EDGE_LOOP ( 'NONE', ( #8111, #576, #4979, #8020, #2890, #4217 ) ) ;
#2472 = FACE_OUTER_BOUND ( 'NONE', #2240, .T. ) ;
#2473 = CARTESIAN_POINT ( 'NONE',  ( 20.34994017818712564, -39.71745105483539362, -112.7583248858358616 ) ) ;
#2474 = CARTESIAN_POINT ( 'NONE',  ( -13.63241841369923080, 17.49999999999999645, -51.00991651516515191 ) ) ;
#2475 = VERTEX_POINT ( 'NONE', #1787 ) ;
#2476 = CYLINDRICAL_SURFACE ( 'NONE', #2396, 5.000000000000000888 ) ;
#2477 = EDGE_CURVE ( 'NONE', #6015, #1373, #4593, .T. ) ;
#2478 = LINE ( 'NONE', #5265, #5305 ) ;
#2479 = DIRECTION ( 'NONE',  ( 0.000000000000000000, -0.9396926207859086499, 0.3420201433256680468 ) ) ;
#2480 = DIRECTION ( 'NONE',  ( 0.000000000000000000, -1.000000000000000000, 0.000000000000000000 ) ) ;
#2481 = ORIENTED_EDGE ( 'NONE', *, *, #2556, .T. ) ;
#2482 = CARTESIAN_POINT ( 'NONE',  ( -16.68824928840462007, 17.50000000000000355, -47.34849940119870837 ) ) ;
#2483 = EDGE_LOOP ( 'NONE', ( #8988, #7669, #2495, #1000, #7579, #6204 ) ) ;
#2484 = CARTESIAN_POINT ( 'NONE',  ( -13.52014071338583179, 15.50000000000000000, -28.22024198773226544 ) ) ;
#2485 = EDGE_CURVE ( 'NONE', #8950, #6639, #7872, .T. ) ;
#2486 = CARTESIAN_POINT ( 'NONE',  ( 5.381105292906028126, 15.50000000000000355, -61.29010651274474242 ) ) ;
#2487 = ORIENTED_EDGE ( 'NONE', *, *, #3838, .T. ) ;
#2488 = CARTESIAN_POINT ( 'NONE',  ( -11.45298835198411425, 15.50000000000000000, -26.40980861092870313 ) ) ;
#2489 = LINE ( 'NONE', #2276, #6622 ) ;
#2490 = CARTESIAN_POINT ( 'NONE',  ( -12.01501850199806931, -17.50000000000000000, -58.86901677209776551 ) ) ;
#2491 = CARTESIAN_POINT ( 'NONE',  ( -13.37482213037681511, 17.49999999999999645, -26.45885510062767665 ) ) ;
#2492 = EDGE_CURVE ( 'NONE', #176, #4485, #7224, .T. ) ;
#2493 = FACE_OUTER_BOUND ( 'NONE', #8065, .T. ) ;
#2494 = CARTESIAN_POINT ( 'NONE',  ( -6.271948799295507193, 15.50000000000000178, -60.58035159863396046 ) ) ;
#2495 = ORIENTED_EDGE ( 'NONE', *, *, #5741, .T. ) ;
#2496 = CARTESIAN_POINT ( 'NONE',  ( 12.52784698211499226, -2.499999999999995115, -56.83004743919279633 ) ) ;
#2497 = B_SPLINE_CURVE_WITH_KNOTS ( 'NONE', 3,
 ( #1067, #3087, #7983, #6726, #1022, #1764, #5868, #7940, #4541, #6552, #286, #5819, #2484, #4586, #7283, #7327, #3807, #8109, #8663, #3858 ),
 .UNSPECIFIED., .F., .F.,
 ( 4, 2, 2, 2, 2, 2, 2, 2, 2, 4 ),
 ( 0.000000000000000000, 0.1868281787260744342, 0.2802422680891116236, 0.3736563574521488684, 0.4670704468151861688, 0.5604845361782232471, 0.6538986255412605475, 0.7473127149042977369, 0.8407268042673349262, 0.8774425744494074308 ),
 .UNSPECIFIED. ) ;
#2498 = AXIS2_PLACEMENT_3D ( 'NONE', #6141, #8397, #1402 ) ;
#2499 = CARTESIAN_POINT ( 'NONE',  ( -11.69174719907560345, 10.49999999999996803, -29.06592362071060265 ) ) ;
#2500 = CARTESIAN_POINT ( 'NONE',  ( 35.00000000000001421, -76.49592336701779516, -203.8667608654359640 ) ) ;
#2501 = CARTESIAN_POINT ( 'NONE',  ( 12.63508302044599141, 15.49999999999996980, -26.92959409801240511 ) ) ;
#2502 = EDGE_CURVE ( 'NONE', #3786, #6363, #1095, .T. ) ;
#2503 = DIRECTION ( 'NONE',  ( -1.000000000000000000, 0.000000000000000000, -0.000000000000000000 ) ) ;
#2504 = VECTOR ( 'NONE', #2044, 1000.000000000000114 ) ;
#2505 = ORIENTED_EDGE ( 'NONE', *, *, #3430, .F. ) ;
#2506 = DIRECTION ( 'NONE',  ( -9.060998516074536845E-07, 0.000000000000000000, 0.9999999999995895505 ) ) ;
#2507 = CARTESIAN_POINT ( 'NONE',  ( 6.166334734991986366, 17.49999999999999645, -62.00149749555060907 ) ) ;
#2508 = CARTESIAN_POINT ( 'NONE',  ( 20.00000000000000355, -20.08448800999985195, -70.62581998445334364 ) ) ;
#2509 = CARTESIAN_POINT ( 'NONE',  ( -21.98442188498852445, -69.98121549879340364, -163.6872867862657586 ) ) ;
#2510 = CARTESIAN_POINT ( 'NONE',  ( 4.706341419905245793, -17.50000000000000000, -64.74424874271034014 ) ) ;
#2511 = LINE ( 'NONE', #496, #4957 ) ;
#2512 = EDGE_LOOP ( 'NONE', ( #3014, #7981, #1795, #5669 ) ) ;
#2513 = EDGE_LOOP ( 'NONE', ( #4285, #1995 ) ) ;
#2514 = CARTESIAN_POINT ( 'NONE',  ( -35.00000000000000711, 5.000000000000000000, -24.00000000000000000 ) ) ;
#2515 = CARTESIAN_POINT ( 'NONE',  ( 15.40991172795200548, -46.55733115886769724, -114.6349529216989680 ) ) ;
#2516 = CARTESIAN_POINT ( 'NONE',  ( -10.26789720243850823, 17.50000000000000355, -57.86458606850231945 ) ) ;
#2517 = CARTESIAN_POINT ( 'NONE',  ( 14.30682447964543336, 15.50000000000000711, -29.81802508319221090 ) ) ;
#2518 = CARTESIAN_POINT ( 'NONE',  ( 14.32782294323413907, 15.50000000000000178, -30.29998938949681531 ) ) ;
#2519 = ORIENTED_EDGE ( 'NONE', *, *, #8784, .F. ) ;
#2520 = DIRECTION ( 'NONE',  ( 0.000000000000000000, 0.08715574274765880425, 0.9961946980917455452 ) ) ;
#2521 = ORIENTED_EDGE ( 'NONE', *, *, #8753, .T. ) ;
#2522 = DIRECTION ( 'NONE',  ( -0.000000000000000000, 1.000000000000000000, -0.000000000000000000 ) ) ;
#2523 = CARTESIAN_POINT ( 'NONE',  ( 7.688967573893568108, 15.50000000000000000, -59.62433480927982998 ) ) ;
#2524 = ORIENTED_EDGE ( 'NONE', *, *, #2374, .F. ) ;
#2525 = CARTESIAN_POINT ( 'NONE',  ( -11.49941318984847527, 15.50000000000000355, -26.42902096432496251 ) ) ;
#2526 = CARTESIAN_POINT ( 'NONE',  ( 36.89913211752128319, -44.21019765641665344, -205.5127058868933148 ) ) ;
#2527 = CIRCLE ( 'NONE', #7208, 1.299999999999988720 ) ;
#2528 = CARTESIAN_POINT ( 'NONE',  ( -14.90425822740861328, 17.50000000000000000, -28.99810863716525944 ) ) ;
#2529 = CARTESIAN_POINT ( 'NONE',  ( 9.522096153077042047, 3.826945715642884327, -63.36553963247755661 ) ) ;
#2530 = AXIS2_PLACEMENT_3D ( 'NONE', #1178, #5523, #8948 ) ;
#2531 = CARTESIAN_POINT ( 'NONE',  ( -9.557633283496475229, 10.49999999999996803, -53.01351560879740532 ) ) ;
#2532 = EDGE_LOOP ( 'NONE', ( #5987, #5864, #3973, #3835 ) ) ;
#2533 = CARTESIAN_POINT ( 'NONE',  ( 26.12300448420821297, -70.31375411002618137, -164.4952556239192347 ) ) ;
#2534 = EDGE_CURVE ( 'NONE', #6712, #4081, #1176, .T. ) ;
#2535 = CARTESIAN_POINT ( 'NONE',  ( 10.79602776827887389, 10.49999999999997158, -50.73079820512785432 ) ) ;
#2536 = AXIS2_PLACEMENT_3D ( 'NONE', #2399, #5137, #2520 ) ;
#2537 = CARTESIAN_POINT ( 'NONE',  ( -11.13595700745692341, 10.49999999999997158, -28.50014437430444758 ) ) ;
#2538 = CARTESIAN_POINT ( 'NONE',  ( 11.49589265400719462, 12.49217230270215317, -27.09865461374707252 ) ) ;
#2539 = CARTESIAN_POINT ( 'NONE',  ( 34.99999999999998579, -53.14538954616094912, -212.3656601304539038 ) ) ;
#2540 = CARTESIAN_POINT ( 'NONE',  ( 12.82013057760838493, 15.49999999999997335, -27.07631886924270148 ) ) ;
#2541 = DIRECTION ( 'NONE',  ( 0.000000000000000000, -2.602085213965203542E-15, -1.000000000000000000 ) ) ;
#2542 = DIRECTION ( 'NONE',  ( 0.000000000000000000, 0.000000000000000000, -1.000000000000000000 ) ) ;
#2543 = ORIENTED_EDGE ( 'NONE', *, *, #568, .T. ) ;
#2544 = CARTESIAN_POINT ( 'NONE',  ( -9.763242619720596593, 17.50000000000000000, -61.60643515537041282 ) ) ;
#2545 = CARTESIAN_POINT ( 'NONE',  ( 11.76598920673728799, 17.50000000000001066, -55.82508202986198143 ) ) ;
#2546 = CARTESIAN_POINT ( 'NONE',  ( 20.30728835051117187, -21.57594019565540222, -114.5031639510200279 ) ) ;
#2547 = CARTESIAN_POINT ( 'NONE',  ( 6.857130485741911308, 17.50000000000000000, -61.56995024084274348 ) ) ;
#2548 = CARTESIAN_POINT ( 'NONE',  ( 5.000000000000000000, -15.00000000000000000, -54.00000000000000711 ) ) ;
#2549 = ORIENTED_EDGE ( 'NONE', *, *, #8295, .F. ) ;
#2550 = ORIENTED_EDGE ( 'NONE', *, *, #7138, .F. ) ;
#2551 = CARTESIAN_POINT ( 'NONE',  ( -3.961571541152414166, 15.50000000000000000, -61.76316683155025800 ) ) ;
#2552 = DIRECTION ( 'NONE',  ( -1.000000000000000000, -0.000000000000000000, -0.000000000000000000 ) ) ;
#2553 = CARTESIAN_POINT ( 'NONE',  ( 24.59987211133518059, -64.39847922145003167, -152.0441498183308511 ) ) ;
#2554 = CARTESIAN_POINT ( 'NONE',  ( 11.48255201395978986, 15.50000000000000711, -54.16867134675339912 ) ) ;
#2555 = CARTESIAN_POINT ( 'NONE',  ( -5.202501732467439410, 15.49999999999997513, -61.24768262122227469 ) ) ;
#2556 = EDGE_CURVE ( 'NONE', #7906, #9011, #5465, .T. ) ;
#2557 = CARTESIAN_POINT ( 'NONE',  ( 8.204936332139832089, 0.8718134507423633828, -59.28018387523511734 ) ) ;
#2558 = CARTESIAN_POINT ( 'NONE',  ( 13.00454860043183025, 15.52798270742298925, -27.22446453449811798 ) ) ;
#2559 = PERSON_AND_ORGANIZATION_ROLE ( 'design_owner' ) ;
#2560 = CARTESIAN_POINT ( 'NONE',  ( 16.94428080784894775, 17.50000000000000000, -47.39206454843258598 ) ) ;
#2561 = EDGE_LOOP ( 'NONE', ( #7103, #1101, #6304, #2400 ) ) ;
#2562 = DIRECTION ( 'NONE',  ( 7.513730696480501352E-17, 0.9396926207859096492, 0.3420201433256654933 ) ) ;
#2563 = ORIENTED_EDGE ( 'NONE', *, *, #8968, .T. ) ;
#2564 = CARTESIAN_POINT ( 'NONE',  ( 3.826753094821202961, -17.50000000000000000, -64.93433622679604866 ) ) ;
#2565 = CARTESIAN_POINT ( 'NONE',  ( -34.99999999999999289, -82.19237870654525580, -201.7934206810211037 ) ) ;
#2566 = ORIENTED_EDGE ( 'NONE', *, *, #8709, .T. ) ;
#2567 = DIRECTION ( 'NONE',  ( 1.000000000000000000, 1.911490813156525324E-17, -3.174442967498961785E-17 ) ) ;
#2568 = DIRECTION ( 'NONE',  ( -0.000000000000000000, -0.9396926207859088720, 0.3420201433256676582 ) ) ;
#2569 = CARTESIAN_POINT ( 'NONE',  ( -13.71815403608641581, 17.49999999999999645, -26.80252487266301031 ) ) ;
#2570 = CARTESIAN_POINT ( 'NONE',  ( -13.64894913824735134, 16.22484060187174393, -27.72393870912396707 ) ) ;
#2571 = CARTESIAN_POINT ( 'NONE',  ( -11.52414947593744365, 15.50000000000000355, -53.52540798613132722 ) ) ;
#2572 = ORIENTED_EDGE ( 'NONE', *, *, #8679, .T. ) ;
#2573 = CARTESIAN_POINT ( 'NONE',  ( 9.997527370229478905, -24.41662694148685020, -68.11399463159860090 ) ) ;
#2574 = VECTOR ( 'NONE', #6848, 1000.000000000000000 ) ;
#2575 = EDGE_CURVE ( 'NONE', #4346, #1935, #1741, .T. ) ;
#2576 = LINE ( 'NONE', #7253, #406 ) ;
#2577 = FACE_OUTER_BOUND ( 'NONE', #8831, .T. ) ;
#2578 = EDGE_CURVE ( 'NONE', #8950, #5708, #6491, .T. ) ;
#2579 = CARTESIAN_POINT ( 'NONE',  ( 11.86853924407471261, 10.49999999999997158, -28.95328135875987030 ) ) ;
#2580 = CARTESIAN_POINT ( 'NONE',  ( 34.89595178383968488, -44.74526559309444451, -204.7812774887555634 ) ) ;
#2581 = CARTESIAN_POINT ( 'NONE',  ( -7.379038771752333581, 10.91731992134578633, -57.01155286889866147 ) ) ;
#2582 = VECTOR ( 'NONE', #8197, 1000.000000000000000 ) ;
#2583 = LINE ( 'NONE', #2461, #8775 ) ;
#2584 = ADVANCED_FACE ( 'NONE', ( #3837 ), #1085, .T. ) ;
#2585 = CARTESIAN_POINT ( 'NONE',  ( -7.500000000000000000, -15.00000000000000000, -2.450000000000003286 ) ) ;
#2586 = EDGE_LOOP ( 'NONE', ( #2641, #378 ) ) ;
#2587 = CARTESIAN_POINT ( 'NONE',  ( -12.01501850199806931, -17.50000000000000000, -58.86901677209776551 ) ) ;
#2588 = CARTESIAN_POINT ( 'NONE',  ( 6.833658650655751288, 17.50000000000000000, -61.58574890151297154 ) ) ;
#2589 = VECTOR ( 'NONE', #5469, 1000.000000000000000 ) ;
#2590 = CARTESIAN_POINT ( 'NONE',  ( -35.00000000000000711, -88.05731964210357887, -201.7871122997005955 ) ) ;
#2591 = CARTESIAN_POINT ( 'NONE',  ( 5.687338143864355544, 17.50000000000000355, -62.25421279917897976 ) ) ;
#2592 = DIRECTION ( 'NONE',  ( -2.775557561562892584E-17, 0.9396926207859096492, 0.3420201433256654933 ) ) ;
#2593 = EDGE_CURVE ( 'NONE', #5140, #3856, #8807, .T. ) ;
#2594 = CYLINDRICAL_SURFACE ( 'NONE', #2530, 1.299999999999988720 ) ;
#2595 = ORIENTED_EDGE ( 'NONE', *, *, #3980, .T. ) ;
#2596 = CARTESIAN_POINT ( 'NONE',  ( -5.332707288648260935, 15.50000000000000178, -61.17845601242254361 ) ) ;
#2597 = FACE_BOUND ( 'NONE', #7442, .T. ) ;
#2598 = CARTESIAN_POINT ( 'NONE',  ( 29.02793531466781118, -80.11737726602532916, -184.6935926033261808 ) ) ;
#2599 = ADVANCED_FACE ( 'NONE', ( #6332 ), #4976, .F. ) ;
#2600 = CARTESIAN_POINT ( 'NONE',  ( -5.841569086993181337, 17.49999999999999645, -62.04052361663181614 ) ) ;
#2601 = AXIS2_PLACEMENT_3D ( 'NONE', #7373, #2522, #5314 ) ;
#2602 = CARTESIAN_POINT ( 'NONE',  ( -5.509817893054917981, 15.49999999999996980, -61.07691359647466101 ) ) ;
#2603 = CARTESIAN_POINT ( 'NONE',  ( -34.95503602704498292, -86.31902541336700097, -197.6925805485441288 ) ) ;
#2604 = CARTESIAN_POINT ( 'NONE',  ( -7.500000000000000000, -2.499999999999998668, -26.00000000000000711 ) ) ;
#2605 = SHAPE_DEFINITION_REPRESENTATION ( #5748, #4729 ) ;
#2606 = CARTESIAN_POINT ( 'NONE',  ( -1.171572875253814150, 54.02613312354363018, -43.44614842217336559 ) ) ;
#2607 = VERTEX_POINT ( 'NONE', #5020 ) ;
#2608 = CARTESIAN_POINT ( 'NONE',  ( 2.585786437626878431, 20.76686950300685908, -57.05650503227280268 ) ) ;
#2609 = ADVANCED_FACE ( 'NONE', ( #4424 ), #252, .T. ) ;
#2610 = VERTEX_POINT ( 'NONE', #5833 ) ;
#2611 = CARTESIAN_POINT ( 'NONE',  ( -12.96046893228134067, 15.49189449825933629, -27.46084597807017147 ) ) ;
#2612 = CARTESIAN_POINT ( 'NONE',  ( -35.00000000000001421, -63.11055573996077328, -203.4177473940156631 ) ) ;
#2613 = CARTESIAN_POINT ( 'NONE',  ( 25.35060566623834788, -61.12531887671071473, -167.8395725483293575 ) ) ;
#2614 = ORIENTED_EDGE ( 'NONE', *, *, #4295, .F. ) ;
#2615 = EDGE_CURVE ( 'NONE', #3694, #1867, #6518, .T. ) ;
#2616 =( NAMED_UNIT ( * ) SI_UNIT ( $, .STERADIAN. ) SOLID_ANGLE_UNIT ( ) );
#2617 = APPROVAL_PERSON_ORGANIZATION ( #2821, #2774, #2919 ) ;
#2618 = CARTESIAN_POINT ( 'NONE',  ( -12.48873372473169674, 15.49999999999996980, -27.00435188817922239 ) ) ;
#2619 = CARTESIAN_POINT ( 'NONE',  ( -14.81524163351337364, 17.50000000000000355, -28.69371781743643623 ) ) ;
#2620 = CYLINDRICAL_SURFACE ( 'NONE', #3202, 1.549999999999995826 ) ;
#2621 = VERTEX_POINT ( 'NONE', #7205 ) ;
#2622 = CARTESIAN_POINT ( 'NONE',  ( 15.00000000000000355, 3.670556070168784046, 29.79346308132436860 ) ) ;
#2623 = B_SPLINE_CURVE_WITH_KNOTS ( 'NONE', 1,
 ( #2518, #8105 ),
 .UNSPECIFIED., .F., .F.,
 ( 2, 2 ),
 ( 0.000000000000000000, 0.8999999999999681588 ),
 .UNSPECIFIED. ) ;
#2624 = FACE_OUTER_BOUND ( 'NONE', #6219, .T. ) ;
#2625 = CARTESIAN_POINT ( 'NONE',  ( 10.69663191883470965, 10.49999999999996803, -28.17486671423974087 ) ) ;
#2626 = FACE_OUTER_BOUND ( 'NONE', #8768, .T. ) ;
#2627 = CARTESIAN_POINT ( 'NONE',  ( 6.433365591710265896, 3.053158483482538266, -59.40926036815559286 ) ) ;
#2628 = CARTESIAN_POINT ( 'NONE',  ( -11.00000000000000000, -0.2413635280914193382, -59.89577447623756257 ) ) ;
#2629 = CIRCLE ( 'NONE', #1034, 2.999999999999995559 ) ;
#2630 = CARTESIAN_POINT ( 'NONE',  ( -8.204853478949070578, 0.8718757510949448619, -59.28017595707475351 ) ) ;
#2631 = CARTESIAN_POINT ( 'NONE',  ( 9.042133458009601554, 15.49999999999997158, -58.17845985100537121 ) ) ;
#2632 = FACE_OUTER_BOUND ( 'NONE', #3700, .T. ) ;
#2633 = EDGE_LOOP ( 'NONE', ( #7419, #602, #7591, #6691 ) ) ;
#2634 = DIRECTION ( 'NONE',  ( 1.000000000000000000, -0.000000000000000000, 0.000000000000000000 ) ) ;
#2635 = CARTESIAN_POINT ( 'NONE',  ( -6.911319558061550516, 17.50000000000000000, -63.74905883987799626 ) ) ;
#2636 = CARTESIAN_POINT ( 'NONE',  ( 12.58278360970082765, 17.50000000000001066, -54.17818097375972997 ) ) ;
#2637 = CARTESIAN_POINT ( 'NONE',  ( 20.77364402578307079, -17.94166113290536657, -121.7569624658379439 ) ) ;
#2638 = CARTESIAN_POINT ( 'NONE',  ( 5.255385919803584827, 17.50000000000000711, -62.45293655635123997 ) ) ;
#2639 = CARTESIAN_POINT ( 'NONE',  ( 13.96452228852213118, 17.49999999999999645, -26.78788389660805791 ) ) ;
#2640 = VECTOR ( 'NONE', #3520, 1000.000000000000000 ) ;
#2641 = ORIENTED_EDGE ( 'NONE', *, *, #8049, .T. ) ;
#2642 = ORIENTED_EDGE ( 'NONE', *, *, #3341, .F. ) ;
#2643 = CARTESIAN_POINT ( 'NONE',  ( -8.692765043395239033, 15.50000000000000178, -58.29006868062723612 ) ) ;
#2644 = DIRECTION ( 'NONE',  ( -0.000000000000000000, -0.3420201433256637169, -0.9396926207859102043 ) ) ;
#2645 = CARTESIAN_POINT ( 'NONE',  ( 26.03049636486120733, -76.34661204056185113, -176.9083000685661773 ) ) ;
#2646 = CARTESIAN_POINT ( 'NONE',  ( -5.492748905691289707, 17.49999999999999645, -62.22279782853759400 ) ) ;
#2647 = AXIS2_PLACEMENT_3D ( 'NONE', #2154, #8573, #1573 ) ;
#2648 = CARTESIAN_POINT ( 'NONE',  ( -2.370661744665654602, 15.49999999999997158, -61.99999999999958078 ) ) ;
#2649 = FACE_OUTER_BOUND ( 'NONE', #7375, .T. ) ;
#2650 = PLANE ( 'NONE',  #2987 ) ;
#2651 = PERSON_AND_ORGANIZATION ( #5299, #8168 ) ;
#2652 = EDGE_CURVE ( 'NONE', #4355, #1815, #8593, .T. ) ;
#2653 = CARTESIAN_POINT ( 'NONE',  ( 8.508156050802721637, 17.50000000000000000, -62.85111755476578566 ) ) ;
#2654 = CARTESIAN_POINT ( 'NONE',  ( 20.42576554868858096, -24.77530249306109056, -126.5195694204527825 ) ) ;
#2655 = CARTESIAN_POINT ( 'NONE',  ( -10.75841321099523995, 11.09159961416719753, -51.48488359320921859 ) ) ;
#2656 = EDGE_CURVE ( 'NONE', #6168, #1761, #7902, .T. ) ;
#2657 = PRODUCT_RELATED_PRODUCT_CATEGORY ( 'detail', '', ( #8539 ) ) ;
#2658 = CARTESIAN_POINT ( 'NONE',  ( 20.08151167771806911, -26.91779692480908537, -87.11820580500734934 ) ) ;
#2659 = ORIENTED_EDGE ( 'NONE', *, *, #5552, .F. ) ;
#2660 = CARTESIAN_POINT ( 'NONE',  ( -12.00126853993883635, 15.49999999999996980, -26.56022254944107885 ) ) ;
#2661 = CARTESIAN_POINT ( 'NONE',  ( 20.71098390397149203, -46.87425453733323621, -127.9452028644931829 ) ) ;
#2662 = CARTESIAN_POINT ( 'NONE',  ( -13.04262004334854375, 15.50000000000000178, -49.63045370992301741 ) ) ;
#2663 = ORIENTED_EDGE ( 'NONE', *, *, #3006, .T. ) ;
#2664 = ADVANCED_FACE ( 'NONE', ( #5738 ), #5317, .T. ) ;
#2665 = CARTESIAN_POINT ( 'NONE',  ( -35.00000000000000711, -5.000000000000000000, -24.00000000000000000 ) ) ;
#2666 = CC_DESIGN_DATE_AND_TIME_ASSIGNMENT ( #628, #7620, ( #8494 ) ) ;
#2667 = AXIS2_PLACEMENT_3D ( 'NONE', #1599, #2324, #2230 ) ;
#2668 = CARTESIAN_POINT ( 'NONE',  ( 10.63656685611985786, 10.49999999999997158, -28.15874439000604923 ) ) ;
#2669 = CARTESIAN_POINT ( 'NONE',  ( 12.69902323682850209, 15.50000000000000178, -26.55114509413395396 ) ) ;
#2670 = CARTESIAN_POINT ( 'NONE',  ( -21.66937861034594093, -32.03546851747135804, -176.3244758470660543 ) ) ;
#2671 = CARTESIAN_POINT ( 'NONE',  ( -5.004991350380646686, 10.94694270999026386, -59.24601488057091814 ) ) ;
#2672 = VECTOR ( 'NONE', #3246, 1000.000000000000000 ) ;
#2673 = ADVANCED_FACE ( 'NONE', ( #6008 ), #3821, .T. ) ;
#2674 = CARTESIAN_POINT ( 'NONE',  ( 12.77096446513957240, 15.49999999999997158, -51.16456355256623567 ) ) ;
#2675 = CARTESIAN_POINT ( 'NONE',  ( 12.52783472253294583, 10.99999999999989164, -43.29999102047114690 ) ) ;
#2676 = EDGE_LOOP ( 'NONE', ( #4455, #2519, #6753, #8368 ) ) ;
#2677 = ADVANCED_FACE ( 'NONE', ( #1032 ), #4551, .T. ) ;
#2678 = CARTESIAN_POINT ( 'NONE',  ( 29.68410705484170720, -38.48283812885107125, -201.7397258176133334 ) ) ;
#2679 = CARTESIAN_POINT ( 'NONE',  ( 6.504523844279673561, 17.49999999999999645, -61.80093340209656816 ) ) ;
#2680 = CARTESIAN_POINT ( 'NONE',  ( 20.00000000000000355, -20.08121438690596960, -70.62634758621720721 ) ) ;
#2681 = VECTOR ( 'NONE', #6736, 1000.000000000000000 ) ;
#2682 = CARTESIAN_POINT ( 'NONE',  ( -6.000000000000001776, 49.08720012175118796, 20.50474224124541678 ) ) ;
#2683 = CARTESIAN_POINT ( 'NONE',  ( 15.05774212436358006, 17.49999999999999645, -28.64147818409676205 ) ) ;
#2684 = VERTEX_POINT ( 'NONE', #1816 ) ;
#2685 = ORIENTED_EDGE ( 'NONE', *, *, #2701, .T. ) ;
#2686 = CARTESIAN_POINT ( 'NONE',  ( 1.171572875253780177, -0.3169060858998077324, -65.35375267892351303 ) ) ;
#2687 = LINE ( 'NONE', #3334, #4923 ) ;
#2688 = EDGE_CURVE ( 'NONE', #6978, #3694, #4599, .T. ) ;
#2689 = CARTESIAN_POINT ( 'NONE',  ( 20.86387869977383147, -47.51834061862669500, -116.6541787130113903 ) ) ;
#2690 = CARTESIAN_POINT ( 'NONE',  ( 12.66151396663304141, 15.50000000000000178, -51.45207047892622398 ) ) ;
#2691 = CARTESIAN_POINT ( 'NONE',  ( -3.150936385243218396, 15.49999999999996803, -61.94384602796079520 ) ) ;
#2692 = DIRECTION ( 'NONE',  ( 0.000000000000000000, 0.3420201433256637169, 0.9396926207859103153 ) ) ;
#2693 = CARTESIAN_POINT ( 'NONE',  ( 13.07483925452033624, 15.50000000000000000, -27.30713151572156860 ) ) ;
#2694 = CALENDAR_DATE ( 2026, 29, 5 ) ;
#2695 = EDGE_CURVE ( 'NONE', #7230, #5957, #7383, .T. ) ;
#2696 = CARTESIAN_POINT ( 'NONE',  ( 15.23761199316201775, 17.50000000000000000, -53.09249305892910797 ) ) ;
#2697 = VERTEX_POINT ( 'NONE', #3954 ) ;
#2698 = CARTESIAN_POINT ( 'NONE',  ( 20.00000000000000355, -10.71930815380612501, -74.03380279105724071 ) ) ;
#2699 = DIRECTION ( 'NONE',  ( -0.000000000000000000, -1.000000000000000000, -0.000000000000000000 ) ) ;
#2700 = CARTESIAN_POINT ( 'NONE',  ( -34.76661458570434604, -79.30665510623529713, -186.8810715887156562 ) ) ;
#2701 = EDGE_CURVE ( 'NONE', #4654, #4036, #2836, .T. ) ;
#2702 = CARTESIAN_POINT ( 'NONE',  ( 20.37115094146337313, -18.18327239276562679, -109.2774835118297716 ) ) ;
#2703 = ORIENTED_EDGE ( 'NONE', *, *, #6528, .T. ) ;
#2704 = DIRECTION ( 'NONE',  ( 1.000000000000000000, 0.000000000000000000, 0.000000000000000000 ) ) ;
#2705 = CARTESIAN_POINT ( 'NONE',  ( -14.68807354927987241, 17.49999999999999289, -28.34386085137766642 ) ) ;
#2706 = CARTESIAN_POINT ( 'NONE',  ( 23.43620988197545074, -57.52772426679191398, -150.0389932811578433 ) ) ;
#2707 = CYLINDRICAL_SURFACE ( 'NONE', #6411, 1.549999999999995826 ) ;
#2708 = ORIENTED_EDGE ( 'NONE', *, *, #6789, .F. ) ;
#2709 = CARTESIAN_POINT ( 'NONE',  ( 29.90987090796028980, -80.99581027247548093, -186.5077028180406558 ) ) ;
#2710 = CIRCLE ( 'NONE', #7839, 2.999999999999999112 ) ;
#2711 = CARTESIAN_POINT ( 'NONE',  ( -10.70366579259063045, 10.49999999999997335, -28.26414383258258312 ) ) ;
#2712 = CARTESIAN_POINT ( 'NONE',  ( 12.27121556408607006, 10.49999999999997158, -29.80071342707773141 ) ) ;
#2713 = CARTESIAN_POINT ( 'NONE',  ( 34.85926743963964469, -40.76189647536192950, -208.3433175444313576 ) ) ;
#2714 = DIRECTION ( 'NONE',  ( 0.000000000000000000, 0.000000000000000000, 1.000000000000000000 ) ) ;
#2715 = CARTESIAN_POINT ( 'NONE',  ( -3.848808663997824286, 10.88560865645223430, -59.85185573802912984 ) ) ;
#2716 = VECTOR ( 'NONE', #7171, 1000.000000000000000 ) ;
#2717 = CARTESIAN_POINT ( 'NONE',  ( 8.725913381228702193, 15.49999999999996625, -58.55577351519713147 ) ) ;
#2718 = CARTESIAN_POINT ( 'NONE',  ( 3.485765540297334208, 10.87961017843264422, -60.06939176274706682 ) ) ;
#2719 = ORIENTED_EDGE ( 'NONE', *, *, #2211, .T. ) ;
#2720 = CARTESIAN_POINT ( 'NONE',  ( -7.500000000000000000, -17.50000000000000000, -30.54999999999999716 ) ) ;
#2721 = CARTESIAN_POINT ( 'NONE',  ( -6.911319558061550516, -17.50000000000000000, -63.74905883987799626 ) ) ;
#2722 = CARTESIAN_POINT ( 'NONE',  ( -5.493455907369945379, 17.49999999999999645, -62.22265720007867174 ) ) ;
#2723 = CARTESIAN_POINT ( 'NONE',  ( 20.87034348174782039, -19.38027288910533841, -127.3001654512278833 ) ) ;
#2724 = PERSON_AND_ORGANIZATION ( #5299, #8168 ) ;
#2725 = CARTESIAN_POINT ( 'NONE',  ( 9.816260625509833915, 17.50000000000000000, -58.81684024589061011 ) ) ;
#2726 = VECTOR ( 'NONE', #4222, 999.9999999999998863 ) ;
#2727 = DIRECTION ( 'NONE',  ( -0.000000000000000000, 0.000000000000000000, 1.000000000000000000 ) ) ;
#2728 = CARTESIAN_POINT ( 'NONE',  ( 13.32803030970088898, 17.50000000000000355, -26.20143769876047202 ) ) ;
#2729 = EDGE_LOOP ( 'NONE', ( #4477, #8740, #8187, #1153 ) ) ;
#2730 = DIRECTION ( 'NONE',  ( -0.000000000000000000, -1.000000000000000000, -0.000000000000000000 ) ) ;
#2731 = ORIENTED_EDGE ( 'NONE', *, *, #8080, .T. ) ;
#2732 = CARTESIAN_POINT ( 'NONE',  ( -3.359768856632413314, 15.50000000000000000, -61.90912623458390840 ) ) ;
#2733 = CARTESIAN_POINT ( 'NONE',  ( 20.00000000000000355, -10.71930815380612501, -74.03380279105724071 ) ) ;
#2734 = CARTESIAN_POINT ( 'NONE',  ( 20.39376608321396134, -41.66111739027669358, -116.9090021871708700 ) ) ;
#2735 = VECTOR ( 'NONE', #1208, 1000.000000000000114 ) ;
#2736 = CARTESIAN_POINT ( 'NONE',  ( 11.84557486061360798, 15.50000000000000178, -53.38615481090455006 ) ) ;
#2737 = B_SPLINE_CURVE_WITH_KNOTS ( 'NONE', 3,
 ( #4471, #859, #305, #5244, #3827, #6434, #4556, #3140, #5154, #6482, #7911, #7257, #2278, #353, #1690, #1038, #217, #2327, #8720, #172, #6611, #1648 ),
 .UNSPECIFIED., .F., .F.,
 ( 4, 2, 2, 2, 2, 2, 2, 2, 2, 2, 4 ),
 ( 0.000000000000000000, 0.0009912495788799678686, 0.001982499157759935737, 0.002973748736639903606, 0.003964998315519871475, 0.004956247894399838476, 0.005947497473279807212, 0.006938747052159775081, 0.007434371841599764219, 0.007682184236319770064, 0.007929996631039775909 ),
 .UNSPECIFIED. ) ;
#2738 = DIRECTION ( 'NONE',  ( 1.000000000000000000, 0.000000000000000000, 0.000000000000000000 ) ) ;
#2739 = FACE_OUTER_BOUND ( 'NONE', #8940, .T. ) ;
#2740 = CARTESIAN_POINT ( 'NONE',  ( 16.07254796405597119, 17.50000000000000000, -50.81920450729415961 ) ) ;
#2741 = CARTESIAN_POINT ( 'NONE',  ( -12.70909799797331985, 15.49999999999999822, -27.20326120196159181 ) ) ;
#2742 = DATE_TIME_ROLE ( 'classification_date' ) ;
#2743 = CARTESIAN_POINT ( 'NONE',  ( 6.149522901548224674, 17.50000000000000355, -64.24353575317140042 ) ) ;
#2744 = ORIENTED_EDGE ( 'NONE', *, *, #2211, .F. ) ;
#2745 = CARTESIAN_POINT ( 'NONE',  ( 9.522096153076850200, -0.8715173882867244259, -61.65543891584943026 ) ) ;
#2746 = EDGE_LOOP ( 'NONE', ( #8106, #1337 ) ) ;
#2747 = CARTESIAN_POINT ( 'NONE',  ( -12.22847668846790370, 11.09159961416719753, -46.53462461894601176 ) ) ;
#2748 = CARTESIAN_POINT ( 'NONE',  ( 36.99999999999999289, -89.93670488367540372, -201.1030720130492284 ) ) ;
#2749 = VECTOR ( 'NONE', #940, 1000.000000000000000 ) ;
#2750 = CARTESIAN_POINT ( 'NONE',  ( 25.09557645433999440, -49.87121949639901430, -171.9357297362370218 ) ) ;
#2751 = ORIENTED_EDGE ( 'NONE', *, *, #5442, .F. ) ;
#2752 = EDGE_CURVE ( 'NONE', #147, #2697, #7805, .T. ) ;
#2753 = CYLINDRICAL_SURFACE ( 'NONE', #3706, 1.549999999999995826 ) ;
#2754 = CARTESIAN_POINT ( 'NONE',  ( 15.25830623308809209, 17.49999999999999645, -44.91558359372412212 ) ) ;
#2755 = AXIS2_PLACEMENT_3D ( 'NONE', #3755, #3709, #5804 ) ;
#2756 = CARTESIAN_POINT ( 'NONE',  ( -13.93609682094967539, 15.49999999999997158, -29.24867613033988789 ) ) ;
#2757 = LINE ( 'NONE', #1296, #2726 ) ;
#2758 = LINE ( 'NONE', #7555, #1752 ) ;
#2759 = ORIENTED_EDGE ( 'NONE', *, *, #545, .T. ) ;
#2760 = CARTESIAN_POINT ( 'NONE',  ( -8.644576327136235250, 6.151716966428232070, 29.57638963051785197 ) ) ;
#2761 = CARTESIAN_POINT ( 'NONE',  ( -34.61737662960639028, -38.40542781848053266, -201.4317663825981413 ) ) ;
#2762 = APPROVAL_PERSON_ORGANIZATION ( #3577, #6573, #2205 ) ;
#2763 = CARTESIAN_POINT ( 'NONE',  ( 12.28460746611874121, 10.49999999999996803, -29.86224011879828311 ) ) ;
#2764 = DIRECTION ( 'NONE',  ( 0.000000000000000000, 0.000000000000000000, -1.000000000000000000 ) ) ;
#2765 = LOCAL_TIME ( 17, 12, 35.00000000000000000, #7677 ) ;
#2766 = DIRECTION ( 'NONE',  ( -0.000000000000000000, 1.000000000000000000, -0.000000000000000000 ) ) ;
#2767 = CARTESIAN_POINT ( 'NONE',  ( -10.02215360994387261, 11.01911144272922627, -52.52090585536880241 ) ) ;
#2768 = CARTESIAN_POINT ( 'NONE',  ( 19.41335343439563488, -29.36839069308314620, -165.9290969322717615 ) ) ;
#2769 = CARTESIAN_POINT ( 'NONE',  ( 6.732922232141612895, 15.49999999999997335, -60.42566700066221586 ) ) ;
#2770 = CARTESIAN_POINT ( 'NONE',  ( -20.36877076636894657, -11.82963479671774465, -98.20633979938222069 ) ) ;
#2771 = CARTESIAN_POINT ( 'NONE',  ( 5.960230500158595568, 10.97570233319417277, -58.73169592008383688 ) ) ;
#2772 = VERTEX_POINT ( 'NONE', #2805 ) ;
#2773 = FACE_OUTER_BOUND ( 'NONE', #3479, .T. ) ;
#2774 = APPROVAL ( #2134, 'ๆช' ) ;
#2775 = CARTESIAN_POINT ( 'NONE',  ( -8.502008431035680047, 17.49999999999999645, -59.98332859457081412 ) ) ;
#2776 = CARTESIAN_POINT ( 'NONE',  ( 30.18476005289608111, -38.81106727831710401, -203.0455113510877254 ) ) ;
#2777 = DIRECTION ( 'NONE',  ( -0.9999999999995895505, 0.000000000000000000, -9.060998516074536845E-07 ) ) ;
#2778 = CARTESIAN_POINT ( 'NONE',  ( 13.30557582703400143, 17.50000000000000355, -26.18400563991200158 ) ) ;
#2779 = EDGE_LOOP ( 'NONE', ( #552, #1930, #1146, #3917 ) ) ;
#2780 = AXIS2_PLACEMENT_3D ( 'NONE', #3410, #8263, #7562 ) ;
#2781 = VERTEX_POINT ( 'NONE', #2665 ) ;
#2782 = CARTESIAN_POINT ( 'NONE',  ( -13.66041666200284688, 15.50000000000000888, -47.22974421240335374 ) ) ;
#2783 = FACE_BOUND ( 'NONE', #7455, .T. ) ;
#2784 = CARTESIAN_POINT ( 'NONE',  ( 30.62053960051556345, -81.99337116561169125, -188.5589979260505515 ) ) ;
#2785 =( BOUNDED_CURVE ( )  B_SPLINE_CURVE ( 3, ( #2628, #6289, #1257, #6142 ),
 .UNSPECIFIED., .F., .F. ) 
 B_SPLINE_CURVE_WITH_KNOTS ( ( 4, 4 ),
 ( 5.400152241456756208, 5.410520681182415359 ),
 .UNSPECIFIED. ) 
 CURVE ( )  GEOMETRIC_REPRESENTATION_ITEM ( )  RATIONAL_B_SPLINE_CURVE ( ( 1.000000000000000000, 0.9999910413082024885, 0.9999910413082024885, 1.000000000000000000 ) ) 
 REPRESENTATION_ITEM ( '' )  );
#2786 = CARTESIAN_POINT ( 'NONE',  ( 10.32286042361300815, 15.50000000000000000, -56.34148106735774064 ) ) ;
#2787 = CARTESIAN_POINT ( 'NONE',  ( 5.000000000000000000, -2.499999999999998668, -57.00000000000000000 ) ) ;
#2788 = CARTESIAN_POINT ( 'NONE',  ( -10.69897419697242213, 10.49999999999931610, -27.57076535246486060 ) ) ;
#2789 = CARTESIAN_POINT ( 'NONE',  ( -11.62406471354726989, 15.50000000000000178, -26.48382069498043379 ) ) ;
#2790 = CARTESIAN_POINT ( 'NONE',  ( 14.74077534083427921, 17.50000000000000355, -54.26551931460790712 ) ) ;
#2791 = VERTEX_POINT ( 'NONE', #8166 ) ;
#2792 = DIRECTION ( 'NONE',  ( 0.000000000000000000, -0.9396926207859087610, 0.3420201433256677692 ) ) ;
#2793 = VERTEX_POINT ( 'NONE', #2622 ) ;
#2794 = CARTESIAN_POINT ( 'NONE',  ( -19.49935818418808608, -8.662102472978791212, -74.88825572210735970 ) ) ;
#2795 = AXIS2_PLACEMENT_3D ( 'NONE', #4786, #6883, #5978 ) ;
#2796 = FACE_OUTER_BOUND ( 'NONE', #1339, .T. ) ;
#2797 = CARTESIAN_POINT ( 'NONE',  ( 20.65676697838423337, -15.00327994369796514, -110.4349061084816555 ) ) ;
#2798 = ORIENTED_EDGE ( 'NONE', *, *, #854, .F. ) ;
#2799 = APPLICATION_PROTOCOL_DEFINITION ( 'international standard', 'config_control_design', 1994, #21 ) ;
#2800 = CARTESIAN_POINT ( 'NONE',  ( 15.03554720812660861, 17.50000000000000000, -46.66399978803102044 ) ) ;
#2801 = FACE_OUTER_BOUND ( 'NONE', #7959, .T. ) ;
#2802 = CARTESIAN_POINT ( 'NONE',  ( -7.396214450717988775, 17.50000000000000000, -63.43959399673204302 ) ) ;
#2803 = ORIENTED_EDGE ( 'NONE', *, *, #3933, .T. ) ;
#2804 = VERTEX_POINT ( 'NONE', #6282 ) ;
#2805 = CARTESIAN_POINT ( 'NONE',  ( -6.000000000000000000, 5.341861949833777601, -59.03741846139588034 ) ) ;
#2806 = CARTESIAN_POINT ( 'NONE',  ( -34.65034009154203432, -38.42777782217453364, -201.5206808240656926 ) ) ;
#2807 = CARTESIAN_POINT ( 'NONE',  ( 5.000000000000000000, -15.00000000000000000, -54.00000000000000711 ) ) ;
#2808 = CARTESIAN_POINT ( 'NONE',  ( -10.71350706894751958, 10.49999999999997158, -28.26820240181298161 ) ) ;
#2809 = CARTESIAN_POINT ( 'NONE',  ( 14.12319761105431049, 15.50000000000000178, -28.99947627520709759 ) ) ;
#2810 = CARTESIAN_POINT ( 'NONE',  ( 34.89378714441185991, -40.97894929940940045, -210.5619192702189366 ) ) ;
#2811 = CARTESIAN_POINT ( 'NONE',  ( -16.30010266867928337, -23.93976802509127211, -144.8866114902535003 ) ) ;
#2812 = CARTESIAN_POINT ( 'NONE',  ( -7.150706384960279216, 10.49999999999996803, -57.01635225558386821 ) ) ;
#2813 = DIRECTION ( 'NONE',  ( -0.000000000000000000, -0.9961946980917454342, 0.08715574274765880425 ) ) ;
#2814 = CARTESIAN_POINT ( 'NONE',  ( 11.00252886367225358, 15.49999999999996803, -55.12941123122470088 ) ) ;
#2815 = CARTESIAN_POINT ( 'NONE',  ( -15.42163830042551709, -19.01050085411326407, -125.8753741971104176 ) ) ;
#2816 = CARTESIAN_POINT ( 'NONE',  ( 17.32783472253104406, -17.50000000000000000, -43.29998667119183864 ) ) ;
#2817 = ORIENTED_EDGE ( 'NONE', *, *, #2374, .T. ) ;
#2818 = CARTESIAN_POINT ( 'NONE',  ( -13.78012328320141577, 17.50000000000000000, -55.78248183757639822 ) ) ;
#2819 = EDGE_CURVE ( 'NONE', #652, #829, #4037, .T. ) ;
#2820 = CARTESIAN_POINT ( 'NONE',  ( 15.51637338619679518, -21.02591078129636060, -133.6410735088940669 ) ) ;
#2821 = PERSON_AND_ORGANIZATION ( #5299, #8168 ) ;
#2822 = CARTESIAN_POINT ( 'NONE',  ( 11.23907174542721776, 17.50000000000000000, -56.75560427333075353 ) ) ;
#2823 = AXIS2_PLACEMENT_3D ( 'NONE', #7526, #5380, #6150 ) ;
#2824 = APPLICATION_CONTEXT ( 'configuration controlled 3d designs of mechanical parts and assemblies' ) ;
#2825 = CYLINDRICAL_SURFACE ( 'NONE', #596, 2.999999999999997335 ) ;
#2826 = CARTESIAN_POINT ( 'NONE',  ( -2.400493537539734046, 0.6513731139792888758, -64.57513155103841029 ) ) ;
#2827 = CARTESIAN_POINT ( 'NONE',  ( 8.112266406222684936E-15, -15.00327994369814277, -110.4349061084819112 ) ) ;
#2828 = ORIENTED_EDGE ( 'NONE', *, *, #8032, .F. ) ;
#2829 = ORIENTED_EDGE ( 'NONE', *, *, #2901, .F. ) ;
#2830 = B_SPLINE_CURVE_WITH_KNOTS ( 'NONE', 3,
 ( #6218, #464, #1286, #1190, #1929, #3985, #3252, #2016, #4069, #7456, #5401, #8199, #4680, #4720, #9012, #7499, #8920, #1879, #2654, #8246, #5312, #8964, #1973, #7546, #1839, #2698 ),
 .UNSPECIFIED., .F., .F.,
 ( 4, 2, 2, 2, 2, 2, 2, 2, 2, 2, 2, 2, 4 ),
 ( -6.000000005736710094E-08, 0.008251975034587724980, 0.01650401006917550858, 0.03300808013835115906, 0.04126011517293898950, 0.04951215020752681301, 0.06601622027670238368, 0.07426825531129013780, 0.07633126406993703816, 0.07839427282858393853, 0.08252029034587778089, 0.09902436041505309483, 0.1320325005534037921 ),
 .UNSPECIFIED. ) ;
#2831 = CARTESIAN_POINT ( 'NONE',  ( -13.24930546509160934, 15.50000000000000178, -48.91628828609739088 ) ) ;
#2832 = FACE_BOUND ( 'NONE', #2746, .T. ) ;
#2833 = CARTESIAN_POINT ( 'NONE',  ( 34.85886516022249282, -76.46653201058748550, -187.9990069458129369 ) ) ;
#2834 = CARTESIAN_POINT ( 'NONE',  ( 7.780126876777764267, 15.50000000000000178, -59.53966385166814490 ) ) ;
#2835 = LINE ( 'NONE', #2787, #7958 ) ;
#2836 = CIRCLE ( 'NONE', #6771, 19.41421356237309581 ) ;
#2837 = CARTESIAN_POINT ( 'NONE',  ( -12.94007092368911316, 15.48168902858377827, -27.44489748111582372 ) ) ;
#2838 = DATE_AND_TIME ( #7129, #8330 ) ;
#2839 = CARTESIAN_POINT ( 'NONE',  ( 7.709568412648411417, 17.50000000000000000, -63.40426043268668366 ) ) ;
#2840 = CARTESIAN_POINT ( 'NONE',  ( 6.975627154773401450, 3.055194180431848761, -58.83145673278021803 ) ) ;
#2841 = EDGE_LOOP ( 'NONE', ( #452, #2261, #5351, #4809, #169 ) ) ;
#2842 = DIRECTION ( 'NONE',  ( -0.000000000000000000, 1.000000000000000000, -0.000000000000000000 ) ) ;
#2843 = DIRECTION ( 'NONE',  ( 0.000000000000000000, 0.000000000000000000, -1.000000000000000000 ) ) ;
#2844 = EDGE_CURVE ( 'NONE', #1486, #6669, #3133, .T. ) ;
#2845 = CARTESIAN_POINT ( 'NONE',  ( 1.171572875253783508, 20.96722026436224695, -57.60696422506727288 ) ) ;
#2846 = VERTEX_POINT ( 'NONE', #1895 ) ;
#2847 = CALENDAR_DATE ( 2026, 29, 5 ) ;
#2848 = CARTESIAN_POINT ( 'NONE',  ( 14.35738457576368710, 17.50000000000000355, -49.57517577940433284 ) ) ;
#2849 = LINE ( 'NONE', #7600, #6673 ) ;
#2850 = CARTESIAN_POINT ( 'NONE',  ( -5.717332824530003244, 17.50000000000000355, -64.31751293339003439 ) ) ;
#2851 = ORIENTED_EDGE ( 'NONE', *, *, #310, .F. ) ;
#2852 = CARTESIAN_POINT ( 'NONE',  ( 13.02612132636524223, 15.49946322553478772, -27.26041489977420085 ) ) ;
#2853 = CARTESIAN_POINT ( 'NONE',  ( 4.138194025498624029, 10.49999999999996803, -59.66672306866239950 ) ) ;
#2854 = CARTESIAN_POINT ( 'NONE',  ( -10.64487032981635295, 10.49999999999997513, -28.24021837244274025 ) ) ;
#2855 = CARTESIAN_POINT ( 'NONE',  ( 11.00930844945563081, 15.50000000000000000, -26.18800022570577823 ) ) ;
#2856 = CARTESIAN_POINT ( 'NONE',  ( -16.30319438750181504, -24.64399429425140298, -68.96675654151208334 ) ) ;
#2857 = CARTESIAN_POINT ( 'NONE',  ( -3.630534752332161830, 10.49999999999996980, -59.76622549971036591 ) ) ;
#2858 = EDGE_CURVE ( 'NONE', #8294, #6985, #63, .T. ) ;
#2859 = DIRECTION ( 'NONE',  ( 0.000000000000000000, -0.9961946980917455452, 0.08715574274765895690 ) ) ;
#2860 = CARTESIAN_POINT ( 'NONE',  ( -21.53145765587024130, -70.31375411002575504, -164.4952556239180694 ) ) ;
#2861 = CARTESIAN_POINT ( 'NONE',  ( -19.99556880146491977, -10.49253484000256620, -73.19468078271549416 ) ) ;
#2862 = AXIS2_PLACEMENT_3D ( 'NONE', #7109, #4973, #1404 ) ;
#2863 = CARTESIAN_POINT ( 'NONE',  ( 10.28032097893476760, 11.01915548873470740, -52.52089668189879035 ) ) ;
#2864 = ORIENTED_EDGE ( 'NONE', *, *, #3174, .F. ) ;
#2865 = EDGE_CURVE ( 'NONE', #2017, #6781, #5414, .T. ) ;
#2866 = CARTESIAN_POINT ( 'NONE',  ( 26.99289444790695214, -32.00205989140038554, -176.1979573747801169 ) ) ;
#2867 = APPROVAL_ROLE ( '' ) ;
#2868 = CARTESIAN_POINT ( 'NONE',  ( 11.97753734740888909, 17.50000000000000355, -55.41906072082729651 ) ) ;
#2869 = CARTESIAN_POINT ( 'NONE',  ( -13.23618175602483760, 10.49999999999996980, -59.99999999999916156 ) ) ;
#2870 = CARTESIAN_POINT ( 'NONE',  ( 14.32782294323413907, 15.49999999999997158, -30.29998938949681531 ) ) ;
#2871 = ADVANCED_FACE ( 'NONE', ( #3495 ), #6965, .F. ) ;
#2872 = CARTESIAN_POINT ( 'NONE',  ( -20.46229130637117422, -43.92934765090273430, -121.7333894676725947 ) ) ;
#2873 = ORIENTED_EDGE ( 'NONE', *, *, #2076, .F. ) ;
#2874 = CARTESIAN_POINT ( 'NONE',  ( -10.77307543069832718, 15.50000000000000355, -55.07400265023218822 ) ) ;
#2875 = CARTESIAN_POINT ( 'NONE',  ( 14.21413012176608426, 16.80318581284007351, -27.66521179835774547 ) ) ;
#2876 = CARTESIAN_POINT ( 'NONE',  ( 35.29465142165953040, -76.99333646053047175, -189.0390147936154790 ) ) ;
#2877 = CARTESIAN_POINT ( 'NONE',  ( 9.502634535625226420, 15.50000000000000178, -57.58139072483659504 ) ) ;
#2878 = FACE_OUTER_BOUND ( 'NONE', #1321, .T. ) ;
#2879 = CARTESIAN_POINT ( 'NONE',  ( 15.88597323476811241, 17.50000000000000000, -51.37923820715372614 ) ) ;
#2880 = EDGE_CURVE ( 'NONE', #6845, #6846, #3255, .T. ) ;
#2881 = DIRECTION ( 'NONE',  ( -3.469446951953613400E-15, 2.046300565911437533E-29, 1.000000000000000000 ) ) ;
#2882 = CARTESIAN_POINT ( 'NONE',  ( 6.000000000000000000, 61.85122702443587883, -5.707461352263097254 ) ) ;
#2883 = CARTESIAN_POINT ( 'NONE',  ( -10.49318234831192242, 17.50000000000000000, -57.53306762183231626 ) ) ;
#2884 = CIRCLE ( 'NONE', #8005, 4.999999999999999112 ) ;
#2885 = EDGE_CURVE ( 'NONE', #3786, #1978, #6730, .T. ) ;
#2886 = ORIENTED_EDGE ( 'NONE', *, *, #3846, .T. ) ;
#2887 = CARTESIAN_POINT ( 'NONE',  ( -15.00240574293443174, -6.001819538171618618, -75.75082822763786794 ) ) ;
#2888 = CARTESIAN_POINT ( 'NONE',  ( -35.00000000000000711, -5.000000000000000000, 24.00000000000000000 ) ) ;
#2889 = CARTESIAN_POINT ( 'NONE',  ( -14.98136778012815284, 17.50000000000000355, -45.14084218590646458 ) ) ;
#2890 = ORIENTED_EDGE ( 'NONE', *, *, #2893, .F. ) ;
#2891 = CALENDAR_DATE ( 2026, 29, 5 ) ;
#2892 = CARTESIAN_POINT ( 'NONE',  ( 15.30558716516566165, 17.50000000000000000, -44.34806837191332107 ) ) ;
#2893 = EDGE_CURVE ( 'NONE', #4589, #3984, #1295, .T. ) ;
#2894 = FACE_OUTER_BOUND ( 'NONE', #7658, .T. ) ;
#2895 = CARTESIAN_POINT ( 'NONE',  ( -13.21758461911709581, 17.50000000000000711, -56.86449494101870528 ) ) ;
#2896 = ORIENTED_EDGE ( 'NONE', *, *, #5581, .T. ) ;
#2897 = ORIENTED_EDGE ( 'NONE', *, *, #3538, .T. ) ;
#2898 = CARTESIAN_POINT ( 'NONE',  ( 29.71610699019992552, -80.90148764162042028, -186.3095167471398383 ) ) ;
#2899 = CARTESIAN_POINT ( 'NONE',  ( -34.74689390508718390, -38.49360119670965474, -201.7825442520146453 ) ) ;
#2900 = CARTESIAN_POINT ( 'NONE',  ( 5.975982699548457511, 10.49999999999996803, -58.46846244203775456 ) ) ;
#2901 = EDGE_CURVE ( 'NONE', #1373, #6015, #6333, .T. ) ;
#2902 = B_SPLINE_SURFACE_WITH_KNOTS ( 'NONE', 3, 1, ( 
 ( #2967, #4338 ),
 ( #1844, #215 ),
 ( #5027, #8074 ),
 ( #3015, #5788 ) ),
 .UNSPECIFIED., .F., .F., .F.,
 ( 4, 4 ),
 ( 2, 2 ),
 ( 0.000000000000000000, 0.8085448346670858211 ),
 ( 0.000000000000000000, 1.000000000000000000 ),
 .UNSPECIFIED. ) ;
#2903 = CARTESIAN_POINT ( 'NONE',  ( -13.74126585351317509, 15.49999999999996625, -46.79025044288261626 ) ) ;
#2904 = CIRCLE ( 'NONE', #4212, 1.299999999999988720 ) ;
#2905 = CARTESIAN_POINT ( 'NONE',  ( 11.19876393550495131, 15.50000000000000000, -26.23885281988594542 ) ) ;
#2906 = CARTESIAN_POINT ( 'NONE',  ( 6.000000000000000000, 53.34209283689229153, -41.56676318060151942 ) ) ;
#2907 = CARTESIAN_POINT ( 'NONE',  ( -5.672672899129890034, 10.49999999999996803, -58.50694626786692254 ) ) ;
#2908 = CARTESIAN_POINT ( 'NONE',  ( -26.12300448420814547, -32.57369020794607906, -178.2315155235829423 ) ) ;
#2909 = CARTESIAN_POINT ( 'NONE',  ( -37.00000000000001421, -89.93670488367540372, -201.1030720130492284 ) ) ;
#2910 = CARTESIAN_POINT ( 'NONE',  ( 14.00541059926957033, 15.49999999999997691, -46.78164953856523312 ) ) ;
#2911 = CARTESIAN_POINT ( 'NONE',  ( -15.29014954479183430, -15.65142667576160918, -112.9323199413865240 ) ) ;
#2912 = TOROIDAL_SURFACE ( 'NONE', #5382, 175.2684435961459712, 5.000000000000000000 ) ;
#2913 = FACE_OUTER_BOUND ( 'NONE', #4299, .T. ) ;
#2914 = CARTESIAN_POINT ( 'NONE',  ( 11.00000000000000000, 3.670556070168784046, 29.79346308132436860 ) ) ;
#2915 = VERTEX_POINT ( 'NONE', #3684 ) ;
#2916 = CARTESIAN_POINT ( 'NONE',  ( -12.65810705305377404, -17.50000000000000000, -57.86325869036801350 ) ) ;
#2917 = CARTESIAN_POINT ( 'NONE',  ( -5.727417518637707872, 17.50000000000001421, -62.10110886131199948 ) ) ;
#2918 = CARTESIAN_POINT ( 'NONE',  ( 24.59987211140727581, -29.10163712703381478, -164.8911497043448549 ) ) ;
#2919 = APPROVAL_ROLE ( '' ) ;
#2920 = CC_DESIGN_APPROVAL ( #5243, ( #2179 ) ) ;
#2921 = CARTESIAN_POINT ( 'NONE',  ( -29.90987090795685077, -38.54008875887578256, -201.9603217232827035 ) ) ;
#2922 = CARTESIAN_POINT ( 'NONE',  ( 13.29958094044439498, 17.49999999999999645, -26.17936603367304116 ) ) ;
#2923 = CARTESIAN_POINT ( 'NONE',  ( -20.32607402031036159, -38.67193851103996138, -110.5262415726587193 ) ) ;
#2924 = VERTEX_POINT ( 'NONE', #2952 ) ;
#2925 = FACE_OUTER_BOUND ( 'NONE', #4832, .T. ) ;
#2926 = CARTESIAN_POINT ( 'NONE',  ( -14.99999999999999822, -24.79567195388979073, -68.91042536112450989 ) ) ;
#2927 = CARTESIAN_POINT ( 'NONE',  ( 34.36503048082740008, -86.36811494065200634, -197.5723676572164322 ) ) ;
#2928 = ORIENTED_EDGE ( 'NONE', *, *, #8434, .F. ) ;
#2929 = LINE ( 'NONE', #5709, #6004 ) ;
#2930 = CARTESIAN_POINT ( 'NONE',  ( -34.82502633026131633, -81.62225385738562977, -190.6782471201464944 ) ) ;
#2931 = CARTESIAN_POINT ( 'NONE',  ( -10.70554495497596470, 10.51642704444250320, -27.63673350938081441 ) ) ;
#2932 = CIRCLE ( 'NONE', #4084, 1.549999999999996714 ) ;
#2933 = CARTESIAN_POINT ( 'NONE',  ( -12.68472906923508958, 15.49999999999997513, -27.18292259973735270 ) ) ;
#2934 = CARTESIAN_POINT ( 'NONE',  ( 10.01554887820538475, -0.6571486134687878344, -61.06646554760099121 ) ) ;
#2935 = CARTESIAN_POINT ( 'NONE',  ( -13.25395265333758310, 17.49999999999999645, -52.02310338268588197 ) ) ;
#2936 = ORIENTED_EDGE ( 'NONE', *, *, #6181, .T. ) ;
#2937 = DIRECTION ( 'NONE',  ( -0.000000000000000000, 1.000000000000000000, -0.000000000000000000 ) ) ;
#2938 = DIRECTION ( 'NONE',  ( 0.000000000000000000, 0.000000000000000000, 1.000000000000000000 ) ) ;
#2939 = CARTESIAN_POINT ( 'NONE',  ( -15.03692640923690860, 17.50000000000000000, -44.41738903375123471 ) ) ;
#2940 = VERTEX_POINT ( 'NONE', #929 ) ;
#2941 = AXIS2_PLACEMENT_3D ( 'NONE', #6526, #4430, #5032 ) ;
#2942 = CALENDAR_DATE ( 2026, 29, 5 ) ;
#2943 = CARTESIAN_POINT ( 'NONE',  ( 13.57244773221396095, 17.50000000000000355, -51.87115558989422937 ) ) ;
#2944 = EDGE_CURVE ( 'NONE', #8977, #7359, #7502, .T. ) ;
#2945 = CARTESIAN_POINT ( 'NONE',  ( 15.74633268142122944, -51.96512813614893389, -125.9949310767186148 ) ) ;
#2946 = CARTESIAN_POINT ( 'NONE',  ( -9.297884595999434509, 17.50000000000000000, -61.99409164193792776 ) ) ;
#2947 = CIRCLE ( 'NONE', #1642, 5.000000000000000000 ) ;
#2948 = EDGE_CURVE ( 'NONE', #1149, #1131, #6506, .T. ) ;
#2949 = ORIENTED_EDGE ( 'NONE', *, *, #6388, .T. ) ;
#2950 = VERTEX_POINT ( 'NONE', #108 ) ;
#2951 = CC_DESIGN_PERSON_AND_ORGANIZATION_ASSIGNMENT ( #4953, #148, ( #4070 ) ) ;
#2952 = CARTESIAN_POINT ( 'NONE',  ( 15.00000000000000711, -0.8715173882866636967, -61.65543891584922420 ) ) ;
#2953 = CARTESIAN_POINT ( 'NONE',  ( 6.787895872933070507, 10.49999999999997158, -57.71315313458403295 ) ) ;
#2954 = CARTESIAN_POINT ( 'NONE',  ( -13.64516403569391834, 15.49999999999996980, -47.28532406496211848 ) ) ;
#2955 = AXIS2_PLACEMENT_3D ( 'NONE', #8725, #7918, #7173 ) ;
#2956 = CARTESIAN_POINT ( 'NONE',  ( 10.95101445374815441, 15.50000000000000178, -26.17235327365034436 ) ) ;
#2957 = EDGE_CURVE ( 'NONE', #7829, #1149, #4734, .T. ) ;
#2958 = EDGE_CURVE ( 'NONE', #3968, #3505, #4778, .T. ) ;
#2959 = CARTESIAN_POINT ( 'NONE',  ( -8.785307519918426067, 10.49999999999996803, -54.55125694714168105 ) ) ;
#2960 = CARTESIAN_POINT ( 'NONE',  ( 20.00000000000000355, -5.569980492216205725, -59.94533819922087758 ) ) ;
#2961 = CARTESIAN_POINT ( 'NONE',  ( 7.500000000000000000, -15.00000000000000000, -27.45000000000000284 ) ) ;
#2962 = CARTESIAN_POINT ( 'NONE',  ( -29.00041769075025400, -80.89787048455832519, -186.3019165546995453 ) ) ;
#2963 = CARTESIAN_POINT ( 'NONE',  ( -20.85095684994441356, -19.09248842311926708, -126.1912855160058626 ) ) ;
#2964 = LINE ( 'NONE', #1595, #1011 ) ;
#2965 = CARTESIAN_POINT ( 'NONE',  ( 10.89902407079265600, 10.99859783456509632, -27.47153468017368994 ) ) ;
#2966 = ORIENTED_EDGE ( 'NONE', *, *, #3150, .F. ) ;
#2967 = CARTESIAN_POINT ( 'NONE',  ( 12.52782294323494128, -2.499999999999995115, -30.29999102047650084 ) ) ;
#2968 = CARTESIAN_POINT ( 'NONE',  ( -19.99999999999998934, -13.09465179949441982, -73.16924840787328321 ) ) ;
#2969 = CARTESIAN_POINT ( 'NONE',  ( -34.87023888289642315, -45.00177438517664541, -199.3670270612317097 ) ) ;
#2970 = CARTESIAN_POINT ( 'NONE',  ( -32.05784602690693674, -39.64893572517722475, -206.2328878186158931 ) ) ;
#2971 = CARTESIAN_POINT ( 'NONE',  ( 13.74779126617523417, 15.49999999999996980, -28.16847458417921857 ) ) ;
#2972 = CARTESIAN_POINT ( 'NONE',  ( -21.53145765587015603, -32.57369020794614300, -178.2315155235831412 ) ) ;
#2973 = EDGE_LOOP ( 'NONE', ( #7790, #7222, #3367, #6217, #4927 ) ) ;
#2974 = CARTESIAN_POINT ( 'NONE',  ( 7.500000000000000000, -15.00000000000000000, -4.000000000000000888 ) ) ;
#2975 = CARTESIAN_POINT ( 'NONE',  ( 34.61737662960639028, -80.75921771354313705, -186.0162475524264494 ) ) ;
#2976 = VERTEX_POINT ( 'NONE', #3631 ) ;
#2977 = CARTESIAN_POINT ( 'NONE',  ( 5.270424391575599721, 15.50000000000000000, -61.34593726835421279 ) ) ;
#2978 = CARTESIAN_POINT ( 'NONE',  ( 14.32783472253220935, 15.50000000000000178, -43.29998938949142939 ) ) ;
#2979 = AXIS2_PLACEMENT_3D ( 'NONE', #4051, #3236, #3922 ) ;
#2980 = ITEM_DEFINED_TRANSFORMATION ( 'NONE', 'NONE', #8028,  #6410 ) ;
#2981 = CLOSED_SHELL ( 'NONE', ( #7053, #7717, #7006, #2436, #6745, #7801, #13, #7128, #4091, #4955, #4691, #1091, #4322, #4779, #7523, #8714, #3927, #982, #4725, #1719, #5323, #4118, #2216, #688, #4038, #4239, #975, #1622, #5276, #7164, #8139, #4225, #916, #8039, #114, #8685, #1923, #4797, #490, #5898, #1001, #8838, #7118, #52, #585, #8154, #1334, #2664, #8796, #1565, #5428, #8792, #2417, #1129, #5720, #5551, #2673, #5435, #3945, #3025, #2231, #8750, #467, #2609, #3555, #4503, #7678, #7448, #2030, #4490, #7749, #4560, #4780, #2201, #3743, #7027, #2985, #4153, #7391, #5194, #6398 ) ) ;
#2982 = CARTESIAN_POINT ( 'NONE',  ( -12.71311791061725138, 15.49999999999997335, -27.20884690863451283 ) ) ;
#2983 = CARTESIAN_POINT ( 'NONE',  ( 6.271890763256769752, 15.49999999999996980, -60.75843114093515140 ) ) ;
#2984 = CARTESIAN_POINT ( 'NONE',  ( -13.79790647418814942, 17.50000000000001066, -50.54494893859502014 ) ) ;
#2985 = ADVANCED_FACE ( 'NONE', ( #5055 ), #3418, .F. ) ;
#2986 = PRODUCT_DEFINITION_SHAPE ( 'NONE', 'NONE',  #9054 ) ;
#2987 = AXIS2_PLACEMENT_3D ( 'NONE', #5309, #460, #7495 ) ;
#2988 = ORIENTED_EDGE ( 'NONE', *, *, #4313, .T. ) ;
#2989 = CARTESIAN_POINT ( 'NONE',  ( -19.99999999999999645, -0.8715173882866636967, -61.65543891584922420 ) ) ;
#2990 = CARTESIAN_POINT ( 'NONE',  ( -20.27612680808153200, -20.70648184946415071, -111.2408997259636436 ) ) ;
#2991 = LINE ( 'NONE', #5721, #1341 ) ;
#2992 = EDGE_LOOP ( 'NONE', ( #3438, #8245 ) ) ;
#2993 = PERSON_AND_ORGANIZATION ( #5299, #8168 ) ;
#2994 = ADVANCED_FACE ( 'NONE', ( #199 ), #7877, .F. ) ;
#2995 = CARTESIAN_POINT ( 'NONE',  ( -12.63060516023158009, 15.43163059801406156, -27.16767078559381687 ) ) ;
#2996 = CARTESIAN_POINT ( 'NONE',  ( 15.61176418624455842, -50.78718227915377526, -123.5213580133574851 ) ) ;
#2997 = CARTESIAN_POINT ( 'NONE',  ( -5.770901010138092424, 17.50000000000000000, -64.29507449120744411 ) ) ;
#2998 = ORIENTED_EDGE ( 'NONE', *, *, #2334, .T. ) ;
#2999 = ORIENTED_EDGE ( 'NONE', *, *, #3488, .T. ) ;
#3000 = CARTESIAN_POINT ( 'NONE',  ( -12.22265076263122729, 11.08086463972660773, -29.57249466851295594 ) ) ;
#3001 = EDGE_CURVE ( 'NONE', #2304, #5608, #8104, .T. ) ;
#3002 = CARTESIAN_POINT ( 'NONE',  ( -35.29465142165963698, -43.23325755537027248, -201.3266786215731656 ) ) ;
#3003 = CARTESIAN_POINT ( 'NONE',  ( 14.32781650878959923, 15.50000000000000000, -43.79883375831320080 ) ) ;
#3004 = CARTESIAN_POINT ( 'NONE',  ( -13.86388675288462125, 15.49999999999997158, -46.04590105301268466 ) ) ;
#3005 = CARTESIAN_POINT ( 'NONE',  ( 11.23154525319464803, 15.49999999999999822, -26.24767608297824495 ) ) ;
#3006 = EDGE_CURVE ( 'NONE', #4048, #3352, #2306, .T. ) ;
#3007 = CARTESIAN_POINT ( 'NONE',  ( -2.917466642523083742, 10.49999999999996803, -59.95566469559884126 ) ) ;
#3008 = CARTESIAN_POINT ( 'NONE',  ( 5.000000000000000000, -2.499999999999998668, -54.00000000000000711 ) ) ;
#3009 = CARTESIAN_POINT ( 'NONE',  ( 6.000000000000000000, 69.73362886642219394, -6.100901992336143387 ) ) ;
#3010 = CARTESIAN_POINT ( 'NONE',  ( 14.30597945264551107, 15.49999999999997335, -44.30160481900292524 ) ) ;
#3011 = CARTESIAN_POINT ( 'NONE',  ( -26.99289444793522463, -32.00205989148166452, -176.1979573748085954 ) ) ;
#3012 = CARTESIAN_POINT ( 'NONE',  ( -34.89303292728941841, -76.50766901885812388, -188.0805693209594835 ) ) ;
#3013 = B_SPLINE_CURVE_WITH_KNOTS ( 'NONE', 3,
 ( #5485, #3290, #6945, #8332, #4060, #4020, #1182, #6851, #4800, #6759, #3473, #543, #7584, #2690, #7630, #592, #9004, #6806, #4848, #2736, #5530, #3977, #6158, #2554, #3336, #3385, #1380, #8955, #2056, #8862, #2786, #7823, #3664, #8516, #2877, #6309, #1563, #4347, #3607, #2241, #8566, #8417, #7126, #2834, #47, #4941, #5662, #3564, #868, #8372, #8462, #2188, #6443, #2145, #4302, #5576, #5622, #6989, #913, #6395, #5758, #180, #2977, #2289, #7719, #4253, #5078, #4993, #7871, #2101, #7774, #1610, #5038, #1424, #88, #4398, #1473, #6347 ),
 .UNSPECIFIED., .F., .F.,
 ( 4, 2, 2, 2, 2, 2, 2, 2, 2, 2, 2, 2, 2, 2, 2, 2, 2, 2, 2, 2, 2, 2, 2, 2, 2, 2, 2, 2, 2, 2, 2, 2, 2, 2, 2, 2, 2, 2, 4 ),
 ( 0.000000000000000000, 0.06250000000000000000, 0.1250000000000000000, 0.1874999999999999722, 0.2500000000000000000, 0.3125000000000000000, 0.3437500000000000000, 0.3749999999999999445, 0.4062499999999999445, 0.4375000000000000000, 0.4531250000000000555, 0.4687500000000000000, 0.5000000000000000000, 0.5312500000000000000, 0.5625000000000000000, 0.5937499999999998890, 0.6250000000000000000, 0.6562500000000000000, 0.6718750000000000000, 0.6875000000000000000, 0.7187500000000000000, 0.7499999999999998890, 0.7656249999999998890, 0.7812499999999998890, 0.7890624999999998890, 0.7968749999999998890, 0.8046874999999998890, 0.8124999999999998890, 0.8437499999999998890, 0.8593749999999997780, 0.8750000000000000000, 0.8906250000000001110, 0.9062500000000001110, 0.9218750000000001110, 0.9375000000000000000, 0.9531250000000000000, 0.9687500000000000000, 0.9843750000000000000, 1.000000000000000000 ),
 .UNSPECIFIED. ) ;
#3014 = ORIENTED_EDGE ( 'NONE', *, *, #8095, .F. ) ;
#3015 = CARTESIAN_POINT ( 'NONE',  ( 11.41719919481510637, -2.499999999999995115, -28.34780130678841914 ) ) ;
#3016 = CARTESIAN_POINT ( 'NONE',  ( -34.72382355168826962, -80.89787048455828256, -186.3019165546994884 ) ) ;
#3017 = CARTESIAN_POINT ( 'NONE',  ( -34.93144720612022525, -48.74329729351295981, -198.0052240917725328 ) ) ;
#3018 = CARTESIAN_POINT ( 'NONE',  ( -29.79081542544468419, -38.50080605067959993, -201.8089591166537957 ) ) ;
#3019 = CARTESIAN_POINT ( 'NONE',  ( 13.41566996812948354, 15.49999999999996803, -27.68654260951430501 ) ) ;
#3020 = CARTESIAN_POINT ( 'NONE',  ( 34.99999999999999289, -42.26803355772786830, -216.3246939377609976 ) ) ;
#3021 = CARTESIAN_POINT ( 'NONE',  ( -17.06201840009488180, -15.00327994369822449, -110.4349061084822523 ) ) ;
#3022 = ORIENTED_EDGE ( 'NONE', *, *, #4888, .T. ) ;
#3023 = CARTESIAN_POINT ( 'NONE',  ( 34.83248607287977450, -76.26264832448109132, -187.9889994501776016 ) ) ;
#3024 = ORIENTED_EDGE ( 'NONE', *, *, #3050, .T. ) ;
#3025 = ADVANCED_FACE ( 'NONE', ( #5595 ), #8392, .T. ) ;
#3026 = CARTESIAN_POINT ( 'NONE',  ( 34.99999999999999289, -85.66317863882392203, -195.2092639541992014 ) ) ;
#3027 = DIRECTION ( 'NONE',  ( -0.000000000000000000, 0.3420201433256680468, 0.9396926207859086499 ) ) ;
#3028 = CARTESIAN_POINT ( 'NONE',  ( -13.89897758704116271, 15.49999999999997335, -29.11440735774299071 ) ) ;
#3029 = CARTESIAN_POINT ( 'NONE',  ( 6.369835297884415048, 15.49999999999996980, -60.69104060754884955 ) ) ;
#3030 = CARTESIAN_POINT ( 'NONE',  ( -13.15676016843833374, 17.49999999999999645, -52.26656566201500453 ) ) ;
#3031 = AXIS2_PLACEMENT_3D ( 'NONE', #7960, #1694, #7261 ) ;
#3032 = ORIENTED_EDGE ( 'NONE', *, *, #5842, .F. ) ;
#3033 = CARTESIAN_POINT ( 'NONE',  ( -5.000000000000000000, -15.00000000000000000, -55.55000000000000426 ) ) ;
#3034 = CARTESIAN_POINT ( 'NONE',  ( -11.00000000000000000, -170.2684435961459712, -6.522560269672794675E-13 ) ) ;
#3035 = LINE ( 'NONE', #7685, #8202 ) ;
#3036 = ORIENTED_EDGE ( 'NONE', *, *, #574, .T. ) ;
#3037 = PLANE ( 'NONE',  #5457 ) ;
#3038 = CARTESIAN_POINT ( 'NONE',  ( -2.370661744665575554, -2.499999999999995115, -60.19999999999958362 ) ) ;
#3039 = VECTOR ( 'NONE', #1158, 1000.000000000000000 ) ;
#3040 = DIRECTION ( 'NONE',  ( 0.000000000000000000, 0.000000000000000000, -1.000000000000000000 ) ) ;
#3041 = VERTEX_POINT ( 'NONE', #888 ) ;
#3042 = VERTEX_POINT ( 'NONE', #7693 ) ;
#3043 = FACE_OUTER_BOUND ( 'NONE', #384, .T. ) ;
#3044 = ADVANCED_FACE ( 'NONE', ( #1444 ), #7104, .F. ) ;
#3045 = CARTESIAN_POINT ( 'NONE',  ( 7.690362494990196751, 10.49999999999996980, -56.66280906883890367 ) ) ;
#3046 = AXIS2_PLACEMENT_3D ( 'NONE', #983, #4504, #3094 ) ;
#3047 = CARTESIAN_POINT ( 'NONE',  ( -13.41970494997942254, 15.49999999999997868, -48.27297037578655647 ) ) ;
#3048 = DIRECTION ( 'NONE',  ( -0.3713906763542327849, -0.9284766908852076783, -0.000000000000000000 ) ) ;
#3049 =( NAMED_UNIT ( * ) SI_UNIT ( $, .STERADIAN. ) SOLID_ANGLE_UNIT ( ) );
#3050 = EDGE_CURVE ( 'NONE', #6711, #2772, #1633, .T. ) ;
#3051 = PLANE ( 'NONE',  #7134 ) ;
#3052 = B_SPLINE_CURVE_WITH_KNOTS ( 'NONE', 3,
 ( #251, #3179, #5831, #2315 ),
 .UNSPECIFIED., .F., .F.,
 ( 4, 4 ),
 ( 0.000000000000000000, 5.847878066045779805E-06 ),
 .UNSPECIFIED. ) ;
#3053 = CARTESIAN_POINT ( 'NONE',  ( 2.628826828018821615, 15.50000000000000178, -61.99999999999894840 ) ) ;
#3054 = DIRECTION ( 'NONE',  ( 0.000000000000000000, 0.9396926207859087610, -0.3420201433256677137 ) ) ;
#3055 = CARTESIAN_POINT ( 'NONE',  ( -11.13215248399870916, 10.49999999999997158, -49.03749588765010259 ) ) ;
#3056 = DIRECTION ( 'NONE',  ( 0.000000000000000000, 0.000000000000000000, 1.000000000000000000 ) ) ;
#3057 = CARTESIAN_POINT ( 'NONE',  ( -19.99999999999999645, -20.07818333825522572, -70.62745079770516554 ) ) ;
#3058 = CARTESIAN_POINT ( 'NONE',  ( -16.66180088549403138, -24.60614944768832046, -68.51220999636151987 ) ) ;
#3059 = CARTESIAN_POINT ( 'NONE',  ( -26.83915290360801009, -37.01072128662766403, -174.9699956748079899 ) ) ;
#3060 = CARTESIAN_POINT ( 'NONE',  ( -20.18557547073168124, -13.36113709650640224, -92.05242645858210437 ) ) ;
#3061 = CARTESIAN_POINT ( 'NONE',  ( -20.08151167771799450, -26.91779692480902497, -87.11820580500720723 ) ) ;
#3062 = B_SPLINE_SURFACE_WITH_KNOTS ( 'NONE', 3, 3, ( 
 ( #1605, #5657, #7769, #4195, #3657, #41, #7668, #7712, #2282 ),
 ( #5033, #82, #7028, #817, #8457, #4248, #2182, #5702, #5073 ),
 ( #1512, #221, #4342, #5616, #2333, #6342, #7121, #4933, #3601 ),
 ( #6983, #3559, #6389, #2827, #8411, #129, #8509, #6436, #5753 ),
 ( #2137, #770, #1467, #2236, #7169, #175, #908, #3699, #7816 ),
 ( #1558, #2972, #7865, #3021, #5118, #950, #7218, #7915, #1651 ),
 ( #1358, #2908, #8357, #6926, #8400, #3456, #5689, #3640, #1545 ) ),
 .UNSPECIFIED., .F., .F., .F.,
 ( 4, 1, 1, 1, 4 ),
 ( 4, 2, 3, 4 ),
 ( 0.5000000000000000000, 0.5787429378531073754, 0.6574858757062147507, 0.7362288135593220151, 0.8149717514124293904 ),
 ( 0.1022451910075078407, 0.6352806390833838357, 1.000000000000000000, 1.008977548089925014 ),
 .UNSPECIFIED. ) ;
#3063 = CARTESIAN_POINT ( 'NONE',  ( 12.52783472253294583, -2.499999999999995115, -43.29999102047114690 ) ) ;
#3064 = AXIS2_PLACEMENT_3D ( 'NONE', #2140, #4988, #7715 ) ;
#3065 = EDGE_LOOP ( 'NONE', ( #615, #7487, #5584, #6628, #3380, #6541 ) ) ;
#3066 = CARTESIAN_POINT ( 'NONE',  ( 13.49173079376398476, 16.29270733991821984, -26.79065173340493899 ) ) ;
#3067 = LINE ( 'NONE', #8564, #6597 ) ;
#3068 = EDGE_LOOP ( 'NONE', ( #8582, #5716, #8131, #1962 ) ) ;
#3069 = CARTESIAN_POINT ( 'NONE',  ( -11.06523017560652455, 11.41564086818845070, -27.97787005933927063 ) ) ;
#3070 = SECURITY_CLASSIFICATION ( '', '', #4760 ) ;
#3071 = CARTESIAN_POINT ( 'NONE',  ( -6.000000000000000000, 2.614672282429763239, 29.88584094275234904 ) ) ;
#3072 = CARTESIAN_POINT ( 'NONE',  ( -15.43939209603205320, -47.78870517415073493, -117.2222554140705739 ) ) ;
#3073 = CARTESIAN_POINT ( 'NONE',  ( -12.70032873947362795, 15.49999999999997335, -27.19713651056848036 ) ) ;
#3074 = EDGE_CURVE ( 'NONE', #4633, #3199, #2497, .T. ) ;
#3075 = CARTESIAN_POINT ( 'NONE',  ( 15.15334405827532827, 17.49999999999998579, -45.92628508196767001 ) ) ;
#3076 = ORIENTED_EDGE ( 'NONE', *, *, #2957, .F. ) ;
#3077 = CARTESIAN_POINT ( 'NONE',  ( 34.89378180208530011, -84.65638248513636199, -194.6643179923217417 ) ) ;
#3078 = CARTESIAN_POINT ( 'NONE',  ( 20.00000000000000355, -10.71209842115822042, -74.03745563572751109 ) ) ;
#3079 = B_SPLINE_CURVE_WITH_KNOTS ( 'NONE', 3,
 ( #2619, #4687, #4730, #3356, #7380, #2570, #8033, #5362 ),
 .UNSPECIFIED., .F., .F.,
 ( 4, 2, 2, 4 ),
 ( -5.999999998836840586E-08, 0.0007452488593639035016, 0.001490557718727795371, 0.002981175437455583013 ),
 .UNSPECIFIED. ) ;
#3080 = CARTESIAN_POINT ( 'NONE',  ( -11.09902400259675304, 17.50000000000000711, -56.55450994072860027 ) ) ;
#3081 = ORIENTED_EDGE ( 'NONE', *, *, #2885, .F. ) ;
#3082 = CARTESIAN_POINT ( 'NONE',  ( 18.31023221216920760, -7.179339666025840394, -75.36492547991538515 ) ) ;
#3083 = VECTOR ( 'NONE', #1127, 1000.000000000000000 ) ;
#3084 = PLANE ( 'NONE',  #5802 ) ;
#3085 = DIRECTION ( 'NONE',  ( -0.000000000000000000, 1.000000000000000000, -0.000000000000000000 ) ) ;
#3086 = EDGE_LOOP ( 'NONE', ( #8000, #8327, #739, #863, #5818, #7762 ) ) ;
#3087 = CARTESIAN_POINT ( 'NONE',  ( -14.06968660883345557, 15.50000000000000000, -30.08039358432019128 ) ) ;
#3088 = CARTESIAN_POINT ( 'NONE',  ( 13.16487463926924661, 15.50000000000000355, -50.05494491220996878 ) ) ;
#3089 = AXIS2_PLACEMENT_3D ( 'NONE', #5699, #949, #8507 ) ;
#3090 = CARTESIAN_POINT ( 'NONE',  ( -3.296400648128101629, 17.49999999999999645, -62.93342213198542368 ) ) ;
#3091 = CARTESIAN_POINT ( 'NONE',  ( -20.77364402574893276, -45.22139570643668804, -111.8279510823569325 ) ) ;
#3092 = CIRCLE ( 'NONE', #2373, 1.549999999999996714 ) ;
#3093 = CARTESIAN_POINT ( 'NONE',  ( -35.00000000000000711, -88.05731964210357887, -201.7871122997005955 ) ) ;
#3094 = DIRECTION ( 'NONE',  ( 0.000000000000000000, 0.000000000000000000, 1.000000000000000000 ) ) ;
#3095 = CARTESIAN_POINT ( 'NONE',  ( -7.238954652617879404, 15.50000000000000000, -59.79745434263416115 ) ) ;
#3096 = CARTESIAN_POINT ( 'NONE',  ( -7.500000000000000000, -2.499999999999998668, -5.549999999999998046 ) ) ;
#3097 = CARTESIAN_POINT ( 'NONE',  ( -7.012314090987387338, 2.041587961276565277, -59.26217425855467269 ) ) ;
#3098 = CARTESIAN_POINT ( 'NONE',  ( -10.05022618317706851, -32.49516034968972633, -85.08821153266544002 ) ) ;
#3099 = CARTESIAN_POINT ( 'NONE',  ( -20.42180390381910371, -24.66974054544370176, -126.1244288528980348 ) ) ;
#3100 = CARTESIAN_POINT ( 'NONE',  ( 11.26459425185865015, 10.49999999999997158, -49.43032706520034480 ) ) ;
#3101 = CIRCLE ( 'NONE', #2217, 1.999999999999994893 ) ;
#3102 = CARTESIAN_POINT ( 'NONE',  ( -5.000000000000000000, -2.499999999999998668, -54.00000000000000711 ) ) ;
#3103 = CARTESIAN_POINT ( 'NONE',  ( -20.00000000000001776, -28.64860471133512121, -105.4684140561660683 ) ) ;
#3104 = CARTESIAN_POINT ( 'NONE',  ( 7.500000000000000000, -2.499999999999998668, -2.450000000000004174 ) ) ;
#3105 = CARTESIAN_POINT ( 'NONE',  ( -33.31406485819106678, -40.37259747312415215, -209.0212731799254868 ) ) ;
#3106 = CARTESIAN_POINT ( 'NONE',  ( 34.97751801352249856, -41.95990187971197827, -215.1374129148621819 ) ) ;
#3107 = ORIENTED_EDGE ( 'NONE', *, *, #2652, .T. ) ;
#3108 = EDGE_CURVE ( 'NONE', #1160, #1093, #6550, .T. ) ;
#3109 = CARTESIAN_POINT ( 'NONE',  ( -35.00000000000000711, 5.000000000000000000, -24.00000000000000000 ) ) ;
#3110 = ORIENTED_EDGE ( 'NONE', *, *, #8213, .T. ) ;
#3111 = CARTESIAN_POINT ( 'NONE',  ( 12.69902323682850209, 15.50000000000000178, -26.55114509413395396 ) ) ;
#3112 = CARTESIAN_POINT ( 'NONE',  ( 6.022876196428829765, 17.49999999999999645, -62.08095406079890211 ) ) ;
#3113 = CARTESIAN_POINT ( 'NONE',  ( -24.59987211135285889, -64.39847922153933268, -152.0441498182562725 ) ) ;
#3114 = DIRECTION ( 'NONE',  ( -0.000000000000000000, -1.000000000000000000, 0.000000000000000000 ) ) ;
#3115 = CARTESIAN_POINT ( 'NONE',  ( 4.891152550354383344, 15.49999999999996447, -61.51932728625138935 ) ) ;
#3116 = ORIENTED_EDGE ( 'NONE', *, *, #1601, .T. ) ;
#3117 = CARTESIAN_POINT ( 'NONE',  ( 36.99999999999999289, -41.07268860280741762, -218.8881194659842322 ) ) ;
#3118 = CARTESIAN_POINT ( 'NONE',  ( -35.56220943703127091, -43.39602156744557249, -202.0243170388885119 ) ) ;
#3119 = CARTESIAN_POINT ( 'NONE',  ( 14.99564422985092449, -24.22798343324562609, -67.71762617409939367 ) ) ;
#3120 = CARTESIAN_POINT ( 'NONE',  ( -10.49201842872346369, 17.49999999999999645, -57.53486188338762730 ) ) ;
#3121 = ORIENTED_EDGE ( 'NONE', *, *, #3666, .F. ) ;
#3122 = FACE_BOUND ( 'NONE', #8009, .T. ) ;
#3123 = DIRECTION ( 'NONE',  ( -0.000000000000000000, 1.000000000000000000, -0.000000000000000000 ) ) ;
#3124 = AXIS2_PLACEMENT_3D ( 'NONE', #8944, #8182, #1788 ) ;
#3125 = CARTESIAN_POINT ( 'NONE',  ( -5.000000000000000000, -15.00000000000000000, -57.00000000000000000 ) ) ;
#3126 = ORIENTED_EDGE ( 'NONE', *, *, #1042, .F. ) ;
#3127 = CARTESIAN_POINT ( 'NONE',  ( -16.37571268625503151, 17.50000000000000000, -48.85920602824602810 ) ) ;
#3128 = ORIENTED_EDGE ( 'NONE', *, *, #7441, .F. ) ;
#3129 = CARTESIAN_POINT ( 'NONE',  ( -6.000000000000000000, 46.90830655305971675, -1.800125211048237972 ) ) ;
#3130 = CARTESIAN_POINT ( 'NONE',  ( 11.99721932144617220, 15.50000000000000355, -53.04876723719459619 ) ) ;
#3131 = CARTESIAN_POINT ( 'NONE',  ( -5.812168662140266839, 15.49999999999996980, -60.89219870705941418 ) ) ;
#3132 = CARTESIAN_POINT ( 'NONE',  ( -11.45693246137400223, 15.50000000000000178, -26.41141555626763804 ) ) ;
#3133 = CIRCLE ( 'NONE', #5606, 1.999999999999994893 ) ;
#3134 = CARTESIAN_POINT ( 'NONE',  ( -13.38209728837474799, 17.50000000000000711, -26.46550303880684751 ) ) ;
#3135 = CARTESIAN_POINT ( 'NONE',  ( -2.370659930354327205, 15.50000000000000178, -61.99999999999874944 ) ) ;
#3136 = CARTESIAN_POINT ( 'NONE',  ( 0.000000000000000000, -74.46983713084463830, -204.6041959474595160 ) ) ;
#3137 = CARTESIAN_POINT ( 'NONE',  ( -9.996291055344201482, -24.22710443528537994, -67.71577926683561088 ) ) ;
#3138 = CARTESIAN_POINT ( 'NONE',  ( 11.08645051015637506, 10.92486188229241328, -28.05944415996906827 ) ) ;
#3139 = CARTESIAN_POINT ( 'NONE',  ( -19.99999999999999645, -10.84567099018178737, -73.98781047989909609 ) ) ;
#3140 = CARTESIAN_POINT ( 'NONE',  ( 18.05529979410258079, -23.83996654127327730, -69.29231563206477063 ) ) ;
#3141 = CARTESIAN_POINT ( 'NONE',  ( 35.00000000000001421, -64.95257690594910116, -202.7473065187077168 ) ) ;
#3142 = CARTESIAN_POINT ( 'NONE',  ( 12.68753821584692254, 15.49999999999996803, -26.97019073186305604 ) ) ;
#3143 = EDGE_LOOP ( 'NONE', ( #657, #4574, #8999, #5461 ) ) ;
#3144 = ADVANCED_FACE ( 'NONE', ( #6600, #6640 ), #1806, .F. ) ;
#3145 = DIRECTION ( 'NONE',  ( -0.000000000000000000, 0.08715574274765881813, 0.9961946980917455452 ) ) ;
#3146 = ORIENTED_EDGE ( 'NONE', *, *, #7416, .T. ) ;
#3147 = CARTESIAN_POINT ( 'NONE',  ( 34.95503602704491897, -86.31902541336565093, -197.6925805485412297 ) ) ;
#3148 = CARTESIAN_POINT ( 'NONE',  ( 6.000000000000000000, 49.08720012175118796, 21.80474224124540328 ) ) ;
#3149 = CARTESIAN_POINT ( 'NONE',  ( -25.14413624822368476, -65.66462077515400608, -154.6885025181389608 ) ) ;
#3150 = EDGE_CURVE ( 'NONE', #6958, #1663, #5183, .T. ) ;
#3151 = DIRECTION ( 'NONE',  ( 0.000000000000000000, 0.000000000000000000, -1.000000000000000000 ) ) ;
#3152 = CARTESIAN_POINT ( 'NONE',  ( 15.32783472253181145, 17.50000000000000000, -43.29998848339158002 ) ) ;
#3153 = ORIENTED_EDGE ( 'NONE', *, *, #1069, .T. ) ;
#3154 = CARTESIAN_POINT ( 'NONE',  ( 34.82502717577808227, -81.62229096065553335, -190.6782958990626753 ) ) ;
#3155 = CARTESIAN_POINT ( 'NONE',  ( -32.22802183745853455, -40.14097283022933027, -208.3362402013424912 ) ) ;
#3156 = CARTESIAN_POINT ( 'NONE',  ( 20.17069249479916593, -29.53232535270861092, -78.86284841999632533 ) ) ;
#3157 = CARTESIAN_POINT ( 'NONE',  ( -11.48504479252127197, 17.49999999999999645, -55.86412108545081878 ) ) ;
#3158 = EDGE_CURVE ( 'NONE', #7829, #8061, #1674, .T. ) ;
#3159 = AXIS2_PLACEMENT_3D ( 'NONE', #4184, #4875, #6974 ) ;
#3160 = ORIENTED_EDGE ( 'NONE', *, *, #4295, .T. ) ;
#3161 = EDGE_CURVE ( 'NONE', #2621, #6193, #5912, .T. ) ;
#3162 = CYLINDRICAL_SURFACE ( 'NONE', #4291, 1.549999999999997158 ) ;
#3163 = CARTESIAN_POINT ( 'NONE',  ( -14.21431732940662940, 16.84709197871101694, -28.06252136377591810 ) ) ;
#3164 = VECTOR ( 'NONE', #3603, 1000.000000000000000 ) ;
#3165 = CARTESIAN_POINT ( 'NONE',  ( 16.52730879506398054, 17.49999999999999645, -49.24569879184144838 ) ) ;
#3166 = ORIENTED_EDGE ( 'NONE', *, *, #1996, .F. ) ;
#3167 = CARTESIAN_POINT ( 'NONE',  ( -15.89245916480023446, 17.50000000000000000, -50.55354528981317941 ) ) ;
#3168 = ORIENTED_EDGE ( 'NONE', *, *, #302, .F. ) ;
#3169 = DIRECTION ( 'NONE',  ( 0.000000000000000000, 0.9396926207859095381, 0.3420201433256655488 ) ) ;
#3170 = CARTESIAN_POINT ( 'NONE',  ( 5.707249507397505361, 15.50000000000000355, -61.11300264274123606 ) ) ;
#3171 = ORIENTED_EDGE ( 'NONE', *, *, #4588, .T. ) ;
#3172 = CARTESIAN_POINT ( 'NONE',  ( -11.44273125657686130, 15.50000000000000000, -26.40563577300271092 ) ) ;
#3173 = DIRECTION ( 'NONE',  ( -0.000000000000000000, 1.000000000000000000, -0.000000000000000000 ) ) ;
#3174 = EDGE_CURVE ( 'NONE', #7125, #5454, #5960, .T. ) ;
#3175 = CARTESIAN_POINT ( 'NONE',  ( -6.911319558061550516, -17.50000000000000000, -63.74905883987799626 ) ) ;
#3176 = CARTESIAN_POINT ( 'NONE',  ( -12.67475388988314045, 17.50000000000000000, -25.82102197895265405 ) ) ;
#3177 = CARTESIAN_POINT ( 'NONE',  ( -6.975627154768317517, 3.055194180445547136, -58.83145673278074383 ) ) ;
#3178 = CARTESIAN_POINT ( 'NONE',  ( -6.861258790610182956, 15.50000000000000711, -60.11965837600758533 ) ) ;
#3179 = CARTESIAN_POINT ( 'NONE',  ( -12.69897488463974966, 15.50000000000000533, -26.81183547977763126 ) ) ;
#3180 = EDGE_CURVE ( 'NONE', #6910, #810, #8747, .T. ) ;
#3181 = CARTESIAN_POINT ( 'NONE',  ( -9.999999999999996447, -24.79567195388976941, -68.91042536112453831 ) ) ;
#3182 = CARTESIAN_POINT ( 'NONE',  ( -34.46091077667097835, -38.29793817820562651, -201.0041431276165724 ) ) ;
#3183 = AXIS2_PLACEMENT_3D ( 'NONE', #5719, #1619, #2843 ) ;
#3184 = CARTESIAN_POINT ( 'NONE',  ( 34.99999999999999289, -88.05731964210357887, -201.7871122997005955 ) ) ;
#3185 = CARTESIAN_POINT ( 'NONE',  ( 10.89902404065906438, 10.99999999999997335, -27.43827831049553723 ) ) ;
#3186 = CARTESIAN_POINT ( 'NONE',  ( 34.92220486190145579, -83.57027260760430920, -195.9710194526806504 ) ) ;
#3187 = CARTESIAN_POINT ( 'NONE',  ( 34.99999999999999289, -42.26803355772786830, -216.3246939377609976 ) ) ;
#3188 = DIRECTION ( 'NONE',  ( 0.000000000000000000, 0.000000000000000000, 1.000000000000000000 ) ) ;
#3189 = DIRECTION ( 'NONE',  ( -0.000000000000000000, 1.000000000000000000, -0.000000000000000000 ) ) ;
#3190 = ORIENTED_EDGE ( 'NONE', *, *, #8521, .T. ) ;
#3191 = CARTESIAN_POINT ( 'NONE',  ( 34.97751801352245593, -86.84615238440856899, -198.8001538033350641 ) ) ;
#3192 = CARTESIAN_POINT ( 'NONE',  ( 7.102286874767352209, 17.50000000000000711, -61.39730390319957110 ) ) ;
#3193 = CARTESIAN_POINT ( 'NONE',  ( 20.82514383808904057, -18.70882660836225497, -124.7129747016793715 ) ) ;
#3194 = CARTESIAN_POINT ( 'NONE',  ( -20.97361091419679013, -50.41059516900224935, -122.7312416639284436 ) ) ;
#3195 = CIRCLE ( 'NONE', #8022, 165.2684435961459428 ) ;
#3196 = CARTESIAN_POINT ( 'NONE',  ( -1.689645392598170925, -2.507835412816912690, -66.15118573932274160 ) ) ;
#3197 = ORIENTED_EDGE ( 'NONE', *, *, #8025, .F. ) ;
#3198 = PRODUCT_DEFINITION_SHAPE ( 'NONE', 'NONE',  #9055 ) ;
#3199 = VERTEX_POINT ( 'NONE', #2444 ) ;
#3200 = CARTESIAN_POINT ( 'NONE',  ( 10.89905067253805271, -2.499999999999995115, -56.83004891504475609 ) ) ;
#3201 = AXIS2_PLACEMENT_3D ( 'NONE', #470, #5357, #1154 ) ;
#3202 = AXIS2_PLACEMENT_3D ( 'NONE', #5546, #8346, #2071 ) ;
#3203 = CARTESIAN_POINT ( 'NONE',  ( 15.40214951860605019, -46.22896438428030308, -113.9450048118984000 ) ) ;
#3204 = CARTESIAN_POINT ( 'NONE',  ( -13.53622994136040170, 17.50000000000000000, -51.28019123280564173 ) ) ;
#3205 = DIRECTION ( 'NONE',  ( -0.7071067811865444641, 0.2418447626479739987, -0.6644630243886784360 ) ) ;
#3206 = FACE_OUTER_BOUND ( 'NONE', #6895, .T. ) ;
#3207 = EDGE_CURVE ( 'NONE', #3895, #8907, #696, .T. ) ;
#3208 = CC_DESIGN_APPROVAL ( #6740, ( #7582 ) ) ;
#3209 = DIRECTION ( 'NONE',  ( 0.000000000000000000, -0.000000000000000000, -1.000000000000000000 ) ) ;
#3210 = B_SPLINE_CURVE_WITH_KNOTS ( 'NONE', 3,
 ( #5122, #2337, #7221, #4476 ),
 .UNSPECIFIED., .F., .F.,
 ( 4, 4 ),
 ( 0.000000000000000000, 0.7940093945098954942 ),
 .UNSPECIFIED. ) ;
#3211 = ORIENTED_EDGE ( 'NONE', *, *, #1814, .F. ) ;
#3212 = CARTESIAN_POINT ( 'NONE',  ( 11.30302104522391460, 10.85444150822984177, -28.27451596161818870 ) ) ;
#3213 = ORIENTED_EDGE ( 'NONE', *, *, #3006, .F. ) ;
#3214 = DIRECTION ( 'NONE',  ( -0.000000000000000000, -0.3420201433256636614, -0.9396926207859102043 ) ) ;
#3215 = CARTESIAN_POINT ( 'NONE',  ( 11.48255201395978986, 15.50000000000000711, -54.16867134675339912 ) ) ;
#3216 = ORIENTED_EDGE ( 'NONE', *, *, #2880, .T. ) ;
#3217 = CARTESIAN_POINT ( 'NONE',  ( -11.39854694340301755, 15.50000000000000711, -26.38766025941833604 ) ) ;
#3218 = CARTESIAN_POINT ( 'NONE',  ( 4.791020759035823140, -2.983827057639845570, -67.45896203529284207 ) ) ;
#3219 = CARTESIAN_POINT ( 'NONE',  ( -13.05624838232973239, 17.50000000000000000, -26.16860146144337662 ) ) ;
#3220 = CARTESIAN_POINT ( 'NONE',  ( -8.074441402137429336, 0.1842502732978188729, -58.70706116110538630 ) ) ;
#3221 = CARTESIAN_POINT ( 'NONE',  ( -2.869449758097800895, 15.50000000000000355, -61.97760338462091312 ) ) ;
#3222 = EDGE_LOOP ( 'NONE', ( #6897, #6619 ) ) ;
#3223 = CARTESIAN_POINT ( 'NONE',  ( 34.72382355168826251, -80.89787048455796992, -186.3019165546986073 ) ) ;
#3224 = CARTESIAN_POINT ( 'NONE',  ( 7.500000000000000000, -2.499999999999998668, -32.00000000000000000 ) ) ;
#3225 = ADVANCED_FACE ( 'NONE', ( #3043 ), #5224, .F. ) ;
#3226 = CC_DESIGN_PERSON_AND_ORGANIZATION_ASSIGNMENT ( #7087, #51, ( #8037 ) ) ;
#3227 = CARTESIAN_POINT ( 'NONE',  ( -11.78178111713966736, 10.89915096384263116, -28.90454355183707236 ) ) ;
#3228 = CARTESIAN_POINT ( 'NONE',  ( 2.205700842048649690, 0.1804199083606274068, -64.95383855639809667 ) ) ;
#3229 = DIRECTION ( 'NONE',  ( -0.000000000000000000, -1.000000000000000000, -0.000000000000000000 ) ) ;
#3230 = VECTOR ( 'NONE', #8769, 1000.000000000000000 ) ;
#3231 = CARTESIAN_POINT ( 'NONE',  ( 34.83248607287985266, -43.11806028892802090, -200.0526429221347087 ) ) ;
#3232 = CARTESIAN_POINT ( 'NONE',  ( 6.000000000000000000, 53.34209283689229153, -41.56676318060151942 ) ) ;
#3233 = ORIENTED_EDGE ( 'NONE', *, *, #8227, .F. ) ;
#3234 = CARTESIAN_POINT ( 'NONE',  ( 31.63372036219308470, -39.40835518807542570, -205.3058922301743223 ) ) ;
#3235 = CARTESIAN_POINT ( 'NONE',  ( 11.38224973306200916, 17.49999999999999645, -56.51512960517898421 ) ) ;
#3236 = DIRECTION ( 'NONE',  ( -0.000000000000000000, -1.000000000000000000, 0.000000000000000000 ) ) ;
#3237 = DATE_AND_TIME ( #2847, #435 ) ;
#3238 = CARTESIAN_POINT ( 'NONE',  ( 3.826753094821202961, 17.50000000000000000, -64.93433622679604866 ) ) ;
#3239 = CARTESIAN_POINT ( 'NONE',  ( -2.585786437626907297, 54.50982264883958095, -44.77507447095071313 ) ) ;
#3240 = ORIENTED_EDGE ( 'NONE', *, *, #1814, .T. ) ;
#3241 = EDGE_LOOP ( 'NONE', ( #1928, #5524, #6747, #323 ) ) ;
#3242 = CARTESIAN_POINT ( 'NONE',  ( -5.758385031490234951, 15.50000000000000000, -60.92684886078198758 ) ) ;
#3243 = CARTESIAN_POINT ( 'NONE',  ( 12.93883269203726449, 15.46093745109302908, -27.19985954657749261 ) ) ;
#3244 = CARTESIAN_POINT ( 'NONE',  ( 21.27902717252467468, -68.69877503459065338, -161.0164471617667061 ) ) ;
#3245 = CARTESIAN_POINT ( 'NONE',  ( -13.08252058730115053, 17.50000000000000355, -52.44654752239227236 ) ) ;
#3246 = DIRECTION ( 'NONE',  ( -0.000000000000000000, 1.000000000000000000, -0.000000000000000000 ) ) ;
#3247 = CARTESIAN_POINT ( 'NONE',  ( 11.14135815874792890, 11.60583561258154539, -27.29817917302532493 ) ) ;
#3248 = CALENDAR_DATE ( 2026, 29, 5 ) ;
#3249 = EDGE_CURVE ( 'NONE', #6910, #1223, #8311, .T. ) ;
#3250 = CARTESIAN_POINT ( 'NONE',  ( 17.05620901282320645, 17.50000000000000355, -46.69685236093137348 ) ) ;
#3251 = ORIENTED_EDGE ( 'NONE', *, *, #2958, .T. ) ;
#3252 = CARTESIAN_POINT ( 'NONE',  ( 26.70072261482066622, -36.92771636502997978, -174.6095913951731404 ) ) ;
#3253 = ORIENTED_EDGE ( 'NONE', *, *, #5158, .F. ) ;
#3254 = CARTESIAN_POINT ( 'NONE',  ( 13.79235667978124980, -17.50000000000000000, -56.27591310591728302 ) ) ;
#3255 = B_SPLINE_CURVE_WITH_KNOTS ( 'NONE', 3,
 ( #1205, #1984, #519, #9026, #4692, #4868 ),
 .UNSPECIFIED., .F., .F.,
 ( 4, 2, 4 ),
 ( 4.353977986780376723E-08, 0.001564959045417231706, 0.003129874551054595555 ),
 .UNSPECIFIED. ) ;
#3256 = CARTESIAN_POINT ( 'NONE',  ( -35.00000000000001421, -59.69035430670414399, -194.0208211861565246 ) ) ;
#3257 = ORIENTED_EDGE ( 'NONE', *, *, #8017, .F. ) ;
#3258 = EDGE_CURVE ( 'NONE', #8657, #176, #4631, .T. ) ;
#3259 = AXIS2_PLACEMENT_3D ( 'NONE', #8824, #546, #4674 ) ;
#3260 = CARTESIAN_POINT ( 'NONE',  ( -7.910121600822948018, -17.50000000000000000, -63.11161513386095834 ) ) ;
#3261 = CARTESIAN_POINT ( 'NONE',  ( -13.43721586579750849, 17.50000000000000711, -26.51669817834103782 ) ) ;
#3262 = EDGE_CURVE ( 'NONE', #4149, #7125, #3195, .T. ) ;
#3263 = CARTESIAN_POINT ( 'NONE',  ( -5.986562247144100013, 2.617721902402895928, -60.04322451053450749 ) ) ;
#3264 = CARTESIAN_POINT ( 'NONE',  ( -10.54123595564847982, 15.50000000000000000, -55.50889246257445109 ) ) ;
#3265 = ORIENTED_EDGE ( 'NONE', *, *, #6888, .T. ) ;
#3266 = B_SPLINE_CURVE_WITH_KNOTS ( 'NONE', 3,
 ( #4618, #6023, #6802, #8142, #1322, #4752, #2732, #1964, #3333, #2551, #2004, #4105, #5437, #9000, #7399, #1224, #3974, #2596, #5482, #1831, #3242, #1916, #6713, #4667, #8908, #4796, #6109, #8820, #7443, #1180, #8234, #6755, #1273, #499, #3287, #4710, #4017, #2643, #588, #7532, #3381, #5705, #1376, #83, #4892, #44, #7671, #680, #4296, #2874, #2097, #1420, #3517, #6942, #1514, #4845, #6257, #3602, #7770, #4198, #5658, #6306, #8458, #9051, #7031, #7079, #6986, #2831, #2053, #6344, #4151, #2782, #6391, #2183, #818, #4251, #730, #8369 ),
 .UNSPECIFIED., .F., .F.,
 ( 4, 2, 2, 2, 2, 2, 2, 2, 2, 2, 2, 2, 2, 2, 2, 2, 2, 2, 2, 2, 2, 2, 2, 2, 2, 2, 2, 2, 2, 2, 2, 2, 2, 2, 2, 2, 2, 2, 4 ),
 ( 0.000000000000000000, 0.01562500000000000000, 0.03125000000000000000, 0.04687500000000000000, 0.06250000000000000000, 0.07812500000000000000, 0.09375000000000000000, 0.1093750000000000139, 0.1250000000000000000, 0.1406250000000000000, 0.1562500000000000000, 0.1875000000000000000, 0.1953124999999999722, 0.2031250000000000000, 0.2187500000000000278, 0.2343750000000000000, 0.2500000000000000000, 0.2812500000000000000, 0.3125000000000000000, 0.3281250000000000000, 0.3437500000000000000, 0.3750000000000000000, 0.4062500000000000000, 0.4375000000000000555, 0.4687500000000000000, 0.5000000000000000000, 0.5312500000000000000, 0.5468749999999998890, 0.5625000000000000000, 0.5781250000000000000, 0.5937500000000000000, 0.6250000000000000000, 0.6875000000000000000, 0.7500000000000000000, 0.7812499999999998890, 0.8125000000000000000, 0.8750000000000001110, 0.9375000000000000000, 1.000000000000000000 ),
 .UNSPECIFIED. ) ;
#3267 = DIRECTION ( 'NONE',  ( -1.000000000000000000, 0.000000000000000000, 0.000000000000000000 ) ) ;
#3268 = CARTESIAN_POINT ( 'NONE',  ( 8.377309430520211819, 10.49999999999997158, -55.68307845118590649 ) ) ;
#3269 = AXIS2_PLACEMENT_3D ( 'NONE', #4997, #5715, #6313 ) ;
#3270 = CIRCLE ( 'NONE', #6038, 5.000000000000000888 ) ;
#3271 = EDGE_CURVE ( 'NONE', #6364, #880, #7711, .T. ) ;
#3272 = CARTESIAN_POINT ( 'NONE',  ( -11.00000000000000000, 13.13406198477825093, 26.22817453002328136 ) ) ;
#3273 = CARTESIAN_POINT ( 'NONE',  ( 10.70162047829788676, 10.49999999999996625, -28.17620713353152695 ) ) ;
#3274 = CARTESIAN_POINT ( 'NONE',  ( 34.93144720612030341, -48.74329729351309481, -198.0052240917729023 ) ) ;
#3275 = DIRECTION ( 'NONE',  ( 0.000000000000000000, 0.08715574274766617335, 0.9961946980917447680 ) ) ;
#3276 = VERTEX_POINT ( 'NONE', #8966 ) ;
#3277 = FACE_OUTER_BOUND ( 'NONE', #7183, .T. ) ;
#3278 = ORIENTED_EDGE ( 'NONE', *, *, #6602, .T. ) ;
#3279 = CARTESIAN_POINT ( 'NONE',  ( -10.58094752618974432, 17.50000000000000000, -60.75468418137815263 ) ) ;
#3280 = CARTESIAN_POINT ( 'NONE',  ( 8.761002268109431057, 17.49999999999999645, -59.98250194723758000 ) ) ;
#3281 = CARTESIAN_POINT ( 'NONE',  ( 20.85095684993649101, -19.09248842311306049, -126.1912855160129112 ) ) ;
#3282 = CARTESIAN_POINT ( 'NONE',  ( 7.258775573543962523, 17.50000000000000355, -61.28194744917441739 ) ) ;
#3283 = EDGE_CURVE ( 'NONE', #7545, #5997, #4722, .T. ) ;
#3284 = CARTESIAN_POINT ( 'NONE',  ( 10.89902407079265600, 10.99859783456509632, -27.47153468017368994 ) ) ;
#3285 = ORIENTED_EDGE ( 'NONE', *, *, #288, .F. ) ;
#3286 = ORIENTED_EDGE ( 'NONE', *, *, #6122, .T. ) ;
#3287 = CARTESIAN_POINT ( 'NONE',  ( -7.954772100445993921, 15.50000000000000000, -59.11699281874611955 ) ) ;
#3288 = EDGE_CURVE ( 'NONE', #954, #7045, #8248, .T. ) ;
#3289 = CARTESIAN_POINT ( 'NONE',  ( 29.81753050518864256, -81.05602634669642725, -186.6277681551372609 ) ) ;
#3290 = CARTESIAN_POINT ( 'NONE',  ( 14.32781650878959923, 15.50000000000000000, -43.79883375831320080 ) ) ;
#3291 = CARTESIAN_POINT ( 'NONE',  ( -6.476145472815308501, 15.49999999999996980, -60.42461527387829534 ) ) ;
#3292 = DIRECTION ( 'NONE',  ( 0.000000000000000000, 0.3420201433256637169, 0.9396926207859103153 ) ) ;
#3293 = CARTESIAN_POINT ( 'NONE',  ( 14.69902411712055823, 17.50000000000000000, -27.52266191701826514 ) ) ;
#3294 = APPROVAL_DATE_TIME ( #8286, #5799 ) ;
#3295 = CARTESIAN_POINT ( 'NONE',  ( 16.31638457554096533, 17.50000000000000000, -50.00246167152993593 ) ) ;
#3296 = EDGE_LOOP ( 'NONE', ( #7521, #2138, #6460, #7271, #7457, #2703 ) ) ;
#3297 = CARTESIAN_POINT ( 'NONE',  ( -15.61209526211291276, -50.79054211975908117, -123.5284141742279047 ) ) ;
#3298 = ORIENTED_EDGE ( 'NONE', *, *, #8761, .T. ) ;
#3299 = CARTESIAN_POINT ( 'NONE',  ( 14.55793549357921002, -17.50000000000000000, -54.67832518146288123 ) ) ;
#3300 = CARTESIAN_POINT ( 'NONE',  ( -35.00000000000001421, -63.20511211373726468, -198.0624428261214405 ) ) ;
#3301 = CARTESIAN_POINT ( 'NONE',  ( 25.35060566623835854, -41.76212544126090620, -174.8871985991722795 ) ) ;
#3302 = VERTEX_POINT ( 'NONE', #8922 ) ;
#3303 =( LENGTH_UNIT ( ) NAMED_UNIT ( * ) SI_UNIT ( .MILLI., .METRE. ) );
#3304 = CARTESIAN_POINT ( 'NONE',  ( -14.94452078760406444, 17.49999999999999289, -29.16499604122810396 ) ) ;
#3305 = CARTESIAN_POINT ( 'NONE',  ( 6.000000000000000000, 54.71017341019496172, -45.32553366374518333 ) ) ;
#3306 = CARTESIAN_POINT ( 'NONE',  ( -10.42216820841147396, 15.50000000000000355, -55.72495641005084366 ) ) ;
#3307 = EDGE_CURVE ( 'NONE', #633, #4068, #4163, .T. ) ;
#3308 = EDGE_LOOP ( 'NONE', ( #8002, #1482, #7647, #4075 ) ) ;
#3309 = CARTESIAN_POINT ( 'NONE',  ( 32.05784602690698648, -82.89273676331816887, -190.4934314242067614 ) ) ;
#3310 = DIRECTION ( 'NONE',  ( -0.000000000000000000, 1.000000000000000000, -0.000000000000000000 ) ) ;
#3311 = CARTESIAN_POINT ( 'NONE',  ( 12.23914284265695507, 10.49999999999996803, -29.67874209600300262 ) ) ;
#3312 = FACE_OUTER_BOUND ( 'NONE', #7511, .T. ) ;
#3313 = LINE ( 'NONE', #5471, #8463 ) ;
#3314 = VECTOR ( 'NONE', #5002, 1000.000000000000000 ) ;
#3315 = CARTESIAN_POINT ( 'NONE',  ( -10.09315175117566632, -0.06582301656012663760, -59.63050327457144562 ) ) ;
#3316 = CARTESIAN_POINT ( 'NONE',  ( 7.236760203178726591, 15.49999999999996980, -60.02242288312349672 ) ) ;
#3317 = B_SPLINE_CURVE_WITH_KNOTS ( 'NONE', 3,
 ( #5847, #2383, #315, #3111 ),
 .UNSPECIFIED., .F., .F.,
 ( 4, 4 ),
 ( 0.000000000000000000, 2.077088999131057422E-05 ),
 .UNSPECIFIED. ) ;
#3318 = DIRECTION ( 'NONE',  ( 1.000000000000000000, -0.000000000000000000, -0.000000000000000000 ) ) ;
#3319 = ORIENTED_EDGE ( 'NONE', *, *, #697, .T. ) ;
#3320 = CARTESIAN_POINT ( 'NONE',  ( -14.99999999999999822, -24.79567195388979073, -68.91042536112450989 ) ) ;
#3321 = CARTESIAN_POINT ( 'NONE',  ( 20.00000000000000355, -24.79567195388979073, -68.91042536112450989 ) ) ;
#3322 = CARTESIAN_POINT ( 'NONE',  ( 10.06584387738357300, 17.49999999999998934, -58.49773583038742686 ) ) ;
#3323 = VECTOR ( 'NONE', #4388, 1000.000000000000000 ) ;
#3324 = LINE ( 'NONE', #6837, #6167 ) ;
#3325 = EDGE_CURVE ( 'NONE', #1149, #7829, #2331, .T. ) ;
#3326 = APPROVAL_DATE_TIME ( #1218, #7933 ) ;
#3327 = CARTESIAN_POINT ( 'NONE',  ( 6.665567939240924389, 17.50000000000000000, -61.69901380129660140 ) ) ;
#3328 = CARTESIAN_POINT ( 'NONE',  ( 14.14175019002798628, 17.49999999999999645, -26.99410093158527602 ) ) ;
#3329 = ADVANCED_FACE ( 'NONE', ( #1340 ), #6627, .T. ) ;
#3330 = CC_DESIGN_PERSON_AND_ORGANIZATION_ASSIGNMENT ( #5566, #4884, ( #1759 ) ) ;
#3331 = EDGE_LOOP ( 'NONE', ( #5311, #413, #6668, #4496, #1737 ) ) ;
#3332 = ORIENTED_EDGE ( 'NONE', *, *, #3288, .F. ) ;
#3333 = CARTESIAN_POINT ( 'NONE',  ( -3.722290037634864657, 15.50000000000000355, -61.82938181594620630 ) ) ;
#3334 = CARTESIAN_POINT ( 'NONE',  ( 7.500000000000000000, -2.499999999999998668, -30.54999999999999716 ) ) ;
#3335 = CARTESIAN_POINT ( 'NONE',  ( 30.80137401096024519, -71.24111164028157361, -177.7034403328242433 ) ) ;
#3336 = CARTESIAN_POINT ( 'NONE',  ( 11.37548416987369393, 15.50000000000000000, -54.39052725411490741 ) ) ;
#3337 = AXIS2_PLACEMENT_3D ( 'NONE', #6996, #2842, #1618 ) ;
#3338 = CARTESIAN_POINT ( 'NONE',  ( -3.261188926559253076, 15.49999999999996447, -61.92648531276527279 ) ) ;
#3339 = DIRECTION ( 'NONE',  ( 1.000000000000000000, -0.000000000000000000, 0.000000000000000000 ) ) ;
#3340 = CARTESIAN_POINT ( 'NONE',  ( 12.08134650008588018, 13.95580753428654042, -26.82654843007633261 ) ) ;
#3341 = EDGE_CURVE ( 'NONE', #3199, #5140, #9036, .T. ) ;
#3342 = COORDINATED_UNIVERSAL_TIME_OFFSET ( 8, 0, .AHEAD. ) ;
#3343 = APPROVAL ( #8453, 'ๆช' ) ;
#3344 = CARTESIAN_POINT ( 'NONE',  ( 8.873386549108406740, 17.50000000000000000, -62.56319111026806468 ) ) ;
#3345 = EDGE_LOOP ( 'NONE', ( #1517, #3675 ) ) ;
#3346 = CARTESIAN_POINT ( 'NONE',  ( -15.42450954798305673, -47.24851248436907269, -116.0872291139485668 ) ) ;
#3347 = AXIS2_PLACEMENT_3D ( 'NONE', #557, #8207, #3353 ) ;
#3348 = AXIS2_PLACEMENT_3D ( 'NONE', #4783, #7518, #3365 ) ;
#3349 = CARTESIAN_POINT ( 'NONE',  ( 8.662094259654159245, -17.50000000000000000, -62.73959848911733417 ) ) ;
#3350 = CARTESIAN_POINT ( 'NONE',  ( -34.98687346096904349, -65.09601845801020659, -192.0533203386413845 ) ) ;
#3351 = CARTESIAN_POINT ( 'NONE',  ( 34.76661458570440999, -40.07405350717412063, -201.1605707835974499 ) ) ;
#3352 = VERTEX_POINT ( 'NONE', #1975 ) ;
#3353 = DIRECTION ( 'NONE',  ( -1.103968720524364007E-16, -0.9961946980917446570, 0.08715574274766875462 ) ) ;
#3354 = SECURITY_CLASSIFICATION ( '', '', #8917 ) ;
#3355 = CARTESIAN_POINT ( 'NONE',  ( -12.25559820156989943, 15.49999999999997513, -26.79194220443490693 ) ) ;
#3356 = CARTESIAN_POINT ( 'NONE',  ( -14.26399389628261005, 16.90036106770556756, -28.12442168399982734 ) ) ;
#3357 = CARTESIAN_POINT ( 'NONE',  ( -8.770887374483692156, 15.50000000000000355, -58.19465101660725992 ) ) ;
#3358 = ORIENTED_EDGE ( 'NONE', *, *, #3161, .T. ) ;
#3359 = CARTESIAN_POINT ( 'NONE',  ( -7.852855058992309623, 7.165311488705776277, 29.48771160040658756 ) ) ;
#3360 = EDGE_CURVE ( 'NONE', #8023, #8179, #4671, .T. ) ;
#3361 = CARTESIAN_POINT ( 'NONE',  ( -4.641841153668864628, 17.49999999999999289, -62.59004549530851591 ) ) ;
#3362 = PLANE ( 'NONE',  #716 ) ;
#3363 = CARTESIAN_POINT ( 'NONE',  ( 11.03626468771316382, 10.49999999999996803, -28.29528766862819822 ) ) ;
#3364 = CARTESIAN_POINT ( 'NONE',  ( -25.30209050732382181, -35.29682366397978655, -189.1266149057194923 ) ) ;
#3365 = DIRECTION ( 'NONE',  ( 0.000000000000000000, -0.9396926207859087610, 0.3420201433256677692 ) ) ;
#3366 = CARTESIAN_POINT ( 'NONE',  ( 12.29896438905439382, 15.49999999999996625, -52.35020117483519897 ) ) ;
#3367 = ORIENTED_EDGE ( 'NONE', *, *, #8354, .F. ) ;
#3368 = DIRECTION ( 'NONE',  ( -1.000000000000000000, 0.000000000000000000, -0.000000000000000000 ) ) ;
#3369 = EDGE_LOOP ( 'NONE', ( #4432, #230, #3876, #4128 ) ) ;
#3370 = DIRECTION ( 'NONE',  ( -0.000000000000000000, 1.000000000000000000, -0.000000000000000000 ) ) ;
#3371 = CIRCLE ( 'NONE', #8195, 5.000000000000001776 ) ;
#3372 = CARTESIAN_POINT ( 'NONE',  ( 29.71611963989839822, -38.48494773722828199, -201.7478544787368548 ) ) ;
#3373 = CARTESIAN_POINT ( 'NONE',  ( 8.181890400322787471, 17.49999999999999289, -60.52696604867618646 ) ) ;
#3374 = CARTESIAN_POINT ( 'NONE',  ( 19.98442666669599532, -5.663688625636924989, -74.44795531858488857 ) ) ;
#3375 = CARTESIAN_POINT ( 'NONE',  ( 8.662094259654159245, 17.50000000000000000, -62.73959848911733417 ) ) ;
#3376 = PLANE ( 'NONE',  #7451 ) ;
#3377 = CARTESIAN_POINT ( 'NONE',  ( 15.19039103232396748, 17.49999999999999645, -29.10692881298640700 ) ) ;
#3378 = ADVANCED_FACE ( 'NONE', ( #3482 ), #5000, .F. ) ;
#3379 = VERTEX_POINT ( 'NONE', #2153 ) ;
#3380 = ORIENTED_EDGE ( 'NONE', *, *, #771, .T. ) ;
#3381 = CARTESIAN_POINT ( 'NONE',  ( -9.000644284903009051, 15.50000000000000178, -57.90419186249626904 ) ) ;
#3382 = FACE_BOUND ( 'NONE', #8598, .T. ) ;
#3383 = B_SPLINE_CURVE_WITH_KNOTS ( 'NONE', 3,
 ( #5734, #5874, #4373, #5781, #938, #893, #4325, #2365, #5920, #205, #1589, #7291, #5060, #249, #8544, #7798, #3773, #5191, #1028, #5101 ),
 .UNSPECIFIED., .F., .F.,
 ( 4, 2, 2, 2, 2, 2, 2, 2, 2, 4 ),
 ( 5.003707553108401830E-17, 0.0004207992092380220578, 0.0008415984184759941339, 0.001683196836951995857, 0.002524795255427997147, 0.003366393673903999087, 0.005049590510856082765, 0.006732787347808166442, 0.01009918102171233380, 0.01346557469561650115 ),
 .UNSPECIFIED. ) ;
#3384 = CARTESIAN_POINT ( 'NONE',  ( 20.86064723394595077, -47.43628237894765931, -116.4817619774049291 ) ) ;
#3385 = CARTESIAN_POINT ( 'NONE',  ( 11.15592196688480797, 15.50000000000000355, -54.83145004790829802 ) ) ;
#3386 = VECTOR ( 'NONE', #3717, 1000.000000000000000 ) ;
#3387 = CARTESIAN_POINT ( 'NONE',  ( 0.000000000000000000, 3.234777356430490691, 24.81248959086564909 ) ) ;
#3388 = CARTESIAN_POINT ( 'NONE',  ( 9.436317134259621042, 0.1661073576876854474, -59.47540822834199759 ) ) ;
#3389 = LINE ( 'NONE', #2604, #5031 ) ;
#3390 = APPROVAL_ROLE ( '' ) ;
#3391 = CARTESIAN_POINT ( 'NONE',  ( 8.091233308140953540, 17.50000000000000000, -63.14953452721540117 ) ) ;
#3392 = ORIENTED_EDGE ( 'NONE', *, *, #608, .F. ) ;
#3393 = CARTESIAN_POINT ( 'NONE',  ( -15.41224798084168768, -46.65765237866338566, -114.8457429325271164 ) ) ;
#3394 = ORIENTED_EDGE ( 'NONE', *, *, #8513, .T. ) ;
#3395 = DIRECTION ( 'NONE',  ( -0.000000000000000000, -1.000000000000000000, -0.000000000000000000 ) ) ;
#3396 = CARTESIAN_POINT ( 'NONE',  ( -34.90794118389603540, -41.00630174810142847, -211.4630378977095972 ) ) ;
#3397 = CARTESIAN_POINT ( 'NONE',  ( 20.82794399698342147, -55.17576995143550533, -142.5329070836924927 ) ) ;
#3398 = ORIENTED_EDGE ( 'NONE', *, *, #8426, .T. ) ;
#3399 = APPROVAL_DATE_TIME ( #1292, #4010 ) ;
#3400 = AXIS2_PLACEMENT_3D ( 'NONE', #4741, #488, #1169 ) ;
#3401 = CARTESIAN_POINT ( 'NONE',  ( -14.57362395752930873, 17.50000000000001066, -28.08268275314395268 ) ) ;
#3402 = DIRECTION ( 'NONE',  ( 0.000000000000000000, -0.000000000000000000, -1.000000000000000000 ) ) ;
#3403 = CARTESIAN_POINT ( 'NONE',  ( -11.36964360600237356, 15.50000000000000178, -53.86007414887984623 ) ) ;
#3404 = ORIENTED_EDGE ( 'NONE', *, *, #101, .T. ) ;
#3405 = CARTESIAN_POINT ( 'NONE',  ( 30.27423630202095595, -81.26288710127947468, -187.0688715094723307 ) ) ;
#3406 = CARTESIAN_POINT ( 'NONE',  ( -5.195375312541339774, 17.50000000000000711, -62.36462394534088816 ) ) ;
#3407 = AXIS2_PLACEMENT_3D ( 'NONE', #8147, #2692, #4111 ) ;
#3408 = CARTESIAN_POINT ( 'NONE',  ( 10.68028735290047138, 10.49999999999996803, -28.17047960404762108 ) ) ;
#3409 = CARTESIAN_POINT ( 'NONE',  ( -17.51393618564474863, -24.17638929177449469, -69.15527609956346566 ) ) ;
#3410 = CARTESIAN_POINT ( 'NONE',  ( -11.00000000000000000, -170.2684435961459712, -6.522560269672794675E-13 ) ) ;
#3411 = CARTESIAN_POINT ( 'NONE',  ( -7.101034067385288751, 10.92262745371281163, -57.34869793097297475 ) ) ;
#3412 = AXIS2_PLACEMENT_3D ( 'NONE', #1672, #8021, #1712 ) ;
#3413 = CARTESIAN_POINT ( 'NONE',  ( 6.708978204176340832, 15.49999999999997335, -60.44388883946213298 ) ) ;
#3414 = DIRECTION ( 'NONE',  ( -0.7071067811865463515, -0.7044160264027597984, 0.06162841671622016487 ) ) ;
#3415 = EDGE_LOOP ( 'NONE', ( #5386, #2731, #6394, #5448 ) ) ;
#3416 = CARTESIAN_POINT ( 'NONE',  ( 30.01721686789808530, -38.58175785025800053, -202.1208794489866136 ) ) ;
#3417 = CARTESIAN_POINT ( 'NONE',  ( 23.12538325175381004, -26.89475432372311303, -156.3188752828857560 ) ) ;
#3418 = TOROIDAL_SURFACE ( 'NONE', #793, 10.00000000000000000, 5.000000000000000000 ) ;
#3419 = LINE ( 'NONE', #5567, #4543 ) ;
#3420 = CARTESIAN_POINT ( 'NONE',  ( 14.97552417791086299, 17.49999999999999645, -28.41459082631657296 ) ) ;
#3421 = DIRECTION ( 'NONE',  ( -1.000000000000000000, 0.000000000000000000, -3.747383971338125757E-13 ) ) ;
#3422 = EDGE_CURVE ( 'NONE', #5259, #7556, #959, .T. ) ;
#3423 = CARTESIAN_POINT ( 'NONE',  ( -34.61737662960935324, -80.75921771355142198, -186.0162475524342653 ) ) ;
#3424 = ORIENTED_EDGE ( 'NONE', *, *, #8664, .F. ) ;
#3425 = CARTESIAN_POINT ( 'NONE',  ( 1.433419464210148986, -0.3169060858992192586, -65.35375267892331408 ) ) ;
#3426 = CYLINDRICAL_SURFACE ( 'NONE', #3891, 2.999999999999999112 ) ;
#3427 = CARTESIAN_POINT ( 'NONE',  ( 34.15051860907776415, -80.18120137342685894, -184.8253792996630978 ) ) ;
#3428 = CARTESIAN_POINT ( 'NONE',  ( -2.895960177027206761, 17.50000000000000000, -62.99999591641775254 ) ) ;
#3429 = CARTESIAN_POINT ( 'NONE',  ( -5.098301960948125711, 15.49999999999997691, -61.30191282015929488 ) ) ;
#3430 = EDGE_CURVE ( 'NONE', #8829, #8088, #830, .T. ) ;
#3431 = LINE ( 'NONE', #4803, #5597 ) ;
#3432 = CARTESIAN_POINT ( 'NONE',  ( 17.22220093759327852, 17.50000000000000000, -45.67085113190385215 ) ) ;
#3433 = CARTESIAN_POINT ( 'NONE',  ( -13.15413149123005176, 15.50000000000000000, -27.68005620166777803 ) ) ;
#3434 = ITEM_DEFINED_TRANSFORMATION ( 'NONE', 'NONE', #6557,  #6410 ) ;
#3435 = CARTESIAN_POINT ( 'NONE',  ( 6.232294940922784576, 17.50000000000000355, -64.20715042649503346 ) ) ;
#3436 = ORIENTED_EDGE ( 'NONE', *, *, #8521, .F. ) ;
#3437 = CARTESIAN_POINT ( 'NONE',  ( -19.94293440714035270, -66.02619955482896330, -155.4429609742082334 ) ) ;
#3438 = ORIENTED_EDGE ( 'NONE', *, *, #2115, .F. ) ;
#3439 = CARTESIAN_POINT ( 'NONE',  ( 4.998528156887899421, -17.50000000000000000, -64.66485941262399706 ) ) ;
#3440 = PERSON ( 'NAUO-PER1', 'UNSPECIFIED', 'UNSPECIFIED', ('UNSPECIFIED'), ('UNSPECIFIED'), ('UNSPECIFIED') ) ;
#3441 = CARTESIAN_POINT ( 'NONE',  ( -35.00000000000005684, -76.49592336701775253, -203.8667608654361061 ) ) ;
#3442 = CARTESIAN_POINT ( 'NONE',  ( 34.93144720612029630, -70.63741131989557687, -190.0364182805395217 ) ) ;
#3443 = ORIENTED_EDGE ( 'NONE', *, *, #4603, .F. ) ;
#3444 = DIRECTION ( 'NONE',  ( -1.816761837155937060E-16, 0.9961946980917454342, -0.08715574274765960916 ) ) ;
#3445 = CARTESIAN_POINT ( 'NONE',  ( 14.31080680964057450, 17.50000000000000000, -49.73152701459474656 ) ) ;
#3446 = CARTESIAN_POINT ( 'NONE',  ( -12.38276303238542297, 15.49999999999996980, -26.90780203193180498 ) ) ;
#3447 = DIRECTION ( 'NONE',  ( 0.000000000000000000, 0.000000000000000000, 1.000000000000000000 ) ) ;
#3448 = CARTESIAN_POINT ( 'NONE',  ( -14.04794579979886748, 15.50000000000000355, -44.29363444000520644 ) ) ;
#3449 = ORIENTED_EDGE ( 'NONE', *, *, #8441, .F. ) ;
#3450 = CARTESIAN_POINT ( 'NONE',  ( -12.26968371309525985, -2.499999999999995115, -56.83007165971901031 ) ) ;
#3451 = CIRCLE ( 'NONE', #8580, 1.000000000000000888 ) ;
#3452 = CARTESIAN_POINT ( 'NONE',  ( 10.70639472183938778, 10.49999999999996803, -28.17749994286097603 ) ) ;
#3453 = CARTESIAN_POINT ( 'NONE',  ( -15.48619206666371362, -20.16060260754067457, -130.3071277508130379 ) ) ;
#3454 = CARTESIAN_POINT ( 'NONE',  ( -4.053295905709584090, 10.89532675436992371, -59.76618884712139845 ) ) ;
#3455 = VECTOR ( 'NONE', #6310, 1000.000000000000000 ) ;
#3456 = CARTESIAN_POINT ( 'NONE',  ( -19.99999999999999645, -6.001819538171616841, -75.75082822763783952 ) ) ;
#3457 = CARTESIAN_POINT ( 'NONE',  ( 12.19896751465378415, 15.49999999999996625, -52.58580539211016713 ) ) ;
#3458 = CARTESIAN_POINT ( 'NONE',  ( -20.34994017818602074, -22.75596010173627093, -118.9318027215801692 ) ) ;
#3459 = CARTESIAN_POINT ( 'NONE',  ( 7.852835412514453495, 7.165339061980499302, 29.48770918805763941 ) ) ;
#3460 = ORIENTED_EDGE ( 'NONE', *, *, #7543, .T. ) ;
#3461 = CARTESIAN_POINT ( 'NONE',  ( -8.121709479335834203, 17.50000000000000000, -60.34698001391177513 ) ) ;
#3462 = CARTESIAN_POINT ( 'NONE',  ( 29.08206925064252957, -39.03654357765164917, -183.3873276059857744 ) ) ;
#3463 = PERSON_AND_ORGANIZATION ( #5299, #8168 ) ;
#3464 = VECTOR ( 'NONE', #6279, 999.9999999999998863 ) ;
#3465 = PLANE ( 'NONE',  #1035 ) ;
#3466 = CARTESIAN_POINT ( 'NONE',  ( 13.40221001815366542, 17.50000000000000355, -26.26039569903375082 ) ) ;
#3467 = FACE_OUTER_BOUND ( 'NONE', #5638, .T. ) ;
#3468 = ORIENTED_EDGE ( 'NONE', *, *, #1195, .F. ) ;
#3469 = PLANE ( 'NONE',  #3064 ) ;
#3470 = CARTESIAN_POINT ( 'NONE',  ( 11.87368396576168728, -2.499999999999998668, -28.96147008295792702 ) ) ;
#3471 = CARTESIAN_POINT ( 'NONE',  ( -30.08284983775123678, -81.11581401549391046, -186.7598487782054804 ) ) ;
#3472 = AXIS2_PLACEMENT_3D ( 'NONE', #6238, #4824, #3544 ) ;
#3473 = CARTESIAN_POINT ( 'NONE',  ( 13.16487463926924661, 15.50000000000000355, -50.05494491220996878 ) ) ;
#3474 = CARTESIAN_POINT ( 'NONE',  ( -14.40304683027898136, 16.16666666666665009, -30.30001091256035295 ) ) ;
#3475 = CARTESIAN_POINT ( 'NONE',  ( 15.26070556080491336, 17.50000000000000000, -53.04641185786098134 ) ) ;
#3476 = CARTESIAN_POINT ( 'NONE',  ( -11.57441335513020775, 15.50000000000000000, -26.46144775678688887 ) ) ;
#3477 = CALENDAR_DATE ( 2026, 29, 5 ) ;
#3478 = CARTESIAN_POINT ( 'NONE',  ( 10.83723865070905923, 17.50000000000000355, -60.71265411148244340 ) ) ;
#3479 = EDGE_LOOP ( 'NONE', ( #3800, #6305, #1785, #4027 ) ) ;
#3480 = CARTESIAN_POINT ( 'NONE',  ( 7.500000000000000000, -15.00000000000000000, -7.000000000000000888 ) ) ;
#3481 = VERTEX_POINT ( 'NONE', #56 ) ;
#3482 = FACE_OUTER_BOUND ( 'NONE', #2729, .T. ) ;
#3483 = CARTESIAN_POINT ( 'NONE',  ( -10.69899917883907925, -2.499999999999998668, 6.952378215225159741E-13 ) ) ;
#3484 = AXIS2_PLACEMENT_3D ( 'NONE', #7335, #1077, #391 ) ;
#3485 = CARTESIAN_POINT ( 'NONE',  ( 7.500000000000000000, -17.50000000000000000, -4.000000000000000888 ) ) ;
#3486 = VERTEX_POINT ( 'NONE', #7879 ) ;
#3487 = PERSON_AND_ORGANIZATION ( #5299, #8168 ) ;
#3488 = EDGE_CURVE ( 'NONE', #1223, #5540, #7, .T. ) ;
#3489 = CARTESIAN_POINT ( 'NONE',  ( -2.370661744665654602, 15.50000000000000178, -61.99999999999958078 ) ) ;
#3490 = CIRCLE ( 'NONE', #6102, 5.000000000000000888 ) ;
#3491 = AXIS2_PLACEMENT_3D ( 'NONE', #6710, #3114, #449 ) ;
#3492 = CARTESIAN_POINT ( 'NONE',  ( 24.94995289322381637, -61.09772096153404419, -157.3214649787122426 ) ) ;
#3493 = CARTESIAN_POINT ( 'NONE',  ( -7.346373405906317267, 17.50000000000000355, -63.47112883579056586 ) ) ;
#3494 = ORIENTED_EDGE ( 'NONE', *, *, #8382, .T. ) ;
#3495 = FACE_OUTER_BOUND ( 'NONE', #3751, .T. ) ;
#3496 = CC_DESIGN_APPROVAL ( #1733, ( #478 ) ) ;
#3497 = CARTESIAN_POINT ( 'NONE',  ( 11.14046993979746780, 15.50000000000000178, -26.22320586783050800 ) ) ;
#3498 = DIRECTION ( 'NONE',  ( -0.000000000000000000, 1.000000000000000000, -0.000000000000000000 ) ) ;
#3499 = CC_DESIGN_APPROVAL ( #3343, ( #8494 ) ) ;
#3500 = CARTESIAN_POINT ( 'NONE',  ( -26.11274659412790200, -35.94082795619800663, -191.6659048123850084 ) ) ;
#3501 = DIRECTION ( 'NONE',  ( -1.000000000000000000, -0.000000000000000000, -0.000000000000000000 ) ) ;
#3502 = LINE ( 'NONE', #29, #3889 ) ;
#3503 = CARTESIAN_POINT ( 'NONE',  ( 9.955916250870501472, 15.49999999999996625, -56.92216646290952298 ) ) ;
#3504 = CARTESIAN_POINT ( 'NONE',  ( 2.628825013707253966, 10.99999996073438169, -60.19999999999958362 ) ) ;
#3505 = VERTEX_POINT ( 'NONE', #5766 ) ;
#3506 = CARTESIAN_POINT ( 'NONE',  ( -8.778832402545047486, 17.50000000000001066, -59.70283873808746478 ) ) ;
#3507 = CARTESIAN_POINT ( 'NONE',  ( 24.27377397487521549, -34.49560604065905522, -185.9657081023842693 ) ) ;
#3508 = PERSON_AND_ORGANIZATION ( #5299, #8168 ) ;
#3509 = DATE_AND_TIME ( #4983, #1766 ) ;
#3510 = PLANE ( 'NONE',  #1330 ) ;
#3511 = CARTESIAN_POINT ( 'NONE',  ( -5.473126599581141782, -2.679283451279032668, -66.62223535357721005 ) ) ;
#3512 = EDGE_CURVE ( 'NONE', #147, #2924, #5374, .T. ) ;
#3513 = CARTESIAN_POINT ( 'NONE',  ( -20.39207660884834183, -41.58887293025357934, -116.7548486759400248 ) ) ;
#3514 = VECTOR ( 'NONE', #1269, 1000.000000000000114 ) ;
#3515 = EDGE_LOOP ( 'NONE', ( #2998, #4855, #3168, #967 ) ) ;
#3516 = ORIENTED_EDGE ( 'NONE', *, *, #7976, .F. ) ;
#3517 = CARTESIAN_POINT ( 'NONE',  ( -11.21247481388003564, 15.50000000000000178, -54.19357215010335693 ) ) ;
#3518 = LINE ( 'NONE', #1225, #2574 ) ;
#3519 = CARTESIAN_POINT ( 'NONE',  ( 30.31886009188650632, -81.64195625097322306, -187.8349709389721340 ) ) ;
#3520 = DIRECTION ( 'NONE',  ( 1.000000000000000000, 0.000000000000000000, 0.000000000000000000 ) ) ;
#3521 = CARTESIAN_POINT ( 'NONE',  ( -35.00000000000001421, -42.26803355772787540, -216.3246939377609976 ) ) ;
#3522 = CARTESIAN_POINT ( 'NONE',  ( 14.79936243598108803, -17.50000000000000000, -54.13827266488828371 ) ) ;
#3523 = CARTESIAN_POINT ( 'NONE',  ( 7.782557284740271974, 17.50000000000000000, -63.35694222595363101 ) ) ;
#3524 = CARTESIAN_POINT ( 'NONE',  ( -2.585786437626907297, 67.21010716213858416, -28.22374145091729503 ) ) ;
#3525 = ORIENTED_EDGE ( 'NONE', *, *, #608, .T. ) ;
#3526 = CARTESIAN_POINT ( 'NONE',  ( -19.34287769496841847, -8.382051955179793623, -74.97864270964274169 ) ) ;
#3527 = AXIS2_PLACEMENT_3D ( 'NONE', #1526, #5672, #3619 ) ;
#3528 = DIRECTION ( 'NONE',  ( -1.000000000000000000, 0.000000000000000000, -1.263007877856806148E-13 ) ) ;
#3529 = CARTESIAN_POINT ( 'NONE',  ( -14.45335458104180226, 17.50000000000000000, -48.25647017406522110 ) ) ;
#3530 = ORIENTED_EDGE ( 'NONE', *, *, #2578, .F. ) ;
#3531 = DATE_AND_TIME ( #8528, #8759 ) ;
#3532 = EDGE_CURVE ( 'NONE', #5223, #1291, #8428, .T. ) ;
#3533 = CARTESIAN_POINT ( 'NONE',  ( 19.99842475062703073, -10.58644152114588799, -74.16526827170528691 ) ) ;
#3534 = CARTESIAN_POINT ( 'NONE',  ( 20.32615588428868492, -38.67570377739878751, -110.5342884629181270 ) ) ;
#3535 = CARTESIAN_POINT ( 'NONE',  ( -7.185191302927551149, 17.50000000000000355, -63.57122253658507560 ) ) ;
#3536 = ORIENTED_EDGE ( 'NONE', *, *, #5665, .T. ) ;
#3537 = DIRECTION ( 'NONE',  ( 0.000000000000000000, 0.08715574274765872098, 0.9961946980917455452 ) ) ;
#3538 = EDGE_CURVE ( 'NONE', #2120, #8141, #1483, .T. ) ;
#3539 = CARTESIAN_POINT ( 'NONE',  ( 5.811365454986681556, 10.49999999999997158, -58.60525107384081167 ) ) ;
#3540 = CARTESIAN_POINT ( 'NONE',  ( -17.06970171764654509, 17.50000000000000000, -43.30001332882125809 ) ) ;
#3541 = ADVANCED_FACE ( 'NONE', ( #3573, #7041 ), #1572, .F. ) ;
#3542 = CARTESIAN_POINT ( 'NONE',  ( -10.67011850877284296, 10.49999999999997335, -28.25049009449095294 ) ) ;
#3543 = CARTESIAN_POINT ( 'NONE',  ( 11.75309205029044790, 15.50000000000000711, -26.42528992794855824 ) ) ;
#3544 = DIRECTION ( 'NONE',  ( 0.000000000000000000, -0.3420201433256680468, -0.9396926207859086499 ) ) ;
#3545 = CARTESIAN_POINT ( 'NONE',  ( -19.99999999999999645, -10.71627710515521059, -74.03490600254450271 ) ) ;
#3546 = CARTESIAN_POINT ( 'NONE',  ( 15.00000000000000711, -24.79567195388979073, -68.91042536112450989 ) ) ;
#3547 = CARTESIAN_POINT ( 'NONE',  ( 36.99999999999999289, -41.07268860280741762, -218.8881194659842322 ) ) ;
#3548 = CARTESIAN_POINT ( 'NONE',  ( -20.62022131964702254, -15.64068843811264031, -112.8909437809404466 ) ) ;
#3549 = CARTESIAN_POINT ( 'NONE',  ( 7.359201556455839288, 10.92265146187410352, -57.34869299669577458 ) ) ;
#3550 = ORIENTED_EDGE ( 'NONE', *, *, #369, .T. ) ;
#3551 = EDGE_CURVE ( 'NONE', #5077, #1271, #188, .T. ) ;
#3552 = CARTESIAN_POINT ( 'NONE',  ( -13.78012328320141577, -17.50000000000000000, -55.78248183757639822 ) ) ;
#3553 = CARTESIAN_POINT ( 'NONE',  ( 21.93850086498033747, -30.67199070129081662, -149.3375717298343091 ) ) ;
#3554 = APPLICATION_PROTOCOL_DEFINITION ( 'international standard', 'config_control_design', 1994, #2180 ) ;
#3555 = ADVANCED_FACE ( 'NONE', ( #7093 ), #2111, .T. ) ;
#3556 = VECTOR ( 'NONE', #6904, 1000.000000000000000 ) ;
#3557 = CARTESIAN_POINT ( 'NONE',  ( 11.89902407079214974, -2.499999999999998668, -27.47153377407383701 ) ) ;
#3558 = CARTESIAN_POINT ( 'NONE',  ( 13.92780314896992166, 15.49999999999997335, -28.51045788147391491 ) ) ;
#3559 = CARTESIAN_POINT ( 'NONE',  ( 7.953607833584632898E-14, -32.57369020794609327, -178.2315155235828001 ) ) ;
#3560 = VERTEX_POINT ( 'NONE', #2296 ) ;
#3561 = CARTESIAN_POINT ( 'NONE',  ( 11.00000000000000000, -170.2684435961459712, -6.522560269672794675E-13 ) ) ;
#3562 = PLANE ( 'NONE',  #6523 ) ;
#3563 = FACE_OUTER_BOUND ( 'NONE', #8965, .T. ) ;
#3564 = CARTESIAN_POINT ( 'NONE',  ( 7.267929148818290663, 15.50000000000000178, -59.99520962576883676 ) ) ;
#3565 = CARTESIAN_POINT ( 'NONE',  ( -34.84363489068866926, -82.72080568002337486, -191.9312583614655807 ) ) ;
#3566 = EDGE_CURVE ( 'NONE', #6034, #6451, #2144, .T. ) ;
#3567 = VECTOR ( 'NONE', #1583, 1000.000000000000000 ) ;
#3568 = ITEM_DEFINED_TRANSFORMATION ( 'NONE', 'NONE', #3347,  #6410 ) ;
#3569 = EDGE_CURVE ( 'NONE', #1131, #8061, #2904, .T. ) ;
#3570 = CARTESIAN_POINT ( 'NONE',  ( -14.99999999999999645, -7.011872312450488032, 25.70895527601439667 ) ) ;
#3571 = DIRECTION ( 'NONE',  ( 1.000000000000000000, -0.000000000000000000, 0.000000000000000000 ) ) ;
#3572 = ORIENTED_EDGE ( 'NONE', *, *, #8227, .T. ) ;
#3573 = FACE_BOUND ( 'NONE', #3345, .T. ) ;
#3574 = CARTESIAN_POINT ( 'NONE',  ( -14.99999999999999645, -7.011872312450457834, 25.70895527601437891 ) ) ;
#3575 = CARTESIAN_POINT ( 'NONE',  ( -15.02106206702593205, 17.50000000000000000, -44.65042076494982126 ) ) ;
#3576 = ORIENTED_EDGE ( 'NONE', *, *, #2207, .T. ) ;
#3577 = PERSON_AND_ORGANIZATION ( #5299, #8168 ) ;
#3578 = CARTESIAN_POINT ( 'NONE',  ( 13.84403108062363685, 17.50000000000000355, -51.14062951178600258 ) ) ;
#3579 = CARTESIAN_POINT ( 'NONE',  ( 15.42447253846104793, -47.24560342830663728, -116.0811167484875313 ) ) ;
#3580 = CARTESIAN_POINT ( 'NONE',  ( -12.71346517617687155, 17.50000000000000000, -57.76056690049077247 ) ) ;
#3581 = ORIENTED_EDGE ( 'NONE', *, *, #8753, .F. ) ;
#3582 = VERTEX_POINT ( 'NONE', #5303 ) ;
#3583 = CARTESIAN_POINT ( 'NONE',  ( -30.21828963687957526, -38.83286597585600219, -203.1322325455378746 ) ) ;
#3584 = CARTESIAN_POINT ( 'NONE',  ( -7.709921589502773287, 15.49999999999997513, -59.35986759065843898 ) ) ;
#3585 = CARTESIAN_POINT ( 'NONE',  ( 11.21515912736585108, 15.50000000000000000, -26.24325351171341936 ) ) ;
#3586 = CARTESIAN_POINT ( 'NONE',  ( 34.82906823473425817, -42.95037330385847696, -200.1136759933738745 ) ) ;
#3587 = DIRECTION ( 'NONE',  ( 0.000000000000000000, 0.000000000000000000, -1.000000000000000000 ) ) ;
#3588 = CARTESIAN_POINT ( 'NONE',  ( -2.446638035324903981, 10.49999999999996625, -60.00000160953947415 ) ) ;
#3589 = CARTESIAN_POINT ( 'NONE',  ( 15.45717768628674449, -19.81736662416502170, -128.9843580671811765 ) ) ;
#3590 = CARTESIAN_POINT ( 'NONE',  ( -19.99999999999999645, -20.09330234959595174, -70.62597523459920978 ) ) ;
#3591 = CARTESIAN_POINT ( 'NONE',  ( -21.46508122820924314, -59.14689936563646455, -141.0875341805052585 ) ) ;
#3592 = CARTESIAN_POINT ( 'NONE',  ( -34.74689390509094267, -80.91714865533515422, -186.3416357451056911 ) ) ;
#3593 = CARTESIAN_POINT ( 'NONE',  ( 4.311461409734390848, 10.89533485069350505, -59.76618785146101231 ) ) ;
#3594 = ORIENTED_EDGE ( 'NONE', *, *, #2023, .T. ) ;
#3595 = CARTESIAN_POINT ( 'NONE',  ( -16.30684260740479630, 17.50000000000000000, -49.18603199494646816 ) ) ;
#3596 = CARTESIAN_POINT ( 'NONE',  ( -5.843109245559298337, 17.49999999999999645, -62.03805162777024407 ) ) ;
#3597 = CARTESIAN_POINT ( 'NONE',  ( 34.76071062409194212, -42.90922702934703636, -199.9354543089644096 ) ) ;
#3598 = PERSON_AND_ORGANIZATION_ROLE ( 'creator' ) ;
#3599 = AXIS2_PLACEMENT_3D ( 'NONE', #7533, #681, #7581 ) ;
#3600 = CARTESIAN_POINT ( 'NONE',  ( 34.99999999999999289, -85.70208135828831075, -200.5159933846616127 ) ) ;
#3601 = CARTESIAN_POINT ( 'NONE',  ( 9.996291055344199705, -5.669463818967089175, -74.47020806938490978 ) ) ;
#3602 = CARTESIAN_POINT ( 'NONE',  ( -11.67588530742878028, 15.50000000000000178, -53.18952667245275023 ) ) ;
#3603 = DIRECTION ( 'NONE',  ( -0.000000000000000000, 1.000000000000000000, -0.000000000000000000 ) ) ;
#3604 = CARTESIAN_POINT ( 'NONE',  ( -30.27474945061311118, -81.26330329759248627, -187.0697460006867345 ) ) ;
#3605 = VERTEX_POINT ( 'NONE', #3033 ) ;
#3606 = EDGE_CURVE ( 'NONE', #426, #4589, #7736, .T. ) ;
#3607 = CARTESIAN_POINT ( 'NONE',  ( 8.967090567590677352, 15.50000000000000000, -58.27046566589351784 ) ) ;
#3608 = CARTESIAN_POINT ( 'NONE',  ( -34.97751801352248435, -41.95990187971175800, -215.1374129148613861 ) ) ;
#3609 = EDGE_CURVE ( 'NONE', #4572, #3041, #7978, .T. ) ;
#3610 = CARTESIAN_POINT ( 'NONE',  ( 36.99999999999999289, -89.93670488367540372, -201.1030720130492284 ) ) ;
#3611 = CC_DESIGN_PERSON_AND_ORGANIZATION_ASSIGNMENT ( #514, #1936, ( #1747 ) ) ;
#3612 = PERSON_AND_ORGANIZATION_ROLE ( 'classification_officer' ) ;
#3613 = CARTESIAN_POINT ( 'NONE',  ( -13.96860392772851611, 15.49999999999996980, -29.38342225485918391 ) ) ;
#3614 = CARTESIAN_POINT ( 'NONE',  ( 6.480014972320550015, 2.838036498101256910, -59.43791513362538126 ) ) ;
#3615 = CARTESIAN_POINT ( 'NONE',  ( -11.50371529209862942, 17.49999999999999645, -55.83197192863561042 ) ) ;
#3616 = VECTOR ( 'NONE', #2297, 1000.000000000000114 ) ;
#3617 = VERTEX_POINT ( 'NONE', #8616 ) ;
#3618 = DIRECTION ( 'NONE',  ( -0.000000000000000000, 1.000000000000000000, -0.000000000000000000 ) ) ;
#3619 = DIRECTION ( 'NONE',  ( 0.000000000000000000, 0.000000000000000000, 1.000000000000000000 ) ) ;
#3620 = CARTESIAN_POINT ( 'NONE',  ( -14.82257203735136741, 17.50000000000000000, -46.38456922730320287 ) ) ;
#3621 = ORIENTED_EDGE ( 'NONE', *, *, #5158, .T. ) ;
#3622 = ADVANCED_FACE ( 'NONE', ( #2472 ), #6629, .T. ) ;
#3623 = PERSON_AND_ORGANIZATION ( #5299, #8168 ) ;
#3624 = CARTESIAN_POINT ( 'NONE',  ( 15.11331893431985662, 17.49999999999999645, -46.17904692612707152 ) ) ;
#3625 = CC_DESIGN_PERSON_AND_ORGANIZATION_ASSIGNMENT ( #12, #5589, ( #8173 ) ) ;
#3626 = CARTESIAN_POINT ( 'NONE',  ( 10.89902404065906438, 10.99999999999997335, -27.43827831049553723 ) ) ;
#3627 = CARTESIAN_POINT ( 'NONE',  ( -11.28664292922055346, 17.50000000000000000, -59.85075626227421708 ) ) ;
#3628 = ORIENTED_EDGE ( 'NONE', *, *, #2944, .T. ) ;
#3629 = B_SPLINE_CURVE_WITH_KNOTS ( 'NONE', 3,
 ( #4181, #4872, #4088, #3500, #3364, #7653, #2670, #6972, #1355, #4782, #4134, #6924, #2811, #664, #5470, #3453, #6288, #712, #6239, #7700, #1256, #9030, #7014, #1454 ),
 .UNSPECIFIED., .F., .F.,
 ( 4, 2, 2, 2, 2, 2, 2, 2, 2, 2, 2, 4 ),
 ( -6.000000001557060426E-08, 0.008247675376347681636, 0.01649541075269537679, 0.03299088150539084691, 0.04123861688173861145, 0.04948635225808638294, 0.06598182301078195366, 0.07422955838712969046, 0.07835342607530351722, 0.08247729376347735786, 0.09897276451617277593, 0.1319637060215635704 ),
 .UNSPECIFIED. ) ;
#3630 = ORIENTED_EDGE ( 'NONE', *, *, #7613, .T. ) ;
#3631 = CARTESIAN_POINT ( 'NONE',  ( -29.68410705484172141, -80.89787048455804097, -186.3019165546988631 ) ) ;
#3632 = CARTESIAN_POINT ( 'NONE',  ( 7.624510361586553486, 10.49999999999996980, -56.74786748014743409 ) ) ;
#3633 = B_SPLINE_SURFACE_WITH_KNOTS ( 'NONE', 3, 1, ( 
 ( #4096, #8942 ),
 ( #6099, #626 ),
 ( #8228, #6705 ),
 ( #1861, #3919 ),
 ( #6196, #8990 ),
 ( #8900, #8132 ),
 ( #4008, #445 ),
 ( #8180, #1905 ),
 ( #2635, #2721 ),
 ( #5427, #5516 ),
 ( #8315, #1215 ),
 ( #2544, #4702 ),
 ( #3279, #4655 ),
 ( #7431, #7481 ),
 ( #8850, #2587 ),
 ( #8502, #2916 ),
 ( #6430, #8555 ),
 ( #5652, #763 ),
 ( #2818, #3552 ),
 ( #1508, #5695 ),
 ( #6932, #5745 ),
 ( #7810, #7115 ),
 ( #6247, #6336 ),
 ( #3595, #3649 ),
 ( #9041, #2086 ),
 ( #7660, #1410 ),
 ( #4188, #2075 ),
 ( #3540, #7649 ) ),
 .UNSPECIFIED., .F., .F., .F.,
 ( 4, 2, 2, 2, 2, 2, 2, 2, 2, 2, 2, 2, 2, 4 ),
 ( 2, 2 ),
 ( 0.000000000000000000, 0.06249999999999977796, 0.09374999999999951428, 0.1249999999999992506, 0.1874999999999992784, 0.2499999999999993339, 0.3749999999999988898, 0.4374999999999990008, 0.4999999999999991118, 0.5624999999999992228, 0.6249999999999993339, 0.7499999999999995559, 0.8749999999999997780, 1.000000000000000000 ),
 ( 0.000000000000000000, 1.000000000000000000 ),
 .UNSPECIFIED. ) ;
#3634 = CARTESIAN_POINT ( 'NONE',  ( -11.62594767446589827, 15.49999999999998046, -53.30087745072093952 ) ) ;
#3635 = AXIS2_PLACEMENT_3D ( 'NONE', #877, #785, #6354 ) ;
#3636 = CARTESIAN_POINT ( 'NONE',  ( 13.99605263313199899, 15.50000000000000355, -28.65944807029792685 ) ) ;
#3638 = ADVANCED_FACE ( 'NONE', ( #3797 ), #3716, .F. ) ;
#3637 = DIRECTION ( 'NONE',  ( 0.000000000000000000, 0.9961946980917454342, -0.08715574274765880425 ) ) ;
#3639 = DIRECTION ( 'NONE',  ( 0.000000000000000000, -0.3420201433256637169, -0.9396926207859102043 ) ) ;
#3640 = CARTESIAN_POINT ( 'NONE',  ( -19.98383371500349881, -5.780249058701937059, -74.89708145546916285 ) ) ;
#3641 = DIRECTION ( 'NONE',  ( -0.000000000000000000, -1.000000000000000000, 0.000000000000000000 ) ) ;
#3642 = CARTESIAN_POINT ( 'NONE',  ( -11.78560411988738110, 12.40237129646359904, -28.03997778765174331 ) ) ;
#3643 = CARTESIAN_POINT ( 'NONE',  ( -20.41614843496486031, -24.52418550469479186, -125.5753846237528109 ) ) ;
#3644 = CIRCLE ( 'NONE', #6268, 5.000000000000000888 ) ;
#3645 = AXIS2_PLACEMENT_3D ( 'NONE', #8480, #2119, #6963 ) ;
#3646 = CARTESIAN_POINT ( 'NONE',  ( -30.21828963688176373, -81.52481966854304574, -187.5936321587419968 ) ) ;
#3647 = CARTESIAN_POINT ( 'NONE',  ( 34.72382355168826251, -80.89787048455796992, -186.3019165546986073 ) ) ;
#3648 = ORIENTED_EDGE ( 'NONE', *, *, #6388, .F. ) ;
#3649 = CARTESIAN_POINT ( 'NONE',  ( -16.30684260740479630, -17.50000000000000000, -49.18603199494646816 ) ) ;
#3650 = CARTESIAN_POINT ( 'NONE',  ( 30.31886009188844255, -38.89826372547296529, -203.3924027208876169 ) ) ;
#3651 = CARTESIAN_POINT ( 'NONE',  ( -20.03121583114233317, -24.45484689974033188, -106.9948170693083114 ) ) ;
#3652 = CC_DESIGN_SECURITY_CLASSIFICATION ( #7582, ( #9055 ) ) ;
#3653 = EDGE_CURVE ( 'NONE', #7193, #7566, #3843, .T. ) ;
#3654 = DATE_AND_TIME ( #2092, #8042 ) ;
#3655 = CARTESIAN_POINT ( 'NONE',  ( -34.12747081003956851, -40.85766414695656579, -210.8903132617193990 ) ) ;
#3656 = CARTESIAN_POINT ( 'NONE',  ( 14.21677572683089075, 15.49999999999996980, -29.33626522197221931 ) ) ;
#3657 = CARTESIAN_POINT ( 'NONE',  ( 20.32838348919213445, -10.50254974093487625, -93.09286716805985407 ) ) ;
#3658 = ORIENTED_EDGE ( 'NONE', *, *, #3606, .T. ) ;
#3659 = CARTESIAN_POINT ( 'NONE',  ( -6.000000000000000000, 61.85122702443587883, -5.707461352263097254 ) ) ;
#3660 = EDGE_CURVE ( 'NONE', #7566, #2781, #4486, .T. ) ;
#3661 = CARTESIAN_POINT ( 'NONE',  ( 30.28533802556669841, -81.60291049337318725, -187.7545242047677334 ) ) ;
#3662 = EDGE_LOOP ( 'NONE', ( #5011, #3160, #4598, #5572, #5160 ) ) ;
#3663 = CARTESIAN_POINT ( 'NONE',  ( 11.37764414070750263, 10.83998810958983761, -28.32605154620945598 ) ) ;
#3664 = CARTESIAN_POINT ( 'NONE',  ( 9.927247869140133574, 15.50000000000000000, -56.96881320221196177 ) ) ;
#3665 = CARTESIAN_POINT ( 'NONE',  ( -34.80974635312118437, -77.82056702018967087, -187.9149204926607695 ) ) ;
#3666 = EDGE_CURVE ( 'NONE', #7045, #2924, #5099, .T. ) ;
#3667 = CONTEXT_DEPENDENT_SHAPE_REPRESENTATION ( #2372, #3198 ) ;
#3668 = CARTESIAN_POINT ( 'NONE',  ( -12.75954367937103662, 15.49999999999996803, -27.25218002955262619 ) ) ;
#3669 = CARTESIAN_POINT ( 'NONE',  ( 5.986562247144113336, 2.617721902402956324, -60.04322451053438670 ) ) ;
#3670 = CARTESIAN_POINT ( 'NONE',  ( -14.14763852562849422, 17.49999999999999645, -49.41051764392405943 ) ) ;
#3671 = VERTEX_POINT ( 'NONE', #6586 ) ;
#3672 = DIRECTION ( 'NONE',  ( 1.000000000000000000, 0.000000000000000000, 0.000000000000000000 ) ) ;
#3673 = CARTESIAN_POINT ( 'NONE',  ( -7.500000000000000000, -15.00000000000000000, -5.549999999999998934 ) ) ;
#3674 = CARTESIAN_POINT ( 'NONE',  ( -14.56958781791500002, 17.50000000000000000, -47.74113472626000743 ) ) ;
#3675 = ORIENTED_EDGE ( 'NONE', *, *, #7293, .F. ) ;
#3676 = AXIS2_PLACEMENT_3D ( 'NONE', #1211, #5291, #3275 ) ;
#3677 = PERSON_AND_ORGANIZATION_ROLE ( 'creator' ) ;
#3678 = CARTESIAN_POINT ( 'NONE',  ( 16.76744060444179496, -6.304536706005352542, -75.64712693354378814 ) ) ;
#3679 = DIRECTION ( 'NONE',  ( -0.000000000000000000, 1.000000000000000000, -0.000000000000000000 ) ) ;
#3680 = CARTESIAN_POINT ( 'NONE',  ( -6.503119793868356702, 17.50000000000000355, -63.96096128304361628 ) ) ;
#3681 = AXIS2_PLACEMENT_3D ( 'NONE', #5378, #4049, #6835 ) ;
#3682 = VERTEX_POINT ( 'NONE', #8058 ) ;
#3683 = ORIENTED_EDGE ( 'NONE', *, *, #184, .F. ) ;
#3684 = CARTESIAN_POINT ( 'NONE',  ( 7.500000000000000000, -2.499999999999998668, -6.999999999999996447 ) ) ;
#3685 = CARTESIAN_POINT ( 'NONE',  ( -11.57304502011031389, 15.49999999999997335, -53.41797692819251608 ) ) ;
#3686 = CARTESIAN_POINT ( 'NONE',  ( -20.62022131965176541, -41.28507609503376585, -103.5571499978343581 ) ) ;
#3687 = CARTESIAN_POINT ( 'NONE',  ( 13.72356058521293143, 15.50000000000000000, -28.12648297324128777 ) ) ;
#3688 = DIRECTION ( 'NONE',  ( -0.000000000000000000, 1.000000000000000000, -0.000000000000000000 ) ) ;
#3689 = CARTESIAN_POINT ( 'NONE',  ( -35.00000000000000711, -88.05731964210357887, -201.7871122997005955 ) ) ;
#3690 = DIRECTION ( 'NONE',  ( 0.000000000000000000, 0.000000000000000000, 1.000000000000000000 ) ) ;
#3691 = CARTESIAN_POINT ( 'NONE',  ( -12.35660921314451777, 13.94145040620698062, -27.72729967423160957 ) ) ;
#3692 = CARTESIAN_POINT ( 'NONE',  ( -20.40865509102167152, -24.32782626545590432, -124.8371709941062022 ) ) ;
#3693 = CARTESIAN_POINT ( 'NONE',  ( 20.55500689607284315, -39.11550935918626948, -101.6587723194460011 ) ) ;
#3694 = VERTEX_POINT ( 'NONE', #3117 ) ;
#3695 = CARTESIAN_POINT ( 'NONE',  ( 39.03018177548788969, -45.51630583357109572, -211.0959140940226746 ) ) ;
#3696 = CARTESIAN_POINT ( 'NONE',  ( -25.96381383618620120, -68.86153001547108943, -165.0238219678205951 ) ) ;
#3697 = DIRECTION ( 'NONE',  ( -0.6081204024113459061, -0.2715109143604653164, -0.7459701063408685773 ) ) ;
#3698 = CARTESIAN_POINT ( 'NONE',  ( 7.660042309764391710, -2.499999999999995115, -57.56321300287648768 ) ) ;
#3699 = CARTESIAN_POINT ( 'NONE',  ( -9.997527370229473576, -5.780249058701927289, -74.89708145546924811 ) ) ;
#3700 = EDGE_LOOP ( 'NONE', ( #4843, #8253, #6052, #839 ) ) ;
#3701 = DIRECTION ( 'NONE',  ( -1.000000000000000000, -0.000000000000000000, -0.000000000000000000 ) ) ;
#3702 = CARTESIAN_POINT ( 'NONE',  ( 6.000000000000000000, 49.08720012175118796, 21.80474224124540328 ) ) ;
#3703 = ORIENTED_EDGE ( 'NONE', *, *, #1037, .F. ) ;
#3704 = DIRECTION ( 'NONE',  ( -0.000000000000000000, 1.000000000000000000, -0.000000000000000000 ) ) ;
#3705 = DIRECTION ( 'NONE',  ( 0.000000000000000000, 0.9961946980917455452, -0.08715574274765884588 ) ) ;
#3706 = AXIS2_PLACEMENT_3D ( 'NONE', #6228, #9018, #6130 ) ;
#3707 = CARTESIAN_POINT ( 'NONE',  ( 12.95449926771436822, -17.50000000000000000, -57.83400029407606269 ) ) ;
#3708 = CLOSED_SHELL ( 'NONE', ( #7254, #8129, #1357, #326, #3378, #5904, #2599, #2871, #3853, #4990, #1084, #7765, #3225, #4328, #1212, #5452, #3832, #3898, #1701, #8742, #1946, #139, #5142, #6089, #6838, #1660, #1233, #7513, #9040, #5993, #7089, #3638, #3144, #374, #5347, #6665, #6106, #4484, #7725, #1679, #4450, #8906, #7363, #1914, #5326, #7085, #5927, #3541, #1417, #2994, #3622, #5728, #4511, #3329, #5409, #1252, #2677, #3920, #6721, #2227, #6844, #2584, #5387, #4178, #4898, #6274, #1985, #4911, #6783, #5258, #8529, #6419 ) ) ;
#3709 = DIRECTION ( 'NONE',  ( 0.000000000000000000, 0.3420201433256654933, -0.9396926207859096492 ) ) ;
#3710 = EDGE_CURVE ( 'NONE', #8342, #7069, #8695, .T. ) ;
#3711 = CARTESIAN_POINT ( 'NONE',  ( 2.628826828018821615, 15.49999999999997158, -61.99999999999894840 ) ) ;
#3712 = CARTESIAN_POINT ( 'NONE',  ( -13.96139614530359552, 17.49999999999999289, -50.04431134459068886 ) ) ;
#3713 = PRODUCT_DEFINITION_SHAPE ( 'NONE', 'NONE',  #8494 ) ;
#3714 = CIRCLE ( 'NONE', #8814, 1.299999999999995604 ) ;
#3715 = ORIENTED_EDGE ( 'NONE', *, *, #8761, .F. ) ;
#3716 = CYLINDRICAL_SURFACE ( 'NONE', #6990, 1.549999999999996714 ) ;
#3717 = DIRECTION ( 'NONE',  ( 1.000000000000000000, 0.000000000000000000, 0.000000000000000000 ) ) ;
#3718 = EDGE_CURVE ( 'NONE', #1271, #8342, #8878, .T. ) ;
#3719 = AXIS2_PLACEMENT_3D ( 'NONE', #7631, #7350, #405 ) ;
#3720 = CARTESIAN_POINT ( 'NONE',  ( -13.69961100352368000, 17.50000000000000000, -50.81875298695609189 ) ) ;
#3721 = VERTEX_POINT ( 'NONE', #1056 ) ;
#3722 = CARTESIAN_POINT ( 'NONE',  ( -14.99999999999999822, -10.70028264210117008, -74.04072751100954974 ) ) ;
#3723 = CARTESIAN_POINT ( 'NONE',  ( 18.77122087500160319, -7.619931662262433569, -75.22363346560082675 ) ) ;
#3724 = DIRECTION ( 'NONE',  ( -0.000000000000000000, -0.3420201433256636614, -0.9396926207859102043 ) ) ;
#3725 = CARTESIAN_POINT ( 'NONE',  ( -15.66342233759064229, 17.50000000000000000, -51.26398051806779677 ) ) ;
#3726 = ORIENTED_EDGE ( 'NONE', *, *, #5952, .T. ) ;
#3727 = VERTEX_POINT ( 'NONE', #5389 ) ;
#3728 = CARTESIAN_POINT ( 'NONE',  ( 13.04471389468795550, 15.49999999999998757, -27.27802072647210707 ) ) ;
#3729 = CARTESIAN_POINT ( 'NONE',  ( -35.29366683386768244, -38.86640459200672382, -203.2656583545148976 ) ) ;
#3730 = CARTESIAN_POINT ( 'NONE',  ( -9.863493100297549887, 15.49999999999996803, -56.66509768340847586 ) ) ;
#3731 = CARTESIAN_POINT ( 'NONE',  ( -20.39376608321614981, -41.66111739029861383, -116.9090021871517280 ) ) ;
#3732 = CARTESIAN_POINT ( 'NONE',  ( -12.58997733600612001, 17.49999999999999645, -25.74378209395469597 ) ) ;
#3733 = CC_DESIGN_PERSON_AND_ORGANIZATION_ASSIGNMENT ( #60, #192, ( #282 ) ) ;
#3734 = CARTESIAN_POINT ( 'NONE',  ( -15.06971349694538453, 17.50000000000000000, -30.30001151662691683 ) ) ;
#3735 = CARTESIAN_POINT ( 'NONE',  ( -19.99999999999999645, -10.70779758939750081, -74.04118965230330218 ) ) ;
#3736 = CARTESIAN_POINT ( 'NONE',  ( -6.069714056245886447, 10.49999999999997158, -58.15877004253709259 ) ) ;
#3737 = CARTESIAN_POINT ( 'NONE',  ( -11.69897425704153271, -2.499999999999998668, -27.50447166913522778 ) ) ;
#3738 = DIRECTION ( 'NONE',  ( 0.000000000000000000, 0.9961946980917455452, -0.08715574274765917895 ) ) ;
#3739 = CARTESIAN_POINT ( 'NONE',  ( 14.22309605715428305, 15.49999999999996980, -45.29679976913698169 ) ) ;
#3740 = CARTESIAN_POINT ( 'NONE',  ( -30.80137401086610183, -40.35335060237891724, -188.9456659534591267 ) ) ;
#3741 = CARTESIAN_POINT ( 'NONE',  ( -38.63746177732682696, -85.67259060411390692, -196.1393653319129271 ) ) ;
#3742 = CARTESIAN_POINT ( 'NONE',  ( -6.000000000000000000, 65.74885007405524107, -5.752279021345509058 ) ) ;
#3743 = ADVANCED_FACE ( 'NONE', ( #453 ), #4012, .F. ) ;
#3744 = CARTESIAN_POINT ( 'NONE',  ( -26.12300448420821652, -70.31375411002586873, -164.4952556239183821 ) ) ;
#3745 = DIRECTION ( 'NONE',  ( -9.060998464626001268E-07, 0.000000000000000000, 0.9999999999995894395 ) ) ;
#3746 = DIRECTION ( 'NONE',  ( 1.000000000000000000, 0.000000000000000000, 0.000000000000000000 ) ) ;
#3747 = CARTESIAN_POINT ( 'NONE',  ( 13.29208734110140355, 17.49999999999999645, -26.17356651455152061 ) ) ;
#3748 = ORIENTED_EDGE ( 'NONE', *, *, #7733, .F. ) ;
#3749 = DIRECTION ( 'NONE',  ( 0.9999999999995895505, -0.000000000000000000, 9.060998465656666723E-07 ) ) ;
#3750 = FACE_OUTER_BOUND ( 'NONE', #5959, .T. ) ;
#3751 = EDGE_LOOP ( 'NONE', ( #2379, #1391, #5338, #4383 ) ) ;
#3752 = CARTESIAN_POINT ( 'NONE',  ( -15.06971349694538453, 17.50000000000000000, -30.30001151662691683 ) ) ;
#3753 = CARTESIAN_POINT ( 'NONE',  ( 5.281835333212774763, 17.49999999999999645, -62.43988960355408580 ) ) ;
#3754 = CARTESIAN_POINT ( 'NONE',  ( -24.87809507459841285, -60.94917755198591891, -157.0202246272178854 ) ) ;
#3755 = CARTESIAN_POINT ( 'NONE',  ( 6.000000000000000000, 20.96722026436224695, -57.60696422506727288 ) ) ;
#3756 = CARTESIAN_POINT ( 'NONE',  ( 4.403820450832267142, 15.49999999999997513, -61.70473137453496548 ) ) ;
#3757 = VECTOR ( 'NONE', #7867, 999.9999999999998863 ) ;
#3758 = VERTEX_POINT ( 'NONE', #6847 ) ;
#3759 = CARTESIAN_POINT ( 'NONE',  ( 34.81214727592248437, -77.54604630016052624, -187.8459590046165033 ) ) ;
#3760 = CARTESIAN_POINT ( 'NONE',  ( -6.000000000000001776, 49.08720012175118796, 21.80474224124540328 ) ) ;
#3761 = CARTESIAN_POINT ( 'NONE',  ( -9.175781694461042193, 17.50000000000000355, -59.26476130775560591 ) ) ;
#3762 = ORIENTED_EDGE ( 'NONE', *, *, #2349, .F. ) ;
#3763 = CARTESIAN_POINT ( 'NONE',  ( 17.22188838510793829, -6.484226339053384969, -75.58859092834610749 ) ) ;
#3764 = AXIS2_PLACEMENT_3D ( 'NONE', #7405, #8064, #6032 ) ;
#3765 = CARTESIAN_POINT ( 'NONE',  ( 18.01721284718335525, -61.35123851341669621, -145.6724092270352457 ) ) ;
#3766 = CARTESIAN_POINT ( 'NONE',  ( -14.65179913272515577, 17.49999999999999645, -53.87402189175039524 ) ) ;
#3767 = VERTEX_POINT ( 'NONE', #7488 ) ;
#3768 = CARTESIAN_POINT ( 'NONE',  ( 13.58612993349261089, 15.50000000000000000, -48.64129327607685127 ) ) ;
#3769 = CIRCLE ( 'NONE', #1863, 2.999999999999995559 ) ;
#3770 = CARTESIAN_POINT ( 'NONE',  ( -11.93544473029711739, 15.49999999999996803, -52.59835226923656393 ) ) ;
#3771 = CARTESIAN_POINT ( 'NONE',  ( -20.85095684993651588, -47.19013876975789401, -115.9645771370068701 ) ) ;
#3772 = CARTESIAN_POINT ( 'NONE',  ( -13.37217354377262168, 17.50000000000000000, -26.45644068614515731 ) ) ;
#3773 = CARTESIAN_POINT ( 'NONE',  ( -34.85925248183674086, -40.76181921384855400, -208.3423101714905386 ) ) ;
#3774 = CARTESIAN_POINT ( 'NONE',  ( -5.003651368368909225, 15.50000000000000533, -61.35018665158956708 ) ) ;
#3775 = EDGE_CURVE ( 'NONE', #2610, #6084, #3266, .T. ) ;
#3776 = DIRECTION ( 'NONE',  ( -0.000000000000000000, 1.000000000000000000, -0.000000000000000000 ) ) ;
#3777 = CARTESIAN_POINT ( 'NONE',  ( -19.99999999999999645, -20.09971187473756160, -70.62740308180886473 ) ) ;
#3778 = CARTESIAN_POINT ( 'NONE',  ( 10.22408385488066607, -59.14689936563591033, -141.0875341805038659 ) ) ;
#3779 = CARTESIAN_POINT ( 'NONE',  ( -15.84440810444249692, -22.55373253232371411, -139.5330988303065283 ) ) ;
#3780 = CARTESIAN_POINT ( 'NONE',  ( 6.000000000000002665, 11.43452509180504961, 29.11420380796473850 ) ) ;
#3781 = CARTESIAN_POINT ( 'NONE',  ( 1.480975502548650180, 0.6060874104425234554, -65.57014485339179544 ) ) ;
#3782 = CC_DESIGN_APPROVAL ( #4010, ( #6584 ) ) ;
#3783 = CARTESIAN_POINT ( 'NONE',  ( -29.70083269964295880, -38.48283812885309629, -201.7397258176210357 ) ) ;
#3784 = CARTESIAN_POINT ( 'NONE',  ( 12.71517341263884049, 15.49999999999997158, -26.99163930101811459 ) ) ;
#3785 = VECTOR ( 'NONE', #2592, 999.9999999999998863 ) ;
#3786 = VERTEX_POINT ( 'NONE', #8414 ) ;
#3787 = DIRECTION ( 'NONE',  ( 0.000000000000000000, -0.9961946980917455452, 0.08715574274765895690 ) ) ;
#3788 = ORIENTED_EDGE ( 'NONE', *, *, #2353, .F. ) ;
#3789 = CARTESIAN_POINT ( 'NONE',  ( -13.23618175602272551, -2.499999999999998668, 7.840950111415168067E-13 ) ) ;
#3790 = CC_DESIGN_APPROVAL ( #5799, ( #3354 ) ) ;
#3791 = CARTESIAN_POINT ( 'NONE',  ( 5.907043416757294274, 17.49999999999999289, -62.14279807545582202 ) ) ;
#3792 = CARTESIAN_POINT ( 'NONE',  ( -15.84440810441122416, -53.11462424285724637, -128.4098439151801756 ) ) ;
#3793 = ADVANCED_FACE ( 'NONE', ( #5619 ), #3469, .F. ) ;
#3794 = CYLINDRICAL_SURFACE ( 'NONE', #1012, 20.00000000000000000 ) ;
#3795 = CARTESIAN_POINT ( 'NONE',  ( 5.364552990680013345, 15.49999999999998401, -61.29778537270279060 ) ) ;
#3796 = EDGE_LOOP ( 'NONE', ( #4318, #4534, #4935, #7430 ) ) ;
#3797 = FACE_OUTER_BOUND ( 'NONE', #6951, .T. ) ;
#3798 = CARTESIAN_POINT ( 'NONE',  ( 20.00000000000000355, -10.70917358230940586, -74.04016858188444417 ) ) ;
#3799 = CARTESIAN_POINT ( 'NONE',  ( -9.217471472678965938, 17.50000000000000355, -59.21699764066496385 ) ) ;
#3800 = ORIENTED_EDGE ( 'NONE', *, *, #6067, .F. ) ;
#3801 = DIRECTION ( 'NONE',  ( 0.000000000000000000, -0.000000000000000000, -1.000000000000000000 ) ) ;
#3802 = CARTESIAN_POINT ( 'NONE',  ( -13.10790767490354192, 15.90893290461364806, -26.93803585666180211 ) ) ;
#3803 = VECTOR ( 'NONE', #7478, 1000.000000000000000 ) ;
#3804 = FACE_OUTER_BOUND ( 'NONE', #1581, .T. ) ;
#3805 = ORIENTED_EDGE ( 'NONE', *, *, #4206, .T. ) ;
#3806 = VERTEX_POINT ( 'NONE', #4937 ) ;
#3807 = CARTESIAN_POINT ( 'NONE',  ( -13.15413149123005176, 15.50000000000000000, -27.68005620166777803 ) ) ;
#3808 = CARTESIAN_POINT ( 'NONE',  ( 8.563150214393994375, 15.50000000000000000, -58.74250379740894346 ) ) ;
#3809 = VECTOR ( 'NONE', #7444, 1000.000000000000000 ) ;
#3810 = CARTESIAN_POINT ( 'NONE',  ( -6.010905415333473556, 15.49999999999997335, -60.76034993107197124 ) ) ;
#3811 = CARTESIAN_POINT ( 'NONE',  ( -20.41614843496567033, -42.63332394137795234, -118.9841972645926234 ) ) ;
#3812 =( LENGTH_UNIT ( ) NAMED_UNIT ( * ) SI_UNIT ( .MILLI., .METRE. ) );
#3813 = AXIS2_PLACEMENT_3D ( 'NONE', #5889, #7223, #8647 ) ;
#3814 = CARTESIAN_POINT ( 'NONE',  ( -4.717761877442185003, -17.50000000000000000, -64.67135549331895561 ) ) ;
#3815 = CARTESIAN_POINT ( 'NONE',  ( -13.37680752475293211, 17.50000000000000355, -26.46066693767688349 ) ) ;
#3816 = CARTESIAN_POINT ( 'NONE',  ( 15.00240574293439799, -24.79567195388979073, -68.91042536112450989 ) ) ;
#3817 = CARTESIAN_POINT ( 'NONE',  ( -3.601943068186563846, 15.50000000000000355, -61.85864750279652213 ) ) ;
#3818 = EDGE_CURVE ( 'NONE', #6774, #4250, #5573, .T. ) ;
#3819 = LINE ( 'NONE', #3096, #2749 ) ;
#3820 = FACE_OUTER_BOUND ( 'NONE', #2779, .T. ) ;
#3821 = SPHERICAL_SURFACE ( 'NONE', #2103, 5.000000000000000000 ) ;
#3822 = CARTESIAN_POINT ( 'NONE',  ( -20.87301888394863525, -19.42689696709332381, -127.4798155389764105 ) ) ;
#3823 = AXIS2_PLACEMENT_3D ( 'NONE', #3034, #7316, #8059 ) ;
#3824 = CARTESIAN_POINT ( 'NONE',  ( 10.93724947486658827, 10.97134862382313258, -27.78624296607838318 ) ) ;
#3825 = EDGE_CURVE ( 'NONE', #1064, #954, #6404, .T. ) ;
#3826 = CARTESIAN_POINT ( 'NONE',  ( -35.00000000000001421, -59.69035430670414399, -194.0208211861565246 ) ) ;
#3827 = CARTESIAN_POINT ( 'NONE',  ( 16.61541316245973476, -24.55580444974185639, -69.00190939355984199 ) ) ;
#3828 = DIRECTION ( 'NONE',  ( 0.000000000000000000, 0.000000000000000000, 1.000000000000000000 ) ) ;
#3829 = CARTESIAN_POINT ( 'NONE',  ( 12.49120591306059858, 15.49999999999997335, -26.81824333087917722 ) ) ;
#3830 = DIRECTION ( 'NONE',  ( 0.000000000000000000, -0.000000000000000000, -1.000000000000000000 ) ) ;
#3831 = ADVANCED_FACE ( 'NONE', ( #2925 ), #8328, .T. ) ;
#3832 = ADVANCED_FACE ( 'NONE', ( #4041 ), #2326, .T. ) ;
#3833 = VERTEX_POINT ( 'NONE', #7379 ) ;
#3834 = CARTESIAN_POINT ( 'NONE',  ( -12.69900499264153737, 15.50003011153411947, -26.81573391013176177 ) ) ;
#3835 = ORIENTED_EDGE ( 'NONE', *, *, #2308, .F. ) ;
#3836 = CARTESIAN_POINT ( 'NONE',  ( -12.04097600843539162, 13.85500340606489367, -27.07519500516657018 ) ) ;
#3837 = FACE_OUTER_BOUND ( 'NONE', #1628, .T. ) ;
#3838 = EDGE_CURVE ( 'NONE', #3721, #6766, #4908, .T. ) ;
#3839 = CARTESIAN_POINT ( 'NONE',  ( -34.76071062409002366, -76.34729649397434059, -187.7649923325097348 ) ) ;
#3840 = CARTESIAN_POINT ( 'NONE',  ( -14.99999999999999645, -12.01187231245047471, 25.70895527601439667 ) ) ;
#3841 = CARTESIAN_POINT ( 'NONE',  ( 2.855212563893838151, 15.49999999999996803, -61.99999169239679020 ) ) ;
#3842 = ORIENTED_EDGE ( 'NONE', *, *, #1314, .F. ) ;
#3843 = LINE ( 'NONE', #5260, #1881 ) ;
#3844 = CARTESIAN_POINT ( 'NONE',  ( 12.69940333415550704, 15.50038007851258826, -26.57190902770583207 ) ) ;
#3845 = CARTESIAN_POINT ( 'NONE',  ( 15.36385408908136441, -44.58712858593715112, -110.4952602173269582 ) ) ;
#3846 = EDGE_CURVE ( 'NONE', #6639, #8921, #2408, .T. ) ;
#3847 = VECTOR ( 'NONE', #3173, 1000.000000000000000 ) ;
#3848 = CARTESIAN_POINT ( 'NONE',  ( -11.43876529617295290, 17.49999999999999645, -55.94941439453395304 ) ) ;
#3849 = ORIENTED_EDGE ( 'NONE', *, *, #744, .T. ) ;
#3850 = DESIGN_CONTEXT ( 'detailed design', #7980, 'design' ) ;
#3851 = FACE_OUTER_BOUND ( 'NONE', #5681, .T. ) ;
#3852 = FACE_OUTER_BOUND ( 'NONE', #6545, .T. ) ;
#3853 = ADVANCED_FACE ( 'NONE', ( #2312 ), #1116, .F. ) ;
#3854 = AXIS2_PLACEMENT_3D ( 'NONE', #7982, #7888, #4495 ) ;
#3855 = CARTESIAN_POINT ( 'NONE',  ( 17.07654652133907547, 17.50000000000000355, -46.56501995675098016 ) ) ;
#3856 = VERTEX_POINT ( 'NONE', #8710 ) ;
#3857 = ORIENTED_EDGE ( 'NONE', *, *, #2076, .T. ) ;
#3858 = CARTESIAN_POINT ( 'NONE',  ( -12.99936623653507795, 15.49999999999998757, -27.49909471489036861 ) ) ;
#3859 = CARTESIAN_POINT ( 'NONE',  ( 11.15592196688480797, 15.50000000000000355, -54.83145004790829802 ) ) ;
#3860 = ORIENTED_EDGE ( 'NONE', *, *, #3569, .T. ) ;
#3861 = PRODUCT_DEFINITION_SHAPE ( 'NONE', 'NONE',  #9053 ) ;
#3862 = CARTESIAN_POINT ( 'NONE',  ( -11.45535507732066272, 15.50000000000001243, -26.41077221587424262 ) ) ;
#3863 = DIRECTION ( 'NONE',  ( 4.336808689942014038E-17, 0.000000000000000000, -1.000000000000000000 ) ) ;
#3864 = CARTESIAN_POINT ( 'NONE',  ( -13.31058320577542453, 17.50000000000000355, -26.40031604685875521 ) ) ;
#3865 = CARTESIAN_POINT ( 'NONE',  ( 12.48663995750958478, -2.499999999999995115, -46.53462461894602598 ) ) ;
#3866 = CARTESIAN_POINT ( 'NONE',  ( -9.753490815516853374, 10.49999999999996980, -52.58768845069979392 ) ) ;
#3867 = CARTESIAN_POINT ( 'NONE',  ( -17.06974095178198070, 17.50000000000000000, 0.000000000000000000 ) ) ;
#3868 = CARTESIAN_POINT ( 'NONE',  ( 10.10045236635418320, -40.19464874548975075, -101.2659977042067680 ) ) ;
#3869 = CARTESIAN_POINT ( 'NONE',  ( 11.65347480243023703, 10.49999999999996803, -48.12525389126715680 ) ) ;
#3870 = FACE_OUTER_BOUND ( 'NONE', #1739, .T. ) ;
#3871 = CARTESIAN_POINT ( 'NONE',  ( -19.99085878858619836, -20.42851675377798770, -70.61566728211214183 ) ) ;
#3872 = CARTESIAN_POINT ( 'NONE',  ( 34.99999999999999289, -59.06175483461393583, -210.2122792704116421 ) ) ;
#3873 = CARTESIAN_POINT ( 'NONE',  ( -7.500000000000000000, -15.00000000000000000, -1.000000000000002665 ) ) ;
#3874 = DIRECTION ( 'NONE',  ( -1.000000000000000000, 0.000000000000000000, -0.000000000000000000 ) ) ;
#3875 = CARTESIAN_POINT ( 'NONE',  ( -12.79880109778278197, 15.46546966652596033, -27.26478051121364743 ) ) ;
#3876 = ORIENTED_EDGE ( 'NONE', *, *, #7536, .T. ) ;
#3877 = CARTESIAN_POINT ( 'NONE',  ( 34.93255404056737490, -85.79189844232274709, -196.5850072937473954 ) ) ;
#3878 = EDGE_CURVE ( 'NONE', #5708, #8921, #1074, .T. ) ;
#3879 = CARTESIAN_POINT ( 'NONE',  ( 4.079273003422037469, 17.49999999999998224, -62.83431910869485648 ) ) ;
#3880 = CARTESIAN_POINT ( 'NONE',  ( 15.29014954486080669, -15.65142667578980529, -112.9323199414952086 ) ) ;
#3881 = CARTESIAN_POINT ( 'NONE',  ( -28.51613820016326883, -79.48977318492497091, -183.3989043656373497 ) ) ;
#3882 = CARTESIAN_POINT ( 'NONE',  ( 7.313690565301889102, 17.50000000000000000, -61.24051362179643121 ) ) ;
#3884 = ORIENTED_EDGE ( 'NONE', *, *, #3551, .F. ) ;
#3883 = CARTESIAN_POINT ( 'NONE',  ( 13.79882003843879090, 17.49999999999999645, -51.26870977253898332 ) ) ;
#3885 = ORIENTED_EDGE ( 'NONE', *, *, #6533, .F. ) ;
#3886 = CARTESIAN_POINT ( 'NONE',  ( 34.80779138503717718, -80.01596219614035022, -189.1459447753395011 ) ) ;
#3887 = LINE ( 'NONE', #5304, #3386 ) ;
#3888 = CARTESIAN_POINT ( 'NONE',  ( -11.39338838892119909, 17.49999999999999645, -56.03255639852463332 ) ) ;
#3889 = VECTOR ( 'NONE', #2813, 1000.000000000000114 ) ;
#3890 = CARTESIAN_POINT ( 'NONE',  ( 11.29350081209965673, 10.82672606201012044, -28.28181252004741708 ) ) ;
#3891 = AXIS2_PLACEMENT_3D ( 'NONE', #6987, #5574, #1965 ) ;
#3892 = FACE_OUTER_BOUND ( 'NONE', #5331, .T. ) ;
#3893 = EDGE_LOOP ( 'NONE', ( #6725, #1430, #8378, #3107, #2288, #8404 ) ) ;
#3894 = PLANE ( 'NONE',  #3854 ) ;
#3895 = VERTEX_POINT ( 'NONE', #2364 ) ;
#3896 = CARTESIAN_POINT ( 'NONE',  ( -1.709095079383192051, -0.3169060858998070107, -65.35375267892351303 ) ) ;
#3897 = CARTESIAN_POINT ( 'NONE',  ( 12.66151396663304141, 15.50000000000000178, -51.45207047892622398 ) ) ;
#3898 = ADVANCED_FACE ( 'NONE', ( #5965 ), #3051, .F. ) ;
#3899 = EDGE_CURVE ( 'NONE', #3379, #42, #8031, .T. ) ;
#3900 = ORIENTED_EDGE ( 'NONE', *, *, #2858, .T. ) ;
#3901 = CC_DESIGN_PERSON_AND_ORGANIZATION_ASSIGNMENT ( #6349, #3612, ( #7582 ) ) ;
#3902 =( NAMED_UNIT ( * ) SI_UNIT ( $, .STERADIAN. ) SOLID_ANGLE_UNIT ( ) );
#3903 = CARTESIAN_POINT ( 'NONE',  ( -5.000000000000000000, -17.50000000000000000, -55.55000000000000426 ) ) ;
#3904 = AXIS2_PLACEMENT_3D ( 'NONE', #884, #3679, #7887 ) ;
#3905 = CARTESIAN_POINT ( 'NONE',  ( 11.73523172333245235, 10.89583968172075323, -28.57151454881983454 ) ) ;
#3906 = CARTESIAN_POINT ( 'NONE',  ( -8.568662429244604084, 0.3887568071264717595, -58.10668783833612139 ) ) ;
#3907 = CARTESIAN_POINT ( 'NONE',  ( -8.291495555640167936, 15.50000000000000355, -58.75743297445332303 ) ) ;
#3908 = ORIENTED_EDGE ( 'NONE', *, *, #7471, .T. ) ;
#3909 = CARTESIAN_POINT ( 'NONE',  ( -2.585786437626903300, 47.86977054368165341, -26.53168124802698813 ) ) ;
#3910 = CARTESIAN_POINT ( 'NONE',  ( 9.055224473222640569, 10.49999999999996980, -54.52964768386858196 ) ) ;
#3911 = VECTOR ( 'NONE', #1722, 999.9999999999998863 ) ;
#3912 = CARTESIAN_POINT ( 'NONE',  ( -11.99704343092786729, 10.49999999999997158, -29.73676367232492979 ) ) ;
#3913 = DIRECTION ( 'NONE',  ( -0.000000000000000000, 1.000000000000000000, -0.000000000000000000 ) ) ;
#3914 = CARTESIAN_POINT ( 'NONE',  ( 12.53916494885572774, 15.49999999999996980, -26.85536025325691867 ) ) ;
#3915 = DIRECTION ( 'NONE',  ( -0.000000000000000000, 1.000000000000000000, -0.000000000000000000 ) ) ;
#3916 = LINE ( 'NONE', #4700, #8522 ) ;
#3917 = ORIENTED_EDGE ( 'NONE', *, *, #2492, .T. ) ;
#3918 = CARTESIAN_POINT ( 'NONE',  ( 11.30302104522391460, 10.85444150822984177, -28.27451596161818870 ) ) ;
#3919 = CARTESIAN_POINT ( 'NONE',  ( -4.430889511320331486, -17.50000000000000000, -64.74846588806126135 ) ) ;
#3920 = ADVANCED_FACE ( 'NONE', ( #1769 ), #5242, .T. ) ;
#3921 = CARTESIAN_POINT ( 'NONE',  ( 7.495936605649525575, 17.49999999999999645, -61.09963120059245512 ) ) ;
#3922 = DIRECTION ( 'NONE',  ( 0.000000000000000000, 0.000000000000000000, -1.000000000000000000 ) ) ;
#3923 = AXIS2_PLACEMENT_3D ( 'NONE', #2121, #2262, #3537 ) ;
#3924 = CARTESIAN_POINT ( 'NONE',  ( 3.232186483708316516, -17.50000000000000000, -64.99999945265899726 ) ) ;
#3925 = DIRECTION ( 'NONE',  ( -1.000000000000000000, -0.000000000000000000, -0.000000000000000000 ) ) ;
#3926 = VERTEX_POINT ( 'NONE', #4441 ) ;
#3927 = ADVANCED_FACE ( 'NONE', ( #4400 ), #7180, .T. ) ;
#3928 = VERTEX_POINT ( 'NONE', #3840 ) ;
#3929 = CARTESIAN_POINT ( 'NONE',  ( 1.689645392598450702, -2.507835412815722087, -66.15118573932274160 ) ) ;
#3930 = CARTESIAN_POINT ( 'NONE',  ( -14.75061411462114336, 17.50000000000000000, -28.49462891918893703 ) ) ;
#3931 = CARTESIAN_POINT ( 'NONE',  ( 21.29256583890891719, -52.95179965190978777, -128.0679520650571703 ) ) ;
#3932 = CARTESIAN_POINT ( 'NONE',  ( -13.06974153976334030, 17.50000000000000355, -52.47768557935081901 ) ) ;
#3933 = EDGE_CURVE ( 'NONE', #4068, #5067, #8007, .T. ) ;
#3934 = DIRECTION ( 'NONE',  ( 0.000000000000000000, -0.9396926207859103153, 0.3420201433256636059 ) ) ;
#3935 = CARTESIAN_POINT ( 'NONE',  ( 12.69940333415550704, 15.50038007851258826, -26.57190902770583207 ) ) ;
#3936 = CARTESIAN_POINT ( 'NONE',  ( -13.22159392661138355, 15.50000000000000355, -27.76700374530406634 ) ) ;
#3937 = SHAPE_DEFINITION_REPRESENTATION ( #3713, #6776 ) ;
#3938 = APPROVAL_PERSON_ORGANIZATION ( #6349, #6740, #5081 ) ;
#3939 = CARTESIAN_POINT ( 'NONE',  ( 17.29125687657509403, 17.50000000000000000, -44.74235023561192293 ) ) ;
#3940 = ORIENTED_EDGE ( 'NONE', *, *, #2534, .F. ) ;
#3941 = CARTESIAN_POINT ( 'NONE',  ( -15.05979928440407001, -29.52268764019383340, -78.84259813305334319 ) ) ;
#3942 = ORIENTED_EDGE ( 'NONE', *, *, #5803, .F. ) ;
#3943 = DIRECTION ( 'NONE',  ( 0.000000000000000000, -1.847366170628340904E-15, -1.000000000000000000 ) ) ;
#3944 = CARTESIAN_POINT ( 'NONE',  ( 6.930419308485719299, 15.50000000000000000, -60.27193418706201555 ) ) ;
#3945 = ADVANCED_FACE ( 'NONE', ( #1828 ), #2165, .T. ) ;
#3946 = ORIENTED_EDGE ( 'NONE', *, *, #2701, .F. ) ;
#3947 = CARTESIAN_POINT ( 'NONE',  ( 15.00240574293439799, -24.79567195388979073, -68.91042536112450989 ) ) ;
#3948 = CARTESIAN_POINT ( 'NONE',  ( -3.562125034031160542, -17.50000000000000000, -64.93474075469032414 ) ) ;
#3949 = CARTESIAN_POINT ( 'NONE',  ( -15.00918257614442730, 17.50000000000000000, -29.50125547268419979 ) ) ;
#3950 = CARTESIAN_POINT ( 'NONE',  ( -10.51116106064591094, -0.4458515536437953619, -60.47637416502460894 ) ) ;
#3951 = CARTESIAN_POINT ( 'NONE',  ( -9.224651642321559208, 15.50000000000000355, -57.60848691313372427 ) ) ;
#3952 = ORIENTED_EDGE ( 'NONE', *, *, #8957, .F. ) ;
#3953 = CIRCLE ( 'NONE', #5703, 5.000000000000000888 ) ;
#3954 = CARTESIAN_POINT ( 'NONE',  ( 20.00000000000000355, 3.234777356430450279, 24.81248959086564909 ) ) ;
#3955 = CARTESIAN_POINT ( 'NONE',  ( -34.27413766958427743, -38.16883726764547902, -200.4905443152565852 ) ) ;
#3956 = CARTESIAN_POINT ( 'NONE',  ( 11.76557775832072927, 10.49999999999997158, -47.68861082072366031 ) ) ;
#3957 = EDGE_CURVE ( 'NONE', #5182, #6439, #6261, .T. ) ;
#3958 = CARTESIAN_POINT ( 'NONE',  ( -5.950000000000001954, -15.00000000000000000, -29.00000000000000000 ) ) ;
#3959 = CARTESIAN_POINT ( 'NONE',  ( 10.73495041979840714, 10.49999999999997158, -28.18547420644974721 ) ) ;
#3960 = EDGE_CURVE ( 'NONE', #3895, #279, #8054, .T. ) ;
#3961 = DIRECTION ( 'NONE',  ( -9.060998515333324782E-07, 0.000000000000000000, 0.9999999999995895505 ) ) ;
#3962 = CARTESIAN_POINT ( 'NONE',  ( -11.39300795310071024, 10.89456987724198456, -28.49064243247749673 ) ) ;
#3963 = CARTESIAN_POINT ( 'NONE',  ( 12.70068052643219225, 15.49999999999996803, -26.98036215815367100 ) ) ;
#3964 = PLANE ( 'NONE',  #2196 ) ;
#3965 = CIRCLE ( 'NONE', #6590, 160.2684435961459997 ) ;
#3966 = CARTESIAN_POINT ( 'NONE',  ( -6.000000000000001776, 57.18184671051506029, -27.79443944768760844 ) ) ;
#3967 = CARTESIAN_POINT ( 'NONE',  ( -14.99999999999999645, -7.011872312450488032, 25.70895527601439667 ) ) ;
#3968 = VERTEX_POINT ( 'NONE', #8138 ) ;
#3969 = CARTESIAN_POINT ( 'NONE',  ( 30.27474945061317158, -38.69645160732542166, -202.5628129823641927 ) ) ;
#3970 = CARTESIAN_POINT ( 'NONE',  ( 9.481005733386652423, 17.49999999999999645, -59.21145285900556843 ) ) ;
#3971 = CARTESIAN_POINT ( 'NONE',  ( 20.84449952388741778, -18.99655472078706353, -125.8216374973967362 ) ) ;
#3972 = CARTESIAN_POINT ( 'NONE',  ( -21.83394534083409866, -52.77201484464040959, -140.2546543497150253 ) ) ;
#3973 = ORIENTED_EDGE ( 'NONE', *, *, #5830, .F. ) ;
#3974 = CARTESIAN_POINT ( 'NONE',  ( -5.114268114333075488, 15.50000000000000533, -61.29455685842206947 ) ) ;
#3975 = CARTESIAN_POINT ( 'NONE',  ( -33.29747611879918168, -40.83884742783489230, -211.1125766577939658 ) ) ;
#3976 = CARTESIAN_POINT ( 'NONE',  ( 15.43343724339183964, -47.54243059058379117, -116.7047953767772697 ) ) ;
#3977 = CARTESIAN_POINT ( 'NONE',  ( 11.69176360639217016, 15.50000000000000355, -53.72242873517610917 ) ) ;
#3978 = CARTESIAN_POINT ( 'NONE',  ( -4.888781262331375110, 15.49999999999997158, -61.40471459354129991 ) ) ;
#3979 = DIRECTION ( 'NONE',  ( 0.000000000000000000, 0.000000000000000000, 1.000000000000000000 ) ) ;
#3980 = EDGE_CURVE ( 'NONE', #367, #556, #2511, .T. ) ;
#3981 = CARTESIAN_POINT ( 'NONE',  ( 13.39552182108077538, 16.19649839552802817, -26.75942686429510076 ) ) ;
#3982 = PERSON_AND_ORGANIZATION_ROLE ( 'creator' ) ;
#3983 = CYLINDRICAL_SURFACE ( 'NONE', #6236, 1.299999999999988720 ) ;
#3984 = VERTEX_POINT ( 'NONE', #5300 ) ;
#3985 = CARTESIAN_POINT ( 'NONE',  ( 28.06218362667963007, -38.17193188232248247, -179.7741833218914564 ) ) ;
#3986 = ORIENTED_EDGE ( 'NONE', *, *, #8177, .T. ) ;
#3987 = CARTESIAN_POINT ( 'NONE',  ( -12.99936623653507795, 15.49999999999998757, -27.49909471489036861 ) ) ;
#3988 = CARTESIAN_POINT ( 'NONE',  ( -35.00000000000001421, -61.45764732152532162, -193.3775791335351357 ) ) ;
#3989 = CARTESIAN_POINT ( 'NONE',  ( 20.18557547073171321, -29.63657299411829982, -86.12865224214340287 ) ) ;
#3990 = ORIENTED_EDGE ( 'NONE', *, *, #4336, .T. ) ;
#3991 = VECTOR ( 'NONE', #3123, 1000.000000000000000 ) ;
#3992 = CARTESIAN_POINT ( 'NONE',  ( -16.96406644303513644, -17.50000000000000000, -45.67676378678276450 ) ) ;
#3993 = CARTESIAN_POINT ( 'NONE',  ( -13.67940204287983263, 17.50000000000001066, -26.76033608953217424 ) ) ;
#3994 = DIRECTION ( 'NONE',  ( 0.000000000000000000, 7.041199400250674180E-15, -1.000000000000000000 ) ) ;
#3995 = CARTESIAN_POINT ( 'NONE',  ( -13.66041666200284688, 15.50000000000000888, -47.22974421240335374 ) ) ;
#3996 = ORIENTED_EDGE ( 'NONE', *, *, #3158, .T. ) ;
#3997 = CARTESIAN_POINT ( 'NONE',  ( 33.31406485819050545, -84.13071926388658994, -193.0946193406961982 ) ) ;
#3998 = AXIS2_PLACEMENT_3D ( 'NONE', #3148, #4399, #5254 ) ;
#3999 = DIRECTION ( 'NONE',  ( 0.000000000000000000, -2.775557561562890957E-15, -1.000000000000000000 ) ) ;
#4000 = CARTESIAN_POINT ( 'NONE',  ( 12.01141234047810080, 10.49999999999996803, -29.16175227236203682 ) ) ;
#4001 = CARTESIAN_POINT ( 'NONE',  ( 35.00000000000001421, -57.92306129188306585, -194.6640632387779988 ) ) ;
#4002 = PLANE ( 'NONE',  #869 ) ;
#4003 = LINE ( 'NONE', #8723, #3083 ) ;
#4004 = DIRECTION ( 'NONE',  ( 1.000000000000000000, -0.000000000000000000, 0.000000000000000000 ) ) ;
#4005 = ORIENTED_EDGE ( 'NONE', *, *, #2556, .F. ) ;
#4006 = LINE ( 'NONE', #1953, #8717 ) ;
#4007 = EDGE_CURVE ( 'NONE', #2804, #2028, #8029, .T. ) ;
#4008 = CARTESIAN_POINT ( 'NONE',  ( -5.568481713940241384, 17.50000000000000000, -64.38227720309865276 ) ) ;
#4009 = CARTESIAN_POINT ( 'NONE',  ( 12.12730258567566821, 17.50000000000001421, -55.12453723832950914 ) ) ;
#4010 = APPROVAL ( #4769, 'ๆช' ) ;
#4011 = CARTESIAN_POINT ( 'NONE',  ( 20.34994017818789303, -22.75596010170082195, -118.9318027215608140 ) ) ;
#4012 =( BOUNDED_SURFACE ( )  B_SPLINE_SURFACE ( 3, 2, ( 
 ( #6062, #6898, #1869 ),
 ( #8951, #539, #8277 ),
 ( #1139, #5340, #634 ),
 ( #8859, #4057, #5527 ),
 ( #3425, #3929, #8188 ),
 ( #2686, #6205, #7580 ) ),
 .UNSPECIFIED., .F., .F., .F. ) 
 B_SPLINE_SURFACE_WITH_KNOTS ( ( 4, 2, 4 ),
 ( 3, 3 ),
 ( 2.356194490192344837, 2.748893571891068976, 3.141592653589793116 ),
 ( 0.000000000000000000, 1.000000000000000000 ),
 .UNSPECIFIED. ) 
 GEOMETRIC_REPRESENTATION_ITEM ( )  RATIONAL_B_SPLINE_SURFACE ( (
 ( 1.000000000000000000, 0.8527952502424127612, 1.000000000000000000),
 ( 1.000000000000000000, 0.8702469016146632264, 1.000000000000000000),
 ( 1.000000000000000000, 0.8836915997542607037, 1.000000000000000000),
 ( 1.000000000000000000, 0.9017261756368326608, 1.000000000000000000),
 ( 1.000000000000000000, 0.9063169728964712846, 1.000000000000000000),
 ( 1.000000000000000000, 0.9063077870366481603, 1.000000000000000000) ) ) 
 REPRESENTATION_ITEM ( '' )  SURFACE ( )  );
#4013 = CARTESIAN_POINT ( 'NONE',  ( 7.882359798085095015, 17.50000000000000000, -60.78853452176758054 ) ) ;
#4014 = CARTESIAN_POINT ( 'NONE',  ( 14.85769136698527149, 17.49999999999999645, -28.13851058181504428 ) ) ;
#4015 = CARTESIAN_POINT ( 'NONE',  ( -34.82906823473418001, -76.43033530955105448, -187.9279663789392032 ) ) ;
#4016 = ORIENTED_EDGE ( 'NONE', *, *, #2502, .F. ) ;
#4017 = CARTESIAN_POINT ( 'NONE',  ( -8.454850665660780251, 15.50000000000000178, -58.57308509925851325 ) ) ;
#4018 = PLANE ( 'NONE',  #4183 ) ;
#4019 = CARTESIAN_POINT ( 'NONE',  ( 26.83915290357557737, -64.81832656070852750, -164.8488550686738847 ) ) ;
#4020 = CARTESIAN_POINT ( 'NONE',  ( 14.01446229140735156, 15.50000000000000355, -46.73022967025722352 ) ) ;
#4021 = CARTESIAN_POINT ( 'NONE',  ( -3.809870719111177806, 15.49999999999997691, -61.80617198809350299 ) ) ;
#4022 = CARTESIAN_POINT ( 'NONE',  ( 7.659472779103442264, 1.332930306795892639, -59.24597661761853828 ) ) ;
#4023 = CARTESIAN_POINT ( 'NONE',  ( 14.04149850632139618, 15.50000000000000178, -28.77094497736550593 ) ) ;
#4024 = CARTESIAN_POINT ( 'NONE',  ( -13.66998389998182262, 15.50000000000000000, -28.50846128649876476 ) ) ;
#4025 = PERSON_AND_ORGANIZATION ( #5299, #8168 ) ;
#4026 = CARTESIAN_POINT ( 'NONE',  ( 11.89034399953086840, 17.50000000000000355, -59.39625266480197752 ) ) ;
#4027 = ORIENTED_EDGE ( 'NONE', *, *, #4969, .T. ) ;
#4028 = CARTESIAN_POINT ( 'NONE',  ( -15.74677920362074346, -51.96863723186157813, -126.0022987832571317 ) ) ;
#4029 = ORIENTED_EDGE ( 'NONE', *, *, #1647, .F. ) ;
#4030 = CARTESIAN_POINT ( 'NONE',  ( 15.00000000000000355, -7.011872312450456945, 25.70895527601439312 ) ) ;
#4031 = CARTESIAN_POINT ( 'NONE',  ( -35.00000000000000711, -66.70004169816095896, -207.4321702112938226 ) ) ;
#4032 = CARTESIAN_POINT ( 'NONE',  ( 21.23808018935940467, -27.39503672796876899, -152.6442670631267617 ) ) ;
#4033 = ORIENTED_EDGE ( 'NONE', *, *, #4200, .F. ) ;
#4034 = CARTESIAN_POINT ( 'NONE',  ( -14.95668314183600067, 17.50000000000000000, -29.22082229060493574 ) ) ;
#4035 = CARTESIAN_POINT ( 'NONE',  ( -10.88572630799901297, 15.50000000000000000, -54.85512377224025471 ) ) ;
#4036 = VERTEX_POINT ( 'NONE', #3239 ) ;
#4037 = LINE ( 'NONE', #616, #8816 ) ;
#4038 = ADVANCED_FACE ( 'NONE', ( #5209 ), #5385, .F. ) ;
#4039 = DIRECTION ( 'NONE',  ( -2.440625693109448659E-15, -0.1415684939157633992, 0.9899284628347760906 ) ) ;
#4040 = EDGE_CURVE ( 'NONE', #2781, #7240, #5944, .T. ) ;
#4041 = FACE_OUTER_BOUND ( 'NONE', #833, .T. ) ;
#4042 = CARTESIAN_POINT ( 'NONE',  ( -6.000000000000000000, 64.03012059312736426, 19.19740610003053405 ) ) ;
#4043 = LINE ( 'NONE', #571, #2360 ) ;
#4044 = CARTESIAN_POINT ( 'NONE',  ( -9.261424398851470841, 10.99405547730169275, -54.07897101637133375 ) ) ;
#4045 = AXIS2_PLACEMENT_3D ( 'NONE', #1927, #1108, #462 ) ;
#4046 = CARTESIAN_POINT ( 'NONE',  ( 11.83591997443186905, 15.49999999999997158, -53.40755413148066566 ) ) ;
#4047 = APPLICATION_CONTEXT ( 'configuration controlled 3d designs of mechanical parts and assemblies' ) ;
#4048 = VERTEX_POINT ( 'NONE', #1792 ) ;
#4049 = DIRECTION ( 'NONE',  ( -1.000000000000000000, -0.000000000000000000, -0.000000000000000000 ) ) ;
#4050 = CARTESIAN_POINT ( 'NONE',  ( 12.63781833388506648, 17.50000000000000711, -54.05899689888044435 ) ) ;
#4051 = CARTESIAN_POINT ( 'NONE',  ( 5.000000000000000000, -17.50000000000000000, -54.00000000000000711 ) ) ;
#4052 = CARTESIAN_POINT ( 'NONE',  ( 8.669942297300121226, 17.50000000000000355, -60.07478080977114843 ) ) ;
#4053 = DIRECTION ( 'NONE',  ( -0.000000000000000000, 1.000000000000000000, -0.000000000000000000 ) ) ;
#4054 = CARTESIAN_POINT ( 'NONE',  ( 13.57607457811025142, 17.50000000000000000, -26.40720622963371866 ) ) ;
#4055 = ORIENTED_EDGE ( 'NONE', *, *, #6250, .T. ) ;
#4056 = VERTEX_POINT ( 'NONE', #6020 ) ;
#4057 = CARTESIAN_POINT ( 'NONE',  ( 2.211375691587985415, -2.437436707499269772, -65.95776688607533345 ) ) ;
#4058 = FACE_BOUND ( 'NONE', #8482, .T. ) ;
#4059 = CARTESIAN_POINT ( 'NONE',  ( 26.14762225946109453, -63.52999589757244081, -162.2498185166361964 ) ) ;
#4060 = CARTESIAN_POINT ( 'NONE',  ( 14.16585751467659016, 15.50000000000000000, -45.76233979410526587 ) ) ;
#4061 = AXIS2_PLACEMENT_3D ( 'NONE', #937, #2448, #4595 ) ;
#4062 = CARTESIAN_POINT ( 'NONE',  ( -5.254177773026134979, 15.49999999999998224, -61.22016744978179759 ) ) ;
#4063 = DIRECTION ( 'NONE',  ( 0.000000000000000000, 0.000000000000000000, -1.000000000000000000 ) ) ;
#4064 = CARTESIAN_POINT ( 'NONE',  ( 13.52426672211042025, 15.50000000000000000, -27.82657351155791758 ) ) ;
#4065 = CARTESIAN_POINT ( 'NONE',  ( -13.71506979326927400, 15.49999999999999822, -28.60731910471539763 ) ) ;
#4066 = PERSON_AND_ORGANIZATION ( #5299, #8168 ) ;
#4067 = CARTESIAN_POINT ( 'NONE',  ( 9.135806999483149227, 17.50000000000000000, -62.34406576880689954 ) ) ;
#4068 = VERTEX_POINT ( 'NONE', #5257 ) ;
#4069 = CARTESIAN_POINT ( 'NONE',  ( 24.40906489232985521, -34.37381360129863594, -164.1763642170818400 ) ) ;
#4070 = PRODUCT_DEFINITION_FORMATION_WITH_SPECIFIED_SOURCE ( 'ไป', '', #1747, .NOT_KNOWN. ) ;
#4071 = VECTOR ( 'NONE', #3925, 1000.000000000000000 ) ;
#4072 = DIRECTION ( 'NONE',  ( 1.000000000000000000, -0.000000000000000000, 0.000000000000000000 ) ) ;
#4073 = CARTESIAN_POINT ( 'NONE',  ( -34.92220486190145579, -83.57027260760463605, -195.9710194526815883 ) ) ;
#4074 = CARTESIAN_POINT ( 'NONE',  ( 20.00000000000002487, -22.41521382067712054, -88.75701203222139668 ) ) ;
#4075 = ORIENTED_EDGE ( 'NONE', *, *, #3899, .T. ) ;
#4076 = SHAPE_REPRESENTATION_RELATIONSHIP ( 'NONE' , 'NONE' ,  #6776, #8465 ) ;
#4077 = CC_DESIGN_APPROVAL ( #6183, ( #8037 ) ) ;
#4078 = CARTESIAN_POINT ( 'NONE',  ( -13.44762316953522507, 17.49999999999999645, -26.52653940983282510 ) ) ;
#4079 = DIRECTION ( 'NONE',  ( -0.000000000000000000, -1.000000000000000000, 0.000000000000000000 ) ) ;
#4080 = CARTESIAN_POINT ( 'NONE',  ( -13.96657165734347039, 15.50000000000000000, -45.27894913385479470 ) ) ;
#4081 = VERTEX_POINT ( 'NONE', #3284 ) ;
#4082 = CARTESIAN_POINT ( 'NONE',  ( 30.74813677518849531, -81.66468073874030154, -187.9131005306463180 ) ) ;
#4083 = CARTESIAN_POINT ( 'NONE',  ( -10.68905464299020025, 10.49999999999996980, -28.25819388602710447 ) ) ;
#4084 = AXIS2_PLACEMENT_3D ( 'NONE', #5877, #3641, #7156 ) ;
#4085 = EDGE_CURVE ( 'NONE', #8247, #6774, #6558, .T. ) ;
#4086 = CARTESIAN_POINT ( 'NONE',  ( 12.22044315349817900, 10.49999999999996803, -29.61823765650300544 ) ) ;
#4087 = DIRECTION ( 'NONE',  ( -6.909354787455639071E-17, -0.9961946980917455452, 0.08715574274765872098 ) ) ;
#4088 = CARTESIAN_POINT ( 'NONE',  ( -27.82795879777453152, -37.21925593989234216, -196.7209771197022974 ) ) ;
#4089 = FACE_OUTER_BOUND ( 'NONE', #6044, .T. ) ;
#4090 = CARTESIAN_POINT ( 'NONE',  ( 6.636748250770824420, 15.49999999999996980, -60.49827376571141713 ) ) ;
#4091 = ADVANCED_FACE ( 'NONE', ( #4664 ), #1051, .F. ) ;
#4092 = CARTESIAN_POINT ( 'NONE',  ( -14.99999999999999645, -7.011872312450463163, 25.70895527601439667 ) ) ;
#4093 = VERTEX_POINT ( 'NONE', #8692 ) ;
#4094 = DIRECTION ( 'NONE',  ( 0.6081204024113459061, 0.2715109143604653164, 0.7459701063408685773 ) ) ;
#4095 = AXIS2_PLACEMENT_3D ( 'NONE', #8681, #5328, #3828 ) ;
#4096 = CARTESIAN_POINT ( 'NONE',  ( -2.370661744665771398, 17.50000000000000000, -64.99999999999958789 ) ) ;
#4097 = CARTESIAN_POINT ( 'NONE',  ( 7.352719805821442023, 17.50000000000000355, -61.21058869157989335 ) ) ;
#4098 = CARTESIAN_POINT ( 'NONE',  ( 21.27902717244557351, -31.57470097856341340, -174.5285050931591684 ) ) ;
#4099 = DIRECTION ( 'NONE',  ( 0.000000000000000000, -1.000000000000000000, 0.000000000000000000 ) ) ;
#4100 = CARTESIAN_POINT ( 'NONE',  ( 13.35485501874229364, 17.49999999999999645, -26.22250979179023034 ) ) ;
#4101 = TOROIDAL_SURFACE ( 'NONE', #5279, 17.99999999999999645, 2.000000000000000000 ) ;
#4102 = EDGE_CURVE ( 'NONE', #2175, #2028, #7438, .T. ) ;
#4103 = ORIENTED_EDGE ( 'NONE', *, *, #996, .T. ) ;
#4104 = ORIENTED_EDGE ( 'NONE', *, *, #1304, .T. ) ;
#4105 = CARTESIAN_POINT ( 'NONE',  ( -4.317074711224370809, 15.50000000000000355, -61.64512164894565416 ) ) ;
#4106 = CARTESIAN_POINT ( 'NONE',  ( 7.500000000000000000, -15.00000000000000000, -29.00000000000000000 ) ) ;
#4107 = CARTESIAN_POINT ( 'NONE',  ( 22.37128452526654598, -58.04624206900962946, -138.7532765359325424 ) ) ;
#4108 = CARTESIAN_POINT ( 'NONE',  ( -6.184950074217554494, 17.50000000000000000, -61.83812382146214048 ) ) ;
#4109 = CIRCLE ( 'NONE', #5286, 5.000000000000000888 ) ;
#4110 = CARTESIAN_POINT ( 'NONE',  ( -7.398216536167987911, 15.49999999999996625, -59.65371341809013472 ) ) ;
#4111 = DIRECTION ( 'NONE',  ( 0.000000000000000000, -0.9396926207859103153, 0.3420201433256636059 ) ) ;
#4112 = DIRECTION ( 'NONE',  ( 0.000000000000000000, 0.000000000000000000, 1.000000000000000000 ) ) ;
#4113 = CARTESIAN_POINT ( 'NONE',  ( -10.46813307712096197, 10.49999999999996980, -28.16831631810522651 ) ) ;
#4114 = PERSON_AND_ORGANIZATION_ROLE ( 'creator' ) ;
#4115 = CARTESIAN_POINT ( 'NONE',  ( 7.424320539963897403, 17.50000000000000000, -63.58684100607510459 ) ) ;
#4116 = ORIENTED_EDGE ( 'NONE', *, *, #3825, .F. ) ;
#4117 = CARTESIAN_POINT ( 'NONE',  ( -14.06971349694578066, 15.50000000000000178, -30.30001061052707456 ) ) ;
#4118 = ADVANCED_FACE ( 'NONE', ( #7485 ), #3794, .T. ) ;
#4119 = ORIENTED_EDGE ( 'NONE', *, *, #5930, .T. ) ;
#4120 = CARTESIAN_POINT ( 'NONE',  ( -12.98072707416207727, 15.50044488514925334, -27.47794977147935924 ) ) ;
#4121 = CARTESIAN_POINT ( 'NONE',  ( -34.81588236779212053, -39.74456993847584130, -206.6013818576602148 ) ) ;
#4122 = CARTESIAN_POINT ( 'NONE',  ( 34.72382355168834778, -38.48283812885115651, -201.7397258176136461 ) ) ;
#4123 = ORIENTED_EDGE ( 'NONE', *, *, #8481, .T. ) ;
#4124 = DIRECTION ( 'NONE',  ( 2.881937250546396616E-17, -0.9396926207859085389, 0.3420201433256681023 ) ) ;
#4125 = CARTESIAN_POINT ( 'NONE',  ( -12.61589855554722917, 15.49999999999997335, -27.12021171567613820 ) ) ;
#4126 = CARTESIAN_POINT ( 'NONE',  ( 24.41263691344954623, -59.90847738039795445, -154.9021369701086712 ) ) ;
#4127 = CARTESIAN_POINT ( 'NONE',  ( -10.17641820663968666, 15.50000000000000000, -56.15374400029008939 ) ) ;
#4128 = ORIENTED_EDGE ( 'NONE', *, *, #4523, .F. ) ;
#4129 = DIRECTION ( 'NONE',  ( 1.000000000000000000, 0.000000000000000000, 0.000000000000000000 ) ) ;
#4130 = CARTESIAN_POINT ( 'NONE',  ( -10.86531191133328811, 10.49999999999996980, -28.33797021686808648 ) ) ;
#4131 = VECTOR ( 'NONE', #3421, 1000.000000000000000 ) ;
#4132 = CARTESIAN_POINT ( 'NONE',  ( 10.71211903871321525, 10.49999999999997158, -28.17906593008505212 ) ) ;
#4133 = CARTESIAN_POINT ( 'NONE',  ( 34.82380689362021542, -42.68882824344382954, -200.2279589982381083 ) ) ;
#4134 = CARTESIAN_POINT ( 'NONE',  ( -18.01721284718311011, -27.34028303414537930, -158.0513846604422383 ) ) ;
#4135 = FACE_OUTER_BOUND ( 'NONE', #1249, .T. ) ;
#4136 = CARTESIAN_POINT ( 'NONE',  ( 15.74677920362053563, -21.88406933345536132, -136.9521860090369785 ) ) ;
#4137 = AXIS2_PLACEMENT_3D ( 'NONE', #8865, #8284, #504 ) ;
#4138 = CARTESIAN_POINT ( 'NONE',  ( 11.72933095849716700, 15.49999999999997513, -53.64107345919331493 ) ) ;
#4139 = CARTESIAN_POINT ( 'NONE',  ( -20.17069249520227814, -8.770626751727995440, -86.41948872293988870 ) ) ;
#4140 = CARTESIAN_POINT ( 'NONE',  ( 8.108715370090168406, 6.820318642432934730, 29.51789456345299811 ) ) ;
#4141 = ORIENTED_EDGE ( 'NONE', *, *, #4230, .T. ) ;
#4142 = DIRECTION ( 'NONE',  ( 0.000000000000000000, 0.000000000000000000, 1.000000000000000000 ) ) ;
#4143 = CARTESIAN_POINT ( 'NONE',  ( -6.843321194844953048, 17.49999999999999289, -61.39789808874284915 ) ) ;
#4144 = CARTESIAN_POINT ( 'NONE',  ( 34.50045113366803662, -42.75148368701747614, -199.2525061205782322 ) ) ;
#4145 = APPROVAL_STATUS ( 'not_yet_approved' ) ;
#4146 = CARTESIAN_POINT ( 'NONE',  ( 11.52529886632862777, 17.50000000000000355, -56.26136063235225038 ) ) ;
#4147 = DIRECTION ( 'NONE',  ( 0.000000000000000000, 0.000000000000000000, -1.000000000000000000 ) ) ;
#4148 = CARTESIAN_POINT ( 'NONE',  ( 14.16091505942223172, 17.50000000000001066, -27.01751921295166525 ) ) ;
#4149 = VERTEX_POINT ( 'NONE', #5893 ) ;
#4150 = ORIENTED_EDGE ( 'NONE', *, *, #3341, .T. ) ;
#4151 = CARTESIAN_POINT ( 'NONE',  ( -13.49724702980063107, 15.49999999999999822, -47.95426592143902411 ) ) ;
#4152 = CARTESIAN_POINT ( 'NONE',  ( -10.69897425704220417, -2.499999999999998668, -27.50447076303537486 ) ) ;
#4153 = ADVANCED_FACE ( 'NONE', ( #1099 ), #9034, .F. ) ;
#4154 = CARTESIAN_POINT ( 'NONE',  ( -29.70096918004738740, -80.89787048455831098, -186.3019165546994884 ) ) ;
#4155 = CARTESIAN_POINT ( 'NONE',  ( 14.85329799223474012, 17.50000000000000000, -28.12974348152554782 ) ) ;
#4156 = CARTESIAN_POINT ( 'NONE',  ( 9.871893268415455225, 0.002427959743392632107, -59.57477191154892893 ) ) ;
#4157 = CARTESIAN_POINT ( 'NONE',  ( 17.32783472253104406, -17.50000000000000000, -43.29998667119183864 ) ) ;
#4158 = CARTESIAN_POINT ( 'NONE',  ( -12.46135251344638561, 15.50000000000000000, -26.99323073882267821 ) ) ;
#4159 = CARTESIAN_POINT ( 'NONE',  ( 16.24660256066493602, 17.50000000000000000, -50.23874722523714809 ) ) ;
#4160 = ORIENTED_EDGE ( 'NONE', *, *, #1426, .T. ) ;
#4161 = FACE_OUTER_BOUND ( 'NONE', #4666, .T. ) ;
#4162 = ORIENTED_EDGE ( 'NONE', *, *, #7885, .F. ) ;
#4163 = LINE ( 'NONE', #8874, #7565 ) ;
#4164 = CARTESIAN_POINT ( 'NONE',  ( -35.00000000000002132, -43.93923155489100196, -215.7164276112283403 ) ) ;
#4165 = CARTESIAN_POINT ( 'NONE',  ( 36.99999999999999289, -87.54256388039573267, -194.5252236675478628 ) ) ;
#4166 = ORIENTED_EDGE ( 'NONE', *, *, #4652, .T. ) ;
#4167 = COORDINATED_UNIVERSAL_TIME_OFFSET ( 8, 0, .AHEAD. ) ;
#4168 = CARTESIAN_POINT ( 'NONE',  ( -19.99999999999999645, -24.79567195388979073, -68.91042536112450989 ) ) ;
#4169 = CARTESIAN_POINT ( 'NONE',  ( 13.87589046072605825, 17.50000000000000000, -51.05171075306608941 ) ) ;
#4170 = CARTESIAN_POINT ( 'NONE',  ( -12.72160822084251919, 15.49999999999998046, -27.21667239908374825 ) ) ;
#4171 = CARTESIAN_POINT ( 'NONE',  ( 22.99825752875263163, -56.33912054603321451, -147.6011223101060637 ) ) ;
#4172 = CARTESIAN_POINT ( 'NONE',  ( -3.830419678466694844, 17.50000000000000000, -64.90809256753466627 ) ) ;
#4173 = ORIENTED_EDGE ( 'NONE', *, *, #24, .F. ) ;
#4174 = B_SPLINE_CURVE_WITH_KNOTS ( 'NONE', 3,
 ( #218, #5792, #4292, #8603 ),
 .UNSPECIFIED., .F., .F.,
 ( 4, 4 ),
 ( 5.391203830429239734E-05, 0.005460827427595107454 ),
 .UNSPECIFIED. ) ;
#4175 = DIRECTION ( 'NONE',  ( -1.000000000000000000, -0.000000000000000000, -0.000000000000000000 ) ) ;
#4176 = CARTESIAN_POINT ( 'NONE',  ( 15.00000000000000355, -170.2684435961459712, -6.522560269672794675E-13 ) ) ;
#4177 = VECTOR ( 'NONE', #8671, 1000.000000000000000 ) ;
#4178 = ADVANCED_FACE ( 'NONE', ( #8365 ), #7955, .T. ) ;
#4179 = CARTESIAN_POINT ( 'NONE',  ( 11.22244486946889452, 15.50000000000000000, -26.24521181181329865 ) ) ;
#4180 = CARTESIAN_POINT ( 'NONE',  ( -18.77465747378690253, -23.21383430487577826, -69.54806925045051003 ) ) ;
#4181 = CARTESIAN_POINT ( 'NONE',  ( -29.68410705484147272, -38.48283812885057387, -201.7397258176119124 ) ) ;
#4182 = CARTESIAN_POINT ( 'NONE',  ( -2.803312921281547521, 10.90635408097777592, -60.16254645201124873 ) ) ;
#4183 = AXIS2_PLACEMENT_3D ( 'NONE', #5620, #6258, #7489 ) ;
#4184 = CARTESIAN_POINT ( 'NONE',  ( -1.171572875253813040, 20.28317997771091541, -55.72757898349544803 ) ) ;
#4185 = CARTESIAN_POINT ( 'NONE',  ( 9.746278085961638027, 15.49999999999996270, -57.23406903650826649 ) ) ;
#4186 = CARTESIAN_POINT ( 'NONE',  ( 8.883296847073603786, 10.95744031201465774, -55.21508011316885955 ) ) ;
#4187 = VERTEX_POINT ( 'NONE', #3873 ) ;
#4188 = CARTESIAN_POINT ( 'NONE',  ( -17.06970063498989632, 17.50000000000000000, -44.49486691573818575 ) ) ;
#4189 = CARTESIAN_POINT ( 'NONE',  ( 20.41990639288109932, -24.62235605950810324, -125.9444945396885061 ) ) ;
#4190 = PERSON_AND_ORGANIZATION_ROLE ( 'classification_officer' ) ;
#4191 = CARTESIAN_POINT ( 'NONE',  ( 10.30031387967223999, 17.50000000000000355, -58.18111422711535141 ) ) ;
#4192 = CIRCLE ( 'NONE', #5219, 1.299999999999988720 ) ;
#4193 = CARTESIAN_POINT ( 'NONE',  ( 6.000000000000000000, 61.85122702443587883, -3.107461352263120258 ) ) ;
#4194 = CARTESIAN_POINT ( 'NONE',  ( 14.41579866286757117, 17.49999999999999289, -27.35631084256077372 ) ) ;
#4195 = CARTESIAN_POINT ( 'NONE',  ( 20.65676697838423337, -15.00327994369796514, -110.4349061084816555 ) ) ;
#4196 = ORIENTED_EDGE ( 'NONE', *, *, #3609, .T. ) ;
#4197 = ORIENTED_EDGE ( 'NONE', *, *, #7460, .F. ) ;
#4198 = CARTESIAN_POINT ( 'NONE',  ( -11.82485347000577391, 15.50000000000000355, -52.85243124736986431 ) ) ;
#4199 = DIRECTION ( 'NONE',  ( 0.000000000000000000, 1.734723475976807094E-15, 1.000000000000000000 ) ) ;
#4200 = EDGE_CURVE ( 'NONE', #8857, #2791, #1853, .T. ) ;
#4201 = CARTESIAN_POINT ( 'NONE',  ( -30.74839950377656805, -81.66492059730859410, -187.9136045096680618 ) ) ;
#4202 = LINE ( 'NONE', #6260, #2640 ) ;
#4203 = CARTESIAN_POINT ( 'NONE',  ( -14.06971349694578066, 15.50000000000000178, -30.30001061052707456 ) ) ;
#4204 = FACE_OUTER_BOUND ( 'NONE', #3369, .T. ) ;
#4205 = SECURITY_CLASSIFICATION_LEVEL ( 'unclassified' ) ;
#4206 = EDGE_CURVE ( 'NONE', #8657, #3617, #873, .T. ) ;
#4207 = CARTESIAN_POINT ( 'NONE',  ( 14.91641481563392091, 17.50000000000000000, -53.86125496721451356 ) ) ;
#4208 = ORIENTED_EDGE ( 'NONE', *, *, #2437, .T. ) ;
#4209 = CARTESIAN_POINT ( 'NONE',  ( 0.000000000000000000, -170.2684435961459712, -6.522560269672794675E-13 ) ) ;
#4210 = ORIENTED_EDGE ( 'NONE', *, *, #4102, .F. ) ;
#4211 = CARTESIAN_POINT ( 'NONE',  ( -19.93754955125193362, -9.989051550129076418, -74.43953362040959121 ) ) ;
#4212 = AXIS2_PLACEMENT_3D ( 'NONE', #4904, #920, #2347 ) ;
#4213 = FACE_OUTER_BOUND ( 'NONE', #8071, .T. ) ;
#4214 = VECTOR ( 'NONE', #1724, 1000.000000000000227 ) ;
#4215 = EDGE_CURVE ( 'NONE', #1285, #6860, #5028, .T. ) ;
#4216 = DIRECTION ( 'NONE',  ( 0.000000000000000000, 0.000000000000000000, 1.000000000000000000 ) ) ;
#4217 = ORIENTED_EDGE ( 'NONE', *, *, #3606, .F. ) ;
#4218 = DATE_TIME_ROLE ( 'classification_date' ) ;
#4219 = CARTESIAN_POINT ( 'NONE',  ( -2.370661744665606641, 12.49999999999997868, -60.79999999999958504 ) ) ;
#4220 = VECTOR ( 'NONE', #7198, 1000.000000000000000 ) ;
#4221 = AXIS2_PLACEMENT_3D ( 'NONE', #3200, #5170, #1704 ) ;
#4222 = DIRECTION ( 'NONE',  ( -6.938893903907229918E-18, 0.08715574274765917895, 0.9961946980917455452 ) ) ;
#4223 = CYLINDRICAL_SURFACE ( 'NONE', #3645, 5.000000000000000888 ) ;
#4224 = VERTEX_POINT ( 'NONE', #6925 ) ;
#4225 = ADVANCED_FACE ( 'NONE', ( #4135 ), #4002, .F. ) ;
#4226 = DIRECTION ( 'NONE',  ( 0.000000000000000000, 0.000000000000000000, 1.000000000000000000 ) ) ;
#4227 = CARTESIAN_POINT ( 'NONE',  ( -34.95997818389698608, -43.02989235412471913, -200.4546825495172016 ) ) ;
#4228 = CARTESIAN_POINT ( 'NONE',  ( 5.685961107117269542, 10.49999999999996803, -58.70623706832522970 ) ) ;
#4229 = CC_DESIGN_SECURITY_CLASSIFICATION ( #5835, ( #1759 ) ) ;
#4230 = EDGE_CURVE ( 'NONE', #2846, #2175, #2172, .T. ) ;
#4231 = CARTESIAN_POINT ( 'NONE',  ( -10.80124321389918940, 10.49999999999996980, -28.30687341583324468 ) ) ;
#4232 = CARTESIAN_POINT ( 'NONE',  ( 12.07829469682238432, 15.50000000000000355, -26.57844652732208957 ) ) ;
#4233 = CARTESIAN_POINT ( 'NONE',  ( 34.82633725951543369, -42.81638539067029825, -200.1624436055258514 ) ) ;
#4234 = SECURITY_CLASSIFICATION ( '', '', #4205 ) ;
#4235 = DIRECTION ( 'NONE',  ( 0.6081204024113489037, -0.2715109143604644837, -0.7459701063408663568 ) ) ;
#4236 = CARTESIAN_POINT ( 'NONE',  ( -8.338386346326331022, 10.49999999999997158, -55.33091396953798835 ) ) ;
#4237 = CARTESIAN_POINT ( 'NONE',  ( -1.171572875253809709, 70.35591175266847586, 23.95925043591155301 ) ) ;
#4238 = CARTESIAN_POINT ( 'NONE',  ( 7.500000000000000000, -2.499999999999998668, -29.00000000000000000 ) ) ;
#4239 = ADVANCED_FACE ( 'NONE', ( #7563 ), #2079, .F. ) ;
#4240 = CARTESIAN_POINT ( 'NONE',  ( 5.442120811268254421, 10.95798724425570825, -59.12475393234784349 ) ) ;
#4241 = ORIENTED_EDGE ( 'NONE', *, *, #8441, .T. ) ;
#4242 = B_SPLINE_CURVE_WITH_KNOTS ( 'NONE', 3,
 ( #7800, #804, #847, #4329, #7655, #6241, #4828, #3589, #5602, #8493, #4136, #2222, #7754, #1456, #6290, #2768, #9032, #1502, #4277, #8445, #6331, #2080 ),
 .UNSPECIFIED., .F., .F.,
 ( 4, 2, 2, 2, 2, 2, 2, 2, 2, 2, 4 ),
 ( 0.000000000000000000, 0.03299945094754930253, 0.04949917642132396073, 0.05362410778976761661, 0.05774903915821126554, 0.06599890189509864669, 0.08249862736887333958, 0.09074849010576072073, 0.09899835284264810187, 0.1154980783164228919, 0.1319978037901976542 ),
 .UNSPECIFIED. ) ;
#4243 = CARTESIAN_POINT ( 'NONE',  ( 26.34126268137066518, -31.28189240783960301, -173.3849576621774986 ) ) ;
#4244 = EDGE_CURVE ( 'NONE', #2017, #1285, #7610, .T. ) ;
#4245 = CARTESIAN_POINT ( 'NONE',  ( 11.22960467509611959, 17.50000000000000711, -56.77146230897205470 ) ) ;
#4246 = CARTESIAN_POINT ( 'NONE',  ( 0.000000000000000000, 3.234777356430490691, 24.81248959086564909 ) ) ;
#4247 = CARTESIAN_POINT ( 'NONE',  ( 13.24712574504346740, 17.49999999999999645, -26.13876939982239023 ) ) ;
#4248 = CARTESIAN_POINT ( 'NONE',  ( 16.66666666666667140, -6.001819538171613289, -75.75082822763783952 ) ) ;
#4249 = CIRCLE ( 'NONE', #6581, 19.41421356237309226 ) ;
#4250 = VERTEX_POINT ( 'NONE', #1210 ) ;
#4251 = CARTESIAN_POINT ( 'NONE',  ( -14.04794579979886748, 15.50000000000000355, -44.29363444000520644 ) ) ;
#4252 = LINE ( 'NONE', #7820, #1049 ) ;
#4253 = CARTESIAN_POINT ( 'NONE',  ( 4.700409070938294853, 15.50000000000000355, -61.59787701897806045 ) ) ;
#4254 = CARTESIAN_POINT ( 'NONE',  ( -34.81211421851381260, -77.54901214452709723, -187.8463588073828987 ) ) ;
#4255 = VECTOR ( 'NONE', #7734, 999.9999999999998863 ) ;
#4256 = CARTESIAN_POINT ( 'NONE',  ( -10.71862182145276421, 10.54911935785803578, -27.70172557159440174 ) ) ;
#4257 = CARTESIAN_POINT ( 'NONE',  ( -2.370661744665771398, -17.50000000000000000, -64.99999999999958789 ) ) ;
#4258 = FACE_OUTER_BOUND ( 'NONE', #3065, .T. ) ;
#4259 = EDGE_LOOP ( 'NONE', ( #3319, #6266, #130, #5744 ) ) ;
#4260 = DIRECTION ( 'NONE',  ( 1.000000000000000000, 0.000000000000000000, 0.000000000000000000 ) ) ;
#4261 = AXIS2_PLACEMENT_3D ( 'NONE', #8645, #7262, #313 ) ;
#4262 = DIRECTION ( 'NONE',  ( -0.000000000000000000, 1.000000000000000000, -0.000000000000000000 ) ) ;
#4263 = DIRECTION ( 'NONE',  ( -0.000000000000000000, 1.000000000000000000, -0.000000000000000000 ) ) ;
#4264 = ORIENTED_EDGE ( 'NONE', *, *, #7858, .T. ) ;
#4265 = APPROVAL_DATE_TIME ( #8576, #6573 ) ;
#4266 = CARTESIAN_POINT ( 'NONE',  ( -35.00000000000000711, 5.000000000000000000, 24.00000000000000000 ) ) ;
#4267 = CARTESIAN_POINT ( 'NONE',  ( 20.40555532036851361, -42.17687015867348777, -118.0100591651344502 ) ) ;
#4268 = B_SPLINE_CURVE_WITH_KNOTS ( 'NONE', 3,
 ( #4718, #5220, #3939, #6722, #7323, #3855, #3250, #6636, #8828, #5399, #2560, #6765, #3165, #506, #3295, #5956, #6265, #5445, #4159, #8244, #5626, #2107, #2696, #689, #2149, #8962, #6312, #3, #4207, #2790, #8918, #53, #6992, #1972, #4901, #598, #8287, #6216, #6164, #549, #4854, #6907, #1234, #4761, #7498, #8337, #7544, #4026, #737, #7679, #6859, #6811, #1336, #7590, #3478, #4805, #6950, #1284, #6119, #8377, #5582, #1429, #4067, #3344, #2653, #3391, #7634, #3523, #2061, #2839, #8423, #4115, #5490, #645, #2015, #3435, #9010, #2743, #5534, #1385, #93, #7726 ),
 .UNSPECIFIED., .F., .F.,
 ( 4, 1, 1, 1, 1, 1, 2, 2, 1, 1, 1, 1, 1, 2, 2, 1, 1, 1, 1, 1, 2, 2, 1, 1, 1, 2, 2, 1, 1, 1, 1, 1, 2, 2, 1, 1, 1, 1, 1, 2, 2, 2, 1, 1, 1, 1, 2, 2, 1, 1, 1, 1, 2, 2, 1, 1, 1, 1, 2, 2, 4 ),
 ( 0.000000000000000000, 0.06249999999998520628, 0.09374999999997780942, 0.1093749999999744649, 0.1171874999999727995, 0.1210937499999719669, 0.1230468749999718697, 0.1249999999999717726, 0.1874999999999592271, 0.2187499999999526212, 0.2343749999999489853, 0.2421874999999467926, 0.2460937499999456268, 0.2480468749999450162, 0.2499999999999443778, 0.3124999999999223954, 0.3437499999999113487, 0.3593749999999058531, 0.3671874999999026890, 0.3710937499999014677, 0.3730468749999008016, 0.3749999999999001910, 0.4062499999998950284, 0.4218749999998920308, 0.4296874999998905875, 0.4335937499998901434, 0.4374999999998897549, 0.4687499999998870348, 0.4843749999998857025, 0.4921874999998846478, 0.4960937499998842037, 0.4980468749998843148, 0.4990234374998848144, 0.4999999999998853140, 0.5624999999999050759, 0.5937499999999146238, 0.6093749999999191758, 0.6171874999999217293, 0.6210937499999229505, 0.6230468749999232836, 0.6249999999999235056, 0.6874999999999242828, 0.7187499999999247269, 0.7343749999999251710, 0.7421874999999255040, 0.7460937499999256151, 0.7480468749999259481, 0.7499999999999262812, 0.7812499999999350520, 0.7968749999999394928, 0.8046874999999421574, 0.8085937499999434896, 0.8105468749999441558, 0.8124999999999448219, 0.8437499999999520384, 0.8593749999999557021, 0.8671874999999574785, 0.8710937499999586997, 0.8730468749999595879, 0.8749999999999603650, 1.000000000000000000 ),
 .UNSPECIFIED. ) ;
#4269 = CARTESIAN_POINT ( 'NONE',  ( -12.32711813372812770, 17.49999999999999645, -58.38090781917339456 ) ) ;
#4270 = ORIENTED_EDGE ( 'NONE', *, *, #310, .T. ) ;
#4271 = CARTESIAN_POINT ( 'NONE',  ( -11.83993066848141140, -2.499999999999995115, -28.74477051893622459 ) ) ;
#4272 = CARTESIAN_POINT ( 'NONE',  ( 2.628825013707255298, 10.49999999999996980, -59.99999999999977263 ) ) ;
#4273 = CARTESIAN_POINT ( 'NONE',  ( -9.659183764587945475, 15.49999999999996980, -56.98125398690480381 ) ) ;
#4274 = CARTESIAN_POINT ( 'NONE',  ( 12.18396294755344833, 15.50000000000000000, -26.63577175693431798 ) ) ;
#4275 = CARTESIAN_POINT ( 'NONE',  ( 34.81102029971826539, -40.89674863333819133, -203.9009824885701221 ) ) ;
#4276 = CARTESIAN_POINT ( 'NONE',  ( -5.590750284949936422, 10.49999999999997513, -58.57495262699990946 ) ) ;
#4277 = CARTESIAN_POINT ( 'NONE',  ( 23.01321159950578732, -33.35359701416918909, -181.4835847041810553 ) ) ;
#4278 = EDGE_CURVE ( 'NONE', #7773, #7209, #7574, .T. ) ;
#4279 = LINE ( 'NONE', #2368, #1328 ) ;
#4280 = CARTESIAN_POINT ( 'NONE',  ( 15.00000000000000355, 3.234777356430468043, 24.81248959086564554 ) ) ;
#4281 = CARTESIAN_POINT ( 'NONE',  ( -20.77364402578857394, -17.94166113288662245, -121.7569624657839142 ) ) ;
#4282 = LINE ( 'NONE', #5692, #4956 ) ;
#4283 = ADVANCED_FACE ( 'NONE', ( #6190, #4738 ), #6788, .F. ) ;
#4284 = CARTESIAN_POINT ( 'NONE',  ( -6.000000000000001776, 46.90830655305971675, -1.800125211048237972 ) ) ;
#4285 = ORIENTED_EDGE ( 'NONE', *, *, #6337, .F. ) ;
#4286 = CC_DESIGN_DATE_AND_TIME_ASSIGNMENT ( #5698, #37, ( #5835 ) ) ;
#4287 = CARTESIAN_POINT ( 'NONE',  ( -5.900553857122568857, 17.49999999999999645, -62.00581236101901084 ) ) ;
#4288 = CARTESIAN_POINT ( 'NONE',  ( 22.37128452540521550, -25.42452443116127725, -150.6266107467441770 ) ) ;
#4289 = APPROVAL_ROLE ( '' ) ;
#4290 = CARTESIAN_POINT ( 'NONE',  ( 10.99857503467130115, 17.50000000000000355, -57.15020897891982088 ) ) ;
#4291 = AXIS2_PLACEMENT_3D ( 'NONE', #5906, #235, #2438 ) ;
#4292 = CARTESIAN_POINT ( 'NONE',  ( -12.03662064976567692, 13.84411499754955166, -27.06996776630706592 ) ) ;
#4293 = CARTESIAN_POINT ( 'NONE',  ( 13.94817664806643442, 15.49999999999996980, -28.55434311232031419 ) ) ;
#4294 = CARTESIAN_POINT ( 'NONE',  ( -7.500000000000000000, -15.00000000000000000, -29.00000000000000000 ) ) ;
#4295 = EDGE_CURVE ( 'NONE', #7408, #5077, #2785, .T. ) ;
#4296 = CARTESIAN_POINT ( 'NONE',  ( -10.54123595564847982, 15.50000000000000000, -55.50889246257445109 ) ) ;
#4297 = CARTESIAN_POINT ( 'NONE',  ( -17.06970171764654509, 17.50000000000000000, -43.30001332882125098 ) ) ;
#4298 = CARTESIAN_POINT ( 'NONE',  ( 34.52336234840127105, -80.64371167687927766, -185.7782682173713056 ) ) ;
#4299 = EDGE_LOOP ( 'NONE', ( #4992, #5757, #5501, #8662, #7818, #4999 ) ) ;
#4300 = CARTESIAN_POINT ( 'NONE',  ( -6.000000000000001776, 47.21989972959759996, -28.22288202021100645 ) ) ;
#4301 = CC_DESIGN_DATE_AND_TIME_ASSIGNMENT ( #5349, #548, ( #478 ) ) ;
#4302 = CARTESIAN_POINT ( 'NONE',  ( 6.783589818624369272, 15.50000000000000000, -60.38695758258971580 ) ) ;
#4303 = CARTESIAN_POINT ( 'NONE',  ( 14.99450138919861075, 16.83333333333332504, -43.29998878542485841 ) ) ;
#4304 = VECTOR ( 'NONE', #8611, 1000.000000000000000 ) ;
#4305 = CARTESIAN_POINT ( 'NONE',  ( 15.00000000000000711, -19.66536980400483614, -54.81503604933586615 ) ) ;
#4306 = COORDINATED_UNIVERSAL_TIME_OFFSET ( 8, 0, .AHEAD. ) ;
#4307 = CARTESIAN_POINT ( 'NONE',  ( -7.500000000000000000, -2.499999999999998668, -26.00000000000000711 ) ) ;
#4308 = ORIENTED_EDGE ( 'NONE', *, *, #3422, .T. ) ;
#4309 = CARTESIAN_POINT ( 'NONE',  ( -13.23618175602471503, -2.499999999999995115, -60.19999999999958362 ) ) ;
#4310 = LINE ( 'NONE', #831, #4699 ) ;
#4311 = LINE ( 'NONE', #2202, #23 ) ;
#4312 = ORIENTED_EDGE ( 'NONE', *, *, #8406, .T. ) ;
#4313 = EDGE_CURVE ( 'NONE', #7906, #1160, #3313, .T. ) ;
#4314 = PERSON_AND_ORGANIZATION ( #5299, #8168 ) ;
#4315 = CARTESIAN_POINT ( 'NONE',  ( 14.72899099466485140, 17.50000000000001066, -48.21954660479573107 ) ) ;
#4316 = FACE_OUTER_BOUND ( 'NONE', #4, .T. ) ;
#4317 = CARTESIAN_POINT ( 'NONE',  ( -7.298070184508140379, 17.50000000000000000, -63.50146555136661419 ) ) ;
#4318 = ORIENTED_EDGE ( 'NONE', *, *, #2349, .T. ) ;
#4319 = EDGE_LOOP ( 'NONE', ( #728, #8972 ) ) ;
#4320 = DIRECTION ( 'NONE',  ( 0.000000000000000000, 0.000000000000000000, -1.000000000000000000 ) ) ;
#4321 = CARTESIAN_POINT ( 'NONE',  ( 2.705104731435707954, 10.49999999999996270, -60.00000149297074614 ) ) ;
#4322 = ADVANCED_FACE ( 'NONE', ( #4089 ), #9031, .T. ) ;
#4323 = CARTESIAN_POINT ( 'NONE',  ( -13.32314491691700908, 15.49999999999996980, -48.64235902100858766 ) ) ;
#4324 = CARTESIAN_POINT ( 'NONE',  ( 11.23881933128800448, 15.50000000000000533, -26.24966253233712266 ) ) ;
#4325 = CARTESIAN_POINT ( 'NONE',  ( -34.80974741079724311, -41.87736423742830993, -200.9963524849746079 ) ) ;
#4326 = CARTESIAN_POINT ( 'NONE',  ( 5.000000000000000000, -17.50000000000000000, -54.00000000000000711 ) ) ;
#4327 = CARTESIAN_POINT ( 'NONE',  ( -7.351025841785149062, 10.49999999999996980, -56.76744572360784247 ) ) ;
#4328 = ADVANCED_FACE ( 'NONE', ( #8398 ), #200, .T. ) ;
#4329 = CARTESIAN_POINT ( 'NONE',  ( 15.29008949348527757, -15.67276815755652386, -113.0145521107591833 ) ) ;
#4330 = CARTESIAN_POINT ( 'NONE',  ( 9.522096153077050928, -0.8715173882866636967, -61.65543891584922420 ) ) ;
#4331 = CARTESIAN_POINT ( 'NONE',  ( -19.99191685750174940, -24.60614944768832046, -68.51220999636151987 ) ) ;
#4332 = CARTESIAN_POINT ( 'NONE',  ( -15.31904557506354436, -16.41921758829061062, -115.8907420869763456 ) ) ;
#4333 = CARTESIAN_POINT ( 'NONE',  ( -34.84392767575937455, -43.39343128632533819, -199.9524160757009383 ) ) ;
#4334 = CARTESIAN_POINT ( 'NONE',  ( 10.39408629951036112, 4.274164689850431742, 29.74065416989570210 ) ) ;
#4335 = EDGE_LOOP ( 'NONE', ( #7593, #8510, #529 ) ) ;
#4336 = EDGE_CURVE ( 'NONE', #8921, #7029, #5460, .T. ) ;
#4337 = CARTESIAN_POINT ( 'NONE',  ( -7.082977564196802689, 17.50000000000000000, -61.21944644074954311 ) ) ;
#4338 = CARTESIAN_POINT ( 'NONE',  ( 12.52782294323494128, 11.08100000000013630, -30.29999102047650084 ) ) ;
#4339 = AXIS2_PLACEMENT_3D ( 'NONE', #2005, #7628, #1323 ) ;
#4340 = CARTESIAN_POINT ( 'NONE',  ( -12.26967133912770436, 10.99992376778905268, -43.29999999999276383 ) ) ;
#4341 = CARTESIAN_POINT ( 'NONE',  ( 13.07926911976050199, 17.49999999999999645, -26.00886017150028451 ) ) ;
#4342 = CARTESIAN_POINT ( 'NONE',  ( 10.22408385488068916, -26.08180391718219582, -153.1222447169151906 ) ) ;
#4343 = ORIENTED_EDGE ( 'NONE', *, *, #5450, .F. ) ;
#4344 = CARTESIAN_POINT ( 'NONE',  ( 14.87404901147464642, 17.67502449408923226, -27.96440655013394405 ) ) ;
#4345 = CARTESIAN_POINT ( 'NONE',  ( 35.29366683386502501, -81.58489205480363182, -187.7174004651521670 ) ) ;
#4346 = VERTEX_POINT ( 'NONE', #5363 ) ;
#4347 = CARTESIAN_POINT ( 'NONE',  ( 9.045740312956054296, 15.50000000000000355, -58.17405054776371998 ) ) ;
#4348 = CARTESIAN_POINT ( 'NONE',  ( -34.95503602704494739, -41.65177020169568323, -213.9501318919619166 ) ) ;
#4349 = AXIS2_PLACEMENT_3D ( 'NONE', #3570, #2881, #6350 ) ;
#4350 = COORDINATED_UNIVERSAL_TIME_OFFSET ( 8, 0, .AHEAD. ) ;
#4351 = CARTESIAN_POINT ( 'NONE',  ( -13.32446599908523588, 15.49999999999996980, -27.91128406892578084 ) ) ;
#4352 = FACE_OUTER_BOUND ( 'NONE', #3662, .T. ) ;
#4353 = CARTESIAN_POINT ( 'NONE',  ( -10.84879220057935001, 17.49999999999999645, -56.97437045713090242 ) ) ;
#4354 = AXIS2_PLACEMENT_3D ( 'NONE', #5179, #1710, #5772 ) ;
#4355 = VERTEX_POINT ( 'NONE', #656 ) ;
#4356 = DIRECTION ( 'NONE',  ( -0.000000000000000000, 0.3420201433256692680, 0.9396926207859082059 ) ) ;
#4357 = CARTESIAN_POINT ( 'NONE',  ( 2.628826828018824280, 15.50000000000000178, -61.99999999999894840 ) ) ;
#4358 = CARTESIAN_POINT ( 'NONE',  ( -6.000000000000001776, 61.85122702443587883, -5.707461352263104359 ) ) ;
#4359 = ORIENTED_EDGE ( 'NONE', *, *, #7179, .T. ) ;
#4360 = PERSON_AND_ORGANIZATION ( #5299, #8168 ) ;
#4361 = CARTESIAN_POINT ( 'NONE',  ( 12.34481151947678512, 17.50000000000000000, -54.68121334323612359 ) ) ;
#4362 = CARTESIAN_POINT ( 'NONE',  ( 11.41719919481510814, -2.499999999999995115, -28.34780130678841914 ) ) ;
#4363 = CARTESIAN_POINT ( 'NONE',  ( -5.825700545573393896, 17.50000000000000355, -64.27186187212042512 ) ) ;
#4364 = ORIENTED_EDGE ( 'NONE', *, *, #7075, .F. ) ;
#4365 = ORIENTED_EDGE ( 'NONE', *, *, #6466, .F. ) ;
#4366 = CARTESIAN_POINT ( 'NONE',  ( -12.22265076263122729, -2.499999999999995115, -29.57249466851295594 ) ) ;
#4367 = CARTESIAN_POINT ( 'NONE',  ( 3.255313614794553168, 10.49999999999997158, -59.94178199711367938 ) ) ;
#4368 = B_SPLINE_SURFACE_WITH_KNOTS ( 'NONE', 3, 3, ( 
 ( #3647, #8553, #5198, #7905, #4513, #2274 ),
 ( #7160, #902, #7299, #3693, #6475, #213 ),
 ( #1643, #5786, #3397, #2066, #3989, #6172 ),
 ( #3442, #2613, #1290, #6224, #2658, #7549 ),
 ( #5405, #5587, #2113, #8252, #1977, #7504 ),
 ( #8876, #8205, #4766, #606, #4074, #7596 ),
 ( #8341, #2750, #6817, #6272, #8383, #7461 ),
 ( #1194, #6773, #4860, #5453, #2020, #1343 ),
 ( #512, #3301, #6078, #698, #7639, #555 ),
 ( #6865, #8971, #651, #2702, #6914, #4724 ),
 ( #3351, #9015, #4032, #1240, #6126, #5494 ),
 ( #4122, #1390, #4812, #2797, #1934, #8293 ) ),
 .UNSPECIFIED., .F., .F., .F.,
 ( 4, 1, 1, 1, 2, 1, 1, 1, 4 ),
 ( 4, 2, 4 ),
 ( 0.3149717514124293904, 0.3381002824858759803, 0.3612288135593226812, 0.3843573446327693821, 0.4074858757062159720, 0.4306144067796620067, 0.4537429378531080415, 0.4768714689265539652, 0.5000000000000000000 ),
 ( 0.1022451910075078407, 0.6352806390833838357, 1.000000000000000000 ),
 .UNSPECIFIED. ) ;
#4369 = CARTESIAN_POINT ( 'NONE',  ( -13.48014951325170863, 15.49999999999997513, -48.02637646545392869 ) ) ;
#4370 = CARTESIAN_POINT ( 'NONE',  ( -20.67117900093855454, -42.59772868438227533, -106.3152310304591026 ) ) ;
#4371 = AXIS2_PLACEMENT_3D ( 'NONE', #4030, #8156, #7594 ) ;
#4372 = CARTESIAN_POINT ( 'NONE',  ( 12.32782294323495975, 10.49999999999996980, -30.29999120169647853 ) ) ;
#4373 = CARTESIAN_POINT ( 'NONE',  ( -34.82385140367196641, -42.69109262466348298, -200.2267189739370394 ) ) ;
#4374 = CARTESIAN_POINT ( 'NONE',  ( 10.89899917883915492, -2.499999999999995115, 0.000000000000000000 ) ) ;
#4375 = CARTESIAN_POINT ( 'NONE',  ( -7.983458989182905974, 10.49999999999997158, -55.89155243623555691 ) ) ;
#4376 = LINE ( 'NONE', #2410, #6362 ) ;
#4377 = CYLINDRICAL_SURFACE ( 'NONE', #7748, 1.299999999999988720 ) ;
#4378 = CARTESIAN_POINT ( 'NONE',  ( -12.70493312064920488, -70.31375411002559872, -164.4952556239178705 ) ) ;
#4379 = CARTESIAN_POINT ( 'NONE',  ( -24.87809507462029401, -34.94251473583929624, -166.4858757850403208 ) ) ;
#4380 = APPROVAL_PERSON_ORGANIZATION ( #3623, #6295, #7784 ) ;
#4381 = DIRECTION ( 'NONE',  ( -1.000000000000000000, -0.000000000000000000, -0.000000000000000000 ) ) ;
#4382 = CARTESIAN_POINT ( 'NONE',  ( -14.99999999999999645, -11.95100551087983831, 24.93116144203729334 ) ) ;
#4383 = ORIENTED_EDGE ( 'NONE', *, *, #969, .F. ) ;
#4384 = EDGE_CURVE ( 'NONE', #2976, #3984, #9023, .T. ) ;
#4385 = CARTESIAN_POINT ( 'NONE',  ( 15.00000000000000711, -24.79567195388979073, -68.91042536112450989 ) ) ;
#4386 = CARTESIAN_POINT ( 'NONE',  ( -25.67619468443064079, -65.87289282418826986, -166.1115969464686088 ) ) ;
#4387 = LOCAL_TIME ( 17, 12, 35.00000000000000000, #6298 ) ;
#4388 = DIRECTION ( 'NONE',  ( -0.000000000000000000, 1.000000000000000000, -0.000000000000000000 ) ) ;
#4389 = CARTESIAN_POINT ( 'NONE',  ( -29.68410705484147272, -38.48283812885057387, -201.7397258176119124 ) ) ;
#4390 = CARTESIAN_POINT ( 'NONE',  ( 13.88557626289955671, 15.49999999999997691, -28.42345246117273661 ) ) ;
#4391 = EDGE_CURVE ( 'NONE', #7096, #153, #2758, .T. ) ;
#4392 = CARTESIAN_POINT ( 'NONE',  ( -20.05672875044069770, -24.70804774300827589, -80.61099481158402114 ) ) ;
#4393 = VERTEX_POINT ( 'NONE', #517 ) ;
#4394 = CARTESIAN_POINT ( 'NONE',  ( 5.000000000000000000, -2.499999999999998668, -54.00000000000000711 ) ) ;
#4395 = CARTESIAN_POINT ( 'NONE',  ( -19.99999999999999645, -10.70278566687885302, -74.04760451506658114 ) ) ;
#4396 = ORIENTED_EDGE ( 'NONE', *, *, #5542, .T. ) ;
#4397 = CARTESIAN_POINT ( 'NONE',  ( 11.33863626410663095, 10.84200391499308758, -28.30095089198111680 ) ) ;
#4398 = CARTESIAN_POINT ( 'NONE',  ( 2.880413596740647453, 15.50000000000000533, -61.99529768050755507 ) ) ;
#4399 = DIRECTION ( 'NONE',  ( 1.000000000000000000, -0.000000000000000000, 0.000000000000000000 ) ) ;
#4400 = FACE_OUTER_BOUND ( 'NONE', #2561, .T. ) ;
#4401 = CARTESIAN_POINT ( 'NONE',  ( 6.515855954462663746, 15.49999999999996980, -60.58728318423427339 ) ) ;
#4402 = CARTESIAN_POINT ( 'NONE',  ( -12.64464528515367725, 17.50000000000000000, -53.47228172331811891 ) ) ;
#4403 = ORIENTED_EDGE ( 'NONE', *, *, #6207, .T. ) ;
#4404 = DIRECTION ( 'NONE',  ( -0.000000000000000000, -1.000000000000000000, -0.000000000000000000 ) ) ;
#4405 = LINE ( 'NONE', #878, #3314 ) ;
#4406 = CARTESIAN_POINT ( 'NONE',  ( 10.89899917883915492, 17.50000000000000000, 0.000000000000000000 ) ) ;
#4407 = VERTEX_POINT ( 'NONE', #6083 ) ;
#4408 = AXIS2_PLACEMENT_3D ( 'NONE', #5249, #1901, #6656 ) ;
#4409 = CARTESIAN_POINT ( 'NONE',  ( 16.13814596655682010, -6.122709259015251426, -75.70717377262988634 ) ) ;
#4410 = CARTESIAN_POINT ( 'NONE',  ( 15.41218078196940588, -46.65481999307763772, -114.8397916632991809 ) ) ;
#4411 = DIRECTION ( 'NONE',  ( -0.7071067811865485719, 0.7044160264027574669, -0.06162841671621999834 ) ) ;
#4412 = VECTOR ( 'NONE', #578, 1000.000000000000000 ) ;
#4413 = ORIENTED_EDGE ( 'NONE', *, *, #2593, .T. ) ;
#4414 = ORIENTED_EDGE ( 'NONE', *, *, #2334, .F. ) ;
#4415 = DIRECTION ( 'NONE',  ( 0.000000000000000000, -1.000000000000000000, 0.000000000000000000 ) ) ;
#4416 = CARTESIAN_POINT ( 'NONE',  ( 14.32783472253220758, 15.50000000000000178, -43.29998938949142229 ) ) ;
#4417 = CARTESIAN_POINT ( 'NONE',  ( -13.28995219182184684, 15.49999999999997158, -48.76547795754610348 ) ) ;
#4418 = CARTESIAN_POINT ( 'NONE',  ( -14.99564422985091383, -24.22798343324552306, -67.71762617409920892 ) ) ;
#4419 = CARTESIAN_POINT ( 'NONE',  ( -13.28938390549153681, 17.50000000000000000, -26.38101114518771340 ) ) ;
#4420 = DIRECTION ( 'NONE',  ( -0.000000000000000000, -1.000000000000000000, 0.000000000000000000 ) ) ;
#4421 = CARTESIAN_POINT ( 'NONE',  ( -3.955693921505375243, 10.49999999999996803, -59.63327337172144382 ) ) ;
#4422 = LINE ( 'NONE', #8035, #7415 ) ;
#4423 = LINE ( 'NONE', #2909, #6437 ) ;
#4424 = FACE_OUTER_BOUND ( 'NONE', #8873, .T. ) ;
#4425 = CARTESIAN_POINT ( 'NONE',  ( -20.37115094146339445, -18.18327239276580443, -109.2774835118301269 ) ) ;
#4426 = ORIENTED_EDGE ( 'NONE', *, *, #4600, .T. ) ;
#4427 = CARTESIAN_POINT ( 'NONE',  ( 38.63746177732652143, -41.14858049873511447, -212.3447797204343885 ) ) ;
#4428 = CARTESIAN_POINT ( 'NONE',  ( -20.01560791557117724, -24.22296074100725960, -88.09904596213475259 ) ) ;
#4429 = CARTESIAN_POINT ( 'NONE',  ( -34.82906823473415159, -42.95037330385817853, -200.1136759933730502 ) ) ;
#4430 = DIRECTION ( 'NONE',  ( 1.000000000000000000, -0.000000000000000000, 0.000000000000000000 ) ) ;
#4431 = CARTESIAN_POINT ( 'NONE',  ( 13.29141202019902046, 15.49999999999998224, -27.53570776191576996 ) ) ;
#4432 = ORIENTED_EDGE ( 'NONE', *, *, #6448, .T. ) ;
#4433 = CYLINDRICAL_SURFACE ( 'NONE', #393, 1.999999999999995115 ) ;
#4434 = FACE_BOUND ( 'NONE', #8158, .T. ) ;
#4435 = ORIENTED_EDGE ( 'NONE', *, *, #7850, .T. ) ;
#4436 = CARTESIAN_POINT ( 'NONE',  ( -14.06970171764777611, 15.50000000000000178, -43.30001061052171707 ) ) ;
#4437 = CARTESIAN_POINT ( 'NONE',  ( 4.465243306331135642, 17.49999999999999289, -62.73333015259029111 ) ) ;
#4438 = VECTOR ( 'NONE', #1874, 1000.000000000000000 ) ;
#4439 = CARTESIAN_POINT ( 'NONE',  ( -19.98456066043060630, -66.12297455270891078, -155.6451566184253466 ) ) ;
#4440 = CARTESIAN_POINT ( 'NONE',  ( 11.23284305700060770, 17.50000000000000000, -60.25307344431620749 ) ) ;
#4441 = CARTESIAN_POINT ( 'NONE',  ( 10.89902407079265600, -2.499999999999995115, -27.47153468017368283 ) ) ;
#4442 = CARTESIAN_POINT ( 'NONE',  ( 13.22092748815411056, 17.49999999999998934, -52.73754660727203714 ) ) ;
#4443 = VECTOR ( 'NONE', #6762, 1000.000000000000000 ) ;
#4444 = ORIENTED_EDGE ( 'NONE', *, *, #7188, .T. ) ;
#4445 = CARTESIAN_POINT ( 'NONE',  ( -4.791020759035866661, -2.983827057639842018, -67.45896203529282786 ) ) ;
#4446 = CARTESIAN_POINT ( 'NONE',  ( -28.06653446969452759, -38.17562015846519330, -179.7895970698366455 ) ) ;
#4447 = VECTOR ( 'NONE', #3027, 1000.000000000000114 ) ;
#4448 = CARTESIAN_POINT ( 'NONE',  ( -11.05010063935421627, 17.50000000000000000, -56.63796110015323393 ) ) ;
#4449 = EDGE_LOOP ( 'NONE', ( #7821, #65, #5111, #5324 ) ) ;
#4450 = ADVANCED_FACE ( 'NONE', ( #8976 ), #2620, .F. ) ;
#4451 = FACE_BOUND ( 'NONE', #8626, .T. ) ;
#4452 = FACE_OUTER_BOUND ( 'NONE', #2532, .T. ) ;
#4453 = CARTESIAN_POINT ( 'NONE',  ( 20.00000000000000355, -10.70278566687735911, -74.04760451506247421 ) ) ;
#4454 = CARTESIAN_POINT ( 'NONE',  ( -14.99437675946618143, 17.50000000000000000, -53.06770530220367021 ) ) ;
#4455 = ORIENTED_EDGE ( 'NONE', *, *, #4792, .F. ) ;
#4456 = CARTESIAN_POINT ( 'NONE',  ( 20.00000000000000355, -20.09720884996023926, -70.62052607775282809 ) ) ;
#4457 = CARTESIAN_POINT ( 'NONE',  ( 12.92108522590897479, 15.50000000000000000, -50.75515661936272949 ) ) ;
#4458 = CARTESIAN_POINT ( 'NONE',  ( -13.98541875278508151, 15.49999999999997158, -45.05056055005693594 ) ) ;
#4459 = CARTESIAN_POINT ( 'NONE',  ( -15.36385408912108197, -44.58712858591862016, -110.4952602172878784 ) ) ;
#4460 = CARTESIAN_POINT ( 'NONE',  ( -11.45219931870627228, 15.50000000000000000, -26.40948767955178056 ) ) ;
#4461 = CARTESIAN_POINT ( 'NONE',  ( -13.16221907467600438, 17.50000000000000000, -26.26515131769080114 ) ) ;
#4462 = DIRECTION ( 'NONE',  ( -0.7071067811862556951, -0.7071067811865491270, -6.407093490891267048E-07 ) ) ;
#4463 = CARTESIAN_POINT ( 'NONE',  ( -10.17650837873991776, 10.49999999999997513, -51.62367109028840417 ) ) ;
#4464 = DIRECTION ( 'NONE',  ( -0.000000000000000000, -0.9396926207859087610, 0.3420201433256676582 ) ) ;
#4465 = DIRECTION ( 'NONE',  ( -1.000000000000000000, 0.000000000000000000, -0.000000000000000000 ) ) ;
#4466 = CARTESIAN_POINT ( 'NONE',  ( 16.65206932314875843, -24.22710443528539415, -67.71577926683555404 ) ) ;
#4467 = CARTESIAN_POINT ( 'NONE',  ( -29.02793531467835209, -38.04691991347495872, -200.0059868215297740 ) ) ;
#4468 = CARTESIAN_POINT ( 'NONE',  ( 10.71152099678792702, 10.49999999999996803, -50.94673999700073352 ) ) ;
#4469 = EDGE_CURVE ( 'NONE', #2915, #7713, #6840, .T. ) ;
#4470 = CARTESIAN_POINT ( 'NONE',  ( -19.99999999999999645, -24.79567195388978362, -68.91042536112449568 ) ) ;
#4471 = CARTESIAN_POINT ( 'NONE',  ( 15.00240574293439799, -24.79567195388979073, -68.91042536112450989 ) ) ;
#4472 = CARTESIAN_POINT ( 'NONE',  ( 15.00000000000000355, 3.234777356430462714, 24.81248959086564554 ) ) ;
#4473 = CARTESIAN_POINT ( 'NONE',  ( 12.69356166711367884, 15.49999999999997335, -26.97485244792735415 ) ) ;
#4474 = ORIENTED_EDGE ( 'NONE', *, *, #8213, .F. ) ;
#4475 = CARTESIAN_POINT ( 'NONE',  ( 34.98687346096909323, -65.09601845801006448, -192.0533203386412708 ) ) ;
#4476 = CARTESIAN_POINT ( 'NONE',  ( -11.19473306714877126, -2.499999999999995115, -28.36803453448748158 ) ) ;
#4477 = ORIENTED_EDGE ( 'NONE', *, *, #49, .F. ) ;
#4478 = CARTESIAN_POINT ( 'NONE',  ( -14.98370987431339962, 17.50000000000000000, -29.21286403764308659 ) ) ;
#4479 = DIRECTION ( 'NONE',  ( -1.000000000000000000, 0.000000000000000000, 0.000000000000000000 ) ) ;
#4480 = CARTESIAN_POINT ( 'NONE',  ( -34.50045113367060878, -76.02914427124193253, -187.1404282019141760 ) ) ;
#4481 = CARTESIAN_POINT ( 'NONE',  ( 11.23284305700060770, -17.50000000000000000, -60.25307344431620749 ) ) ;
#4482 = CARTESIAN_POINT ( 'NONE',  ( -13.21529737167518803, 15.49999999999997158, -27.76061410705612431 ) ) ;
#4483 = CARTESIAN_POINT ( 'NONE',  ( 5.050279588423420840, 15.49999999999997158, -61.44944378702111010 ) ) ;
#4484 = ADVANCED_FACE ( 'NONE', ( #614 ), #2707, .F. ) ;
#4485 = VERTEX_POINT ( 'NONE', #1442 ) ;
#4486 = LINE ( 'NONE', #2514, #266 ) ;
#4487 = CARTESIAN_POINT ( 'NONE',  ( -24.94995289322345400, -35.02235744772384862, -166.8121211454096340 ) ) ;
#4488 = CARTESIAN_POINT ( 'NONE',  ( -11.80448016498854003, 17.49999999999999645, -55.25229150815009405 ) ) ;
#4489 = ORIENTED_EDGE ( 'NONE', *, *, #6569, .T. ) ;
#4490 = ADVANCED_FACE ( 'NONE', ( #196 ), #4223, .T. ) ;
#4491 = DIRECTION ( 'NONE',  ( 0.6081204024113459061, 0.2715109143604653164, 0.7459701063408685773 ) ) ;
#4492 = VECTOR ( 'NONE', #5767, 1000.000000000000114 ) ;
#4493 = CARTESIAN_POINT ( 'NONE',  ( 11.41719919481493051, 10.84911947551864309, -28.34780130678809940 ) ) ;
#4494 = ORIENTED_EDGE ( 'NONE', *, *, #1987, .T. ) ;
#4495 = DIRECTION ( 'NONE',  ( 9.060998465960400032E-07, 0.000000000000000000, 0.9999999999995894395 ) ) ;
#4496 = ORIENTED_EDGE ( 'NONE', *, *, #1400, .F. ) ;
#4497 = DIRECTION ( 'NONE',  ( 0.000000000000000000, -0.000000000000000000, -1.000000000000000000 ) ) ;
#4498 = EDGE_CURVE ( 'NONE', #1663, #7545, #5777, .T. ) ;
#4499 = CARTESIAN_POINT ( 'NONE',  ( 12.29091704331541024, 15.50000000000000000, -52.36906258114314028 ) ) ;
#4500 = CARTESIAN_POINT ( 'NONE',  ( -6.598813359811693147, 15.49999999999997335, -60.32989700796338894 ) ) ;
#4501 = CARTESIAN_POINT ( 'NONE',  ( -16.58379393417363445, -17.50000000000000000, -48.01982786898796007 ) ) ;
#4502 = CARTESIAN_POINT ( 'NONE',  ( -13.37283587111821426, 17.50000000000000000, -26.45704411242063259 ) ) ;
#4503 = ADVANCED_FACE ( 'NONE', ( #5222 ), #7937, .T. ) ;
#4504 = DIRECTION ( 'NONE',  ( -0.000000000000000000, 1.000000000000000000, -0.000000000000000000 ) ) ;
#4505 = CARTESIAN_POINT ( 'NONE',  ( -3.359768856632413314, 15.50000000000000000, -61.90912623458390840 ) ) ;
#4506 = CARTESIAN_POINT ( 'NONE',  ( 11.00000000000000000, 13.13406198477825093, 26.22817453002328136 ) ) ;
#4507 = DIRECTION ( 'NONE',  ( 0.000000000000000000, 0.000000000000000000, 1.000000000000000000 ) ) ;
#4508 = CARTESIAN_POINT ( 'NONE',  ( 20.32838348919214511, -32.49516034968981870, -85.08821153266558213 ) ) ;
#4509 = CARTESIAN_POINT ( 'NONE',  ( -15.43146562996824755, -19.25043377386467824, -126.7998744115118939 ) ) ;
#4510 = CARTESIAN_POINT ( 'NONE',  ( 9.876556057930770294, 10.49999999999997158, -52.88275248125915340 ) ) ;
#4511 = ADVANCED_FACE ( 'NONE', ( #5815 ), #3894, .F. ) ;
#4512 = VECTOR ( 'NONE', #8380, 1000.000000000000000 ) ;
#4513 = CARTESIAN_POINT ( 'NONE',  ( 20.32838348919214511, -32.49516034968981870, -85.08821153266558213 ) ) ;
#4514 = PLANE ( 'NONE',  #4940 ) ;
#4515 = APPROVAL_PERSON_ORGANIZATION ( #8867, #1733, #5397 ) ;
#4516 = CARTESIAN_POINT ( 'NONE',  ( 34.89595178383958540, -78.05564445357146042, -192.6572910914162833 ) ) ;
#4517 = CARTESIAN_POINT ( 'NONE',  ( 34.93255404056750990, -41.34363852368017689, -212.7628508690644082 ) ) ;
#4518 = VECTOR ( 'NONE', #4731, 1000.000000000000114 ) ;
#4519 = ADVANCED_FACE ( 'NONE', ( #7371 ), #1626, .F. ) ;
#4520 = ORIENTED_EDGE ( 'NONE', *, *, #883, .T. ) ;
#4521 = CARTESIAN_POINT ( 'NONE',  ( -1.171572875253809709, 72.34830114885195940, 23.78493895041622963 ) ) ;
#4522 = VERTEX_POINT ( 'NONE', #6549 ) ;
#4523 = EDGE_CURVE ( 'NONE', #234, #7773, #1110, .T. ) ;
#4524 = CARTESIAN_POINT ( 'NONE',  ( -12.95838450338309045, 15.52980627990235085, -27.43633632804895583 ) ) ;
#4525 = CC_DESIGN_APPROVAL ( #7933, ( #8173 ) ) ;
#4526 = CARTESIAN_POINT ( 'NONE',  ( 2.628827735174615654, 17.50000000000000000, -62.99999999999855760 ) ) ;
#4527 = CARTESIAN_POINT ( 'NONE',  ( -19.39509681157649723, -64.82863490579214272, -152.9426571328382352 ) ) ;
#4528 = DIRECTION ( 'NONE',  ( 0.000000000000000000, 0.000000000000000000, 1.000000000000000000 ) ) ;
#4529 = ORIENTED_EDGE ( 'NONE', *, *, #6657, .T. ) ;
#4530 = DIRECTION ( 'NONE',  ( 1.000000000000000000, 0.000000000000000000, 0.000000000000000000 ) ) ;
#4531 = CARTESIAN_POINT ( 'NONE',  ( -14.69897354367653719, 17.50000000000000000, -28.29176514911836549 ) ) ;
#4532 = FACE_OUTER_BOUND ( 'NONE', #3331, .T. ) ;
#4533 = CARTESIAN_POINT ( 'NONE',  ( -12.54275241069658264, 17.49999999999999645, -53.70045832559691235 ) ) ;
#4534 = ORIENTED_EDGE ( 'NONE', *, *, #7334, .F. ) ;
#4535 = PLANE ( 'NONE',  #6026 ) ;
#4536 = LINE ( 'NONE', #970, #3991 ) ;
#4537 = CYLINDRICAL_SURFACE ( 'NONE', #4045, 5.000000000000004441 ) ;
#4538 = ORIENTED_EDGE ( 'NONE', *, *, #2115, .T. ) ;
#4539 = DIRECTION ( 'NONE',  ( 1.000000000000000000, -0.000000000000000000, 0.000000000000000000 ) ) ;
#4540 = ORIENTED_EDGE ( 'NONE', *, *, #90, .F. ) ;
#4541 = CARTESIAN_POINT ( 'NONE',  ( -13.79763341045370062, 15.50000000000000533, -28.80888449060898893 ) ) ;
#4542 = CARTESIAN_POINT ( 'NONE',  ( 9.502634535625226420, 15.50000000000000178, -57.58139072483659504 ) ) ;
#4543 = VECTOR ( 'NONE', #6341, 1000.000000000000000 ) ;
#4544 = CARTESIAN_POINT ( 'NONE',  ( 10.69900628141825472, 10.50001775644791913, 0.000000000000000000 ) ) ;
#4545 = CARTESIAN_POINT ( 'NONE',  ( -11.49313348429524240, 15.50000000000000000, -26.42638301678754686 ) ) ;
#4546 = VECTOR ( 'NONE', #3318, 1000.000000000000000 ) ;
#4547 = CARTESIAN_POINT ( 'NONE',  ( 14.32778266317224336, 15.49999999999999645, -30.05722936284544033 ) ) ;
#4548 = CARTESIAN_POINT ( 'NONE',  ( -7.500000000000000000, -17.50000000000000000, -4.000000000000000888 ) ) ;
#4549 = CARTESIAN_POINT ( 'NONE',  ( -5.653335832479553069, 15.50000000000000355, -60.99212463377416782 ) ) ;
#4550 = SPHERICAL_SURFACE ( 'NONE', #3484, 5.000000000000000000 ) ;
#4551 = PLANE ( 'NONE',  #7364 ) ;
#4552 = CARTESIAN_POINT ( 'NONE',  ( 9.974614999222668033, 10.49999999999996803, -52.66915568613745791 ) ) ;
#4553 = AXIS2_PLACEMENT_3D ( 'NONE', #3702, #1695, #6488 ) ;
#4554 = CARTESIAN_POINT ( 'NONE',  ( -11.94676282823152924, 10.49999999999996803, -29.57263396254889187 ) ) ;
#4555 = EDGE_CURVE ( 'NONE', #7480, #1486, #421, .T. ) ;
#4556 = CARTESIAN_POINT ( 'NONE',  ( 17.51393618564426546, -24.17638929177466522, -69.15527609956313881 ) ) ;
#4557 = CARTESIAN_POINT ( 'NONE',  ( 34.97714906870680096, -51.67802546194471347, -207.5788481175594882 ) ) ;
#4558 = CARTESIAN_POINT ( 'NONE',  ( 12.74407088828685630, 15.49999999999996625, -27.01442568777851250 ) ) ;
#4559 = CARTESIAN_POINT ( 'NONE',  ( -6.000000000000000000, 47.86977054368165341, -26.53168124802698813 ) ) ;
#4560 = ADVANCED_FACE ( 'NONE', ( #5181 ), #7643, .F. ) ;
#4561 = FACE_OUTER_BOUND ( 'NONE', #4902, .T. ) ;
#4562 = ORIENTED_EDGE ( 'NONE', *, *, #6803, .T. ) ;
#4563 = CARTESIAN_POINT ( 'NONE',  ( -37.00000000000001421, -87.54256388039573267, -194.5252236675478628 ) ) ;
#4564 = CARTESIAN_POINT ( 'NONE',  ( 5.463598842547932932, 17.49999999999999645, -62.36006471153690711 ) ) ;
#4565 = AXIS2_PLACEMENT_3D ( 'NONE', #1902, #6703, #2542 ) ;
#4566 = CARTESIAN_POINT ( 'NONE',  ( 20.14734754504327441, -16.84716770990358725, -96.79165719480130292 ) ) ;
#4567 = CARTESIAN_POINT ( 'NONE',  ( -21.27902717246742625, -68.69877503471124669, -161.0164471620182098 ) ) ;
#4568 = CARTESIAN_POINT ( 'NONE',  ( 4.706341419905245793, 17.50000000000000000, -64.74424874271034014 ) ) ;
#4569 = CARTESIAN_POINT ( 'NONE',  ( 0.000000000000000000, -170.2684435961459712, -6.522560269672794675E-13 ) ) ;
#4570 = EDGE_CURVE ( 'NONE', #5293, #3968, #538, .T. ) ;
#4571 = EDGE_CURVE ( 'NONE', #6256, #2976, #6970, .T. ) ;
#4572 = VERTEX_POINT ( 'NONE', #6908 ) ;
#4573 = CC_DESIGN_DATE_AND_TIME_ASSIGNMENT ( #7825, #4900, ( #8037 ) ) ;
#4574 = ORIENTED_EDGE ( 'NONE', *, *, #7368, .T. ) ;
#4575 = CARTESIAN_POINT ( 'NONE',  ( -3.052900589706650347, -3.305268473201032009, -68.34211506622474985 ) ) ;
#4576 = CARTESIAN_POINT ( 'NONE',  ( -34.36503048082785483, -41.53689408503385749, -213.8895976144745532 ) ) ;
#4577 = CARTESIAN_POINT ( 'NONE',  ( 20.77364402578585967, -45.22139570637496320, -111.8279510823496423 ) ) ;
#4578 = VECTOR ( 'NONE', #4491, 1000.000000000000000 ) ;
#4579 = CARTESIAN_POINT ( 'NONE',  ( -10.38069291744944245, 17.50000000000000000, -57.70167932354834051 ) ) ;
#4580 = DIRECTION ( 'NONE',  ( 0.000000000000000000, 0.9396926207859095381, 0.3420201433256654378 ) ) ;
#4581 = CARTESIAN_POINT ( 'NONE',  ( 19.74648803256030050, -9.232362814318630484, -74.70130177910697000 ) ) ;
#4582 = CARTESIAN_POINT ( 'NONE',  ( 7.500000000000000000, -2.499999999999998668, -29.00000000000000000 ) ) ;
#4583 = ORIENTED_EDGE ( 'NONE', *, *, #5240, .T. ) ;
#4584 = CARTESIAN_POINT ( 'NONE',  ( -17.06970171764654509, 17.50000000000000000, -43.30001332882125098 ) ) ;
#4585 = EDGE_LOOP ( 'NONE', ( #7500, #5846 ) ) ;
#4586 = CARTESIAN_POINT ( 'NONE',  ( -13.40805589125169384, 15.50000000000000355, -28.03484863807066674 ) ) ;
#4587 = CARTESIAN_POINT ( 'NONE',  ( 4.344942625604997666, 15.50000000000000355, -61.72426610555763915 ) ) ;
#4588 = EDGE_CURVE ( 'NONE', #6781, #2434, #1338, .T. ) ;
#4589 = VERTEX_POINT ( 'NONE', #6724 ) ;
#4590 = B_SPLINE_SURFACE_WITH_KNOTS ( 'NONE', 3, 1, ( 
 ( #3063, #258 ),
 ( #860, #7814 ),
 ( #173, #1556 ),
 ( #3698, #5841 ),
 ( #8559, #994 ),
 ( #6385, #306 ) ),
 .UNSPECIFIED., .F., .F., .F.,
 ( 4, 1, 1, 4 ),
 ( 2, 2 ),
 ( 0.000000000000000000, 0.4650452245929230233, 0.7282382667798995568, 1.000000000000000000 ),
 ( 0.000000000000000000, 1.000000000000000000 ),
 .UNSPECIFIED. ) ;
#4591 = CARTESIAN_POINT ( 'NONE',  ( -11.44983230231265026, 15.50000000000000000, -26.40852470477953062 ) ) ;
#4592 = DIRECTION ( 'NONE',  ( -0.000000000000000000, -1.000000000000000000, 0.000000000000000000 ) ) ;
#4593 = CIRCLE ( 'NONE', #4878, 1.549999999999995826 ) ;
#4594 = CARTESIAN_POINT ( 'NONE',  ( -13.51681796584050232, -17.50000000000000000, -56.30993232680393135 ) ) ;
#4595 = DIRECTION ( 'NONE',  ( 0.000000000000000000, 0.000000000000000000, 1.000000000000000000 ) ) ;
#4596 = DIRECTION ( 'NONE',  ( -9.060998465656665664E-07, 0.000000000000000000, 0.9999999999995894395 ) ) ;
#4597 = CARTESIAN_POINT ( 'NONE',  ( -9.606863627716117904, 10.49999999999996980, -52.90769074783941761 ) ) ;
#4598 = ORIENTED_EDGE ( 'NONE', *, *, #3551, .T. ) ;
#4599 = LINE ( 'NONE', #4643, #1220 ) ;
#4600 = EDGE_CURVE ( 'NONE', #8857, #1673, #5447, .T. ) ;
#4601 = CARTESIAN_POINT ( 'NONE',  ( 9.577830117418661970, 10.49999999999996803, -53.51376583723850899 ) ) ;
#4602 = DIRECTION ( 'NONE',  ( 0.000000000000000000, 0.000000000000000000, 1.000000000000000000 ) ) ;
#4603 = EDGE_CURVE ( 'NONE', #3486, #1815, #2830, .T. ) ;
#4604 = DIRECTION ( 'NONE',  ( 1.000000000000000000, 0.000000000000000000, 3.747383971338125757E-13 ) ) ;
#4605 = CARTESIAN_POINT ( 'NONE',  ( 34.90794118389617040, -41.00630174810175532, -211.4630378977104499 ) ) ;
#4606 = CARTESIAN_POINT ( 'NONE',  ( 12.59911374359964142, 15.49999999999996803, -26.90175640622909370 ) ) ;
#4607 = CARTESIAN_POINT ( 'NONE',  ( 1.062518129035794345E-13, -38.48283812885082256, -201.7397258176126229 ) ) ;
#4608 = EDGE_CURVE ( 'NONE', #3481, #4093, #3714, .T. ) ;
#4609 = CARTESIAN_POINT ( 'NONE',  ( 6.000000000000000000, 3.670556070168784046, 29.79346308132436860 ) ) ;
#4610 = EDGE_LOOP ( 'NONE', ( #5988, #3530, #6040, #5979 ) ) ;
#4611 = CARTESIAN_POINT ( 'NONE',  ( -11.37267677425642454, 12.18425599547723515, -27.37311320306420015 ) ) ;
#4612 = CARTESIAN_POINT ( 'NONE',  ( 10.68180002963871544, 17.49999999999998934, -57.63671700768848183 ) ) ;
#4613 = DIRECTION ( 'NONE',  ( -0.000000000000000000, 1.000000000000000000, -0.000000000000000000 ) ) ;
#4614 = CARTESIAN_POINT ( 'NONE',  ( 6.365093163151807509, 17.50000000000000000, -61.88527080882467146 ) ) ;
#4615 = DIRECTION ( 'NONE',  ( -1.000000000000000000, -0.000000000000000000, -0.000000000000000000 ) ) ;
#4616 = EDGE_LOOP ( 'NONE', ( #690, #3121, #6415, #2139 ) ) ;
#4617 = EDGE_LOOP ( 'NONE', ( #2936, #8627, #9016, #2398 ) ) ;
#4618 = CARTESIAN_POINT ( 'NONE',  ( -2.370661744665654602, 15.50000000000000178, -61.99999999999958078 ) ) ;
#4619 = CARTESIAN_POINT ( 'NONE',  ( 12.82485860386358922, 15.46976900210501604, -27.04815827816062779 ) ) ;
#4620 = CARTESIAN_POINT ( 'NONE',  ( 15.42556103565325287, -47.21406424168872462, -116.0148481614204599 ) ) ;
#4621 = SHAPE_REPRESENTATION ( '\X2\6d777ef5\X0\', ( #3201, #6557, #8028, #3347, #7142 ), #1459 ) ;
#4622 = CARTESIAN_POINT ( 'NONE',  ( -7.370931677468214538, 17.50000000000000000, -60.99402689010649681 ) ) ;
#4623 = AXIS2_PLACEMENT_3D ( 'NONE', #7016, #2169, #6374 ) ;
#4624 = LINE ( 'NONE', #7449, #4438 ) ;
#4625 = CARTESIAN_POINT ( 'NONE',  ( 12.39555457321423937, 14.74132804262402630, -26.68284830330205537 ) ) ;
#4626 = CIRCLE ( 'NONE', #8851, 1.549999999999999378 ) ;
#4627 = CARTESIAN_POINT ( 'NONE',  ( 2.628829549486175310, 17.50000000000000000, -64.99999999999771205 ) ) ;
#4628 = ORIENTED_EDGE ( 'NONE', *, *, #5838, .T. ) ;
#4629 = CARTESIAN_POINT ( 'NONE',  ( -18.45093677310569902, -62.52516498743685958, -148.1282410861990400 ) ) ;
#4630 = ORIENTED_EDGE ( 'NONE', *, *, #8122, .F. ) ;
#4631 = LINE ( 'NONE', #7409, #5671 ) ;
#4632 = CARTESIAN_POINT ( 'NONE',  ( 4.225605527746981949, 15.50000000000000000, -61.76141548200403264 ) ) ;
#4633 = VERTEX_POINT ( 'NONE', #4117 ) ;
#4634 = ADVANCED_FACE ( 'NONE', ( #647, #7407 ), #1479, .T. ) ;
#4635 = CARTESIAN_POINT ( 'NONE',  ( -11.43641921183774102, 15.50000000000000355, -26.40306784249064975 ) ) ;
#4636 = LINE ( 'NONE', #7413, #8806 ) ;
#4637 = B_SPLINE_CURVE_WITH_KNOTS ( 'NONE', 3,
 ( #7095, #58, #6317, #7782 ),
 .UNSPECIFIED., .F., .F.,
 ( 4, 4 ),
 ( 1.734723475976807094E-18, 2.405718860676093988E-06 ),
 .UNSPECIFIED. ) ;
#4638 = CARTESIAN_POINT ( 'NONE',  ( -16.30684260740479630, -17.50000000000000000, -49.18603199494646816 ) ) ;
#4639 = CARTESIAN_POINT ( 'NONE',  ( -14.47290715671510064, 17.50000000000000711, -27.87849909888748101 ) ) ;
#4640 = LINE ( 'NONE', #3305, #3039 ) ;
#4641 = CARTESIAN_POINT ( 'NONE',  ( -5.114268114333075488, 15.50000000000000533, -61.29455685842206947 ) ) ;
#4642 = EDGE_LOOP ( 'NONE', ( #463, #8834, #6343, #6723 ) ) ;
#4643 = CARTESIAN_POINT ( 'NONE',  ( 36.99999999999999289, -41.07268860280741762, -218.8881194659842322 ) ) ;
#4644 = CARTESIAN_POINT ( 'NONE',  ( 11.40306576469222577, 10.49999999999997158, -48.99597879966115954 ) ) ;
#4645 = CIRCLE ( 'NONE', #2159, 2.999999999999998224 ) ;
#4646 = ORIENTED_EDGE ( 'NONE', *, *, #6764, .F. ) ;
#4647 = CARTESIAN_POINT ( 'NONE',  ( -11.98174581165972263, 10.49999999999997158, -29.68174883791565222 ) ) ;
#4648 = CARTESIAN_POINT ( 'NONE',  ( 34.93144720612029630, -70.63741131989557687, -190.0364182805395217 ) ) ;
#4649 = CARTESIAN_POINT ( 'NONE',  ( 12.70791625312135054, 15.49999999999996803, -26.98597934188664738 ) ) ;
#4650 = CARTESIAN_POINT ( 'NONE',  ( -9.871727187059226694, 0.002483234185884828759, -59.57473150604789680 ) ) ;
#4651 = ORIENTED_EDGE ( 'NONE', *, *, #1372, .T. ) ;
#4652 = EDGE_CURVE ( 'NONE', #3895, #6451, #7794, .T. ) ;
#4653 = DIRECTION ( 'NONE',  ( 3.469446951953613794E-15, -2.106485876673538654E-29, -1.000000000000000000 ) ) ;
#4654 = VERTEX_POINT ( 'NONE', #3524 ) ;
#4655 = CARTESIAN_POINT ( 'NONE',  ( -10.58094752618974432, -17.50000000000000000, -60.75468418137815263 ) ) ;
#4656 = CARTESIAN_POINT ( 'NONE',  ( 7.339642848145113696, 17.50000000000000000, -61.22058329421137302 ) ) ;
#4657 = CARTESIAN_POINT ( 'NONE',  ( 15.31904557501848885, -16.41921758830554268, -115.8907420870340843 ) ) ;
#4658 =( BOUNDED_SURFACE ( )  B_SPLINE_SURFACE ( 3, 2, ( 
 ( #1134, #3374, #8902 ),
 ( #1908, #8813, #6708 ),
 ( #4566, #8771, #7351 ),
 ( #8091, #1096, #3880 ),
 ( #2546, #6662, #4657 ),
 ( #4011, #8135, #1217 ),
 ( #407, #2637, #5430 ),
 ( #5334, #1864, #7435 ),
 ( #8230, #3193, #1174 ),
 ( #1957, #3971, #7483 ),
 ( #1826, #3281, #533 ),
 ( #4746, #6101, #1411 ),
 ( #627, #2088, #1999 ),
 ( #4189, #2723, #7764 ),
 ( #124, #8407, #721 ),
 ( #5653, #4981, #2820 ),
 ( #4791, #7662, #1365 ),
 ( #3553, #4288, #6889 ),
 ( #8992, #3417, #6339 ),
 ( #1462, #2918, #673 ),
 ( #77, #5518, #6980 ),
 ( #7572, #4243, #4098 ),
 ( #7072, #2866, #8452 ),
 ( #3462, #7619, #3507 ),
 ( #6198, #8272, #36 ),
 ( #1313, #765, #2177 ),
 ( #8363, #8317, #4883 ),
 ( #5610, #7022, #1509 ),
 ( #4144, #2046, #813 ),
 ( #4836, #6933, #6249 ),
 ( #3597, #2133, #6382 ),
 ( #6297, #9043, #2776 ),
 ( #5565, #4928, #7707 ),
 ( #5746, #7909, #855 ),
 ( #8599, #8504, #3650 ),
 ( #170, #5319, #8751 ),
 ( #5963, #7210, #6432 ),
 ( #2526, #387, #1156 ),
 ( #5112, #7859, #904 ),
 ( #3695, #4427, #6478 ) ),
 .UNSPECIFIED., .F., .F., .F. ) 
 B_SPLINE_SURFACE_WITH_KNOTS ( ( 4, 2, 2, 2, 2, 2, 2, 2, 2, 2, 2, 2, 2, 2, 2, 2, 2, 2, 2, 4 ),
 ( 3, 3 ),
 ( 0.04353936989676267938, 0.08021823731582770900, 0.08938795417059397508, 0.09397281259797710118, 0.09626524181166866423, 0.09741145641851445269, 0.09798456372193733999, 0.09855767102536022728, 0.1168971047348927317, 0.1352365384444252361, 0.1444062552991914883, 0.1535759721539577405, 0.1719154058634902449, 0.1765002642908733710, 0.1776464788977191733, 0.1782195862011420606, 0.1785061398528535181, 0.1787926935045649479, 0.1810851227182564971, 0.1902548395730227770 ),
 ( 0.000000000000000000, 1.000000000000000000 ),
 .UNSPECIFIED. ) 
 GEOMETRIC_REPRESENTATION_ITEM ( )  RATIONAL_B_SPLINE_SURFACE ( (
 ( 1.000000000000000000, 0.7078959802469152462, 1.000000000000000000),
 ( 1.000000000000000000, 0.6992019461723237850, 1.000000000000000000),
 ( 1.000000000000000000, 0.6919809601255265674, 1.000000000000000000),
 ( 1.000000000000000000, 0.6841538636146934360, 1.000000000000000000),
 ( 1.000000000000000000, 0.6826483624422005070, 1.000000000000000000),
 ( 1.000000000000000000, 0.6804695144536296869, 1.000000000000000000),
 ( 1.000000000000000000, 0.6797564808638351108, 1.000000000000000000),
 ( 1.000000000000000000, 0.6787056285598423999, 1.000000000000000000),
 ( 1.000000000000000000, 0.6783584617125212324, 1.000000000000000000),
 ( 1.000000000000000000, 0.6778422484302834006, 1.000000000000000000),
 ( 1.000000000000000000, 0.6776709335531411194, 1.000000000000000000),
 ( 1.000000000000000000, 0.6774150786914565625, 1.000000000000000000),
 ( 1.000000000000000000, 0.6773299799830676537, 1.000000000000000000),
 ( 1.000000000000000000, 0.6771601522830437148, 1.000000000000000000),
 ( 1.000000000000000000, 0.6771110726664704149, 1.000000000000000000),
 ( 1.000000000000000000, 0.6754060046562586628, 1.000000000000000000),
 ( 1.000000000000000000, 0.6753833056325512230, 1.000000000000000000),
 ( 1.000000000000000000, 0.6780074125737750590, 1.000000000000000000),
 ( 1.000000000000000000, 0.6806590286421893010, 1.000000000000000000),
 ( 1.000000000000000000, 0.6863143302751233410, 1.000000000000000000),
 ( 1.000000000000000000, 0.6884772600712553148, 1.000000000000000000),
 ( 1.000000000000000000, 0.6932896903344804018, 1.000000000000000000),
 ( 1.000000000000000000, 0.6959406571478696790, 1.000000000000000000),
 ( 1.000000000000000000, 0.7045409956294221843, 1.000000000000000000),
 ( 1.000000000000000000, 0.7111392661172410978, 1.000000000000000000),
 ( 1.000000000000000000, 0.7201723347185200463, 1.000000000000000000),
 ( 1.000000000000000000, 0.7220186150140412984, 1.000000000000000000),
 ( 1.000000000000000000, 0.7243678168933579409, 1.000000000000000000),
 ( 1.000000000000000000, 0.7248311898809983722, 1.000000000000000000),
 ( 1.000000000000000000, 0.7255290600067392237, 1.000000000000000000),
 ( 1.000000000000000000, 0.7257621436817062177, 1.000000000000000000),
 ( 1.000000000000000000, 0.7261124451698202087, 1.000000000000000000),
 ( 1.000000000000000000, 0.7262084426666736148, 1.000000000000000000),
 ( 1.000000000000000000, 0.7264199814898523178, 1.000000000000000000),
 ( 1.000000000000000000, 0.7265256646327612478, 1.000000000000000000),
 ( 1.000000000000000000, 0.7274760366833445957, 1.000000000000000000),
 ( 1.000000000000000000, 0.7283152914996241512, 1.000000000000000000),
 ( 1.000000000000000000, 0.7324840276751647394, 1.000000000000000000),
 ( 1.000000000000000000, 0.7357308456376561168, 1.000000000000000000),
 ( 1.000000000000000000, 0.7388909115768582669, 1.000000000000000000) ) ) 
 REPRESENTATION_ITEM ( '' )  SURFACE ( )  );
#4659 = DATE_TIME_ROLE ( 'classification_date' ) ;
#4660 = CIRCLE ( 'NONE', #6697, 20.00000000000000355 ) ;
#4661 = VECTOR ( 'NONE', #1841, 1000.000000000000000 ) ;
#4662 = CARTESIAN_POINT ( 'NONE',  ( 6.659783431302629175, 17.50000000000000000, -64.02349852151451159 ) ) ;
#4663 = EDGE_CURVE ( 'NONE', #5997, #4068, #8338, .T. ) ;
#4664 = FACE_OUTER_BOUND ( 'NONE', #3415, .T. ) ;
#4665 = ORIENTED_EDGE ( 'NONE', *, *, #459, .F. ) ;
#4666 = EDGE_LOOP ( 'NONE', ( #6681, #8096, #2549, #3885 ) ) ;
#4667 = CARTESIAN_POINT ( 'NONE',  ( -6.519755626470803200, 15.50000000000000178, -60.39134073450483697 ) ) ;
#4668 = CARTESIAN_POINT ( 'NONE',  ( -6.000000000000000000, 57.18184671051506029, -30.39443944768758854 ) ) ;
#4669 = CC_DESIGN_APPROVAL ( #762, ( #1721 ) ) ;
#4670 = CARTESIAN_POINT ( 'NONE',  ( 28.51613820013775324, -79.48977318497033195, -183.3989043657308287 ) ) ;
#4671 = B_SPLINE_CURVE_WITH_KNOTS ( 'NONE', 3,
 ( #7458, #553, #8339, #6769, #1388, #5449, #466, #510, #5492, #7547, #3299, #6076, #3254, #8291, #2063, #649, #5403, #4764, #8201, #3349, #6123, #1288, #2018, #6911, #4858, #3439, #8832, #2564, #5354, #6315 ),
 .UNSPECIFIED., .F., .F.,
 ( 4, 2, 2, 2, 2, 2, 2, 2, 2, 2, 2, 2, 2, 2, 4 ),
 ( 0.000000000000000000, 0.1250000000000002498, 0.2500000000000004996, 0.3125000000000006661, 0.3750000000000008882, 0.4375000000000010547, 0.5000000000000012212, 0.6250000000000015543, 0.6875000000000016653, 0.7500000000000018874, 0.8125000000000015543, 0.8750000000000012212, 0.9062500000000009992, 0.9375000000000008882, 1.000000000000000000 ),
 .UNSPECIFIED. ) ;
#4672 = CARTESIAN_POINT ( 'NONE',  ( -4.008415519210043243, 17.49999999999999645, -62.78731558177856442 ) ) ;
#4673 = CARTESIAN_POINT ( 'NONE',  ( -5.046111671939756960, 15.49999999999996625, -61.32826278742755477 ) ) ;
#4674 = DIRECTION ( 'NONE',  ( 9.060998516667705547E-07, 0.000000000000000000, -0.9999999999995894395 ) ) ;
#4675 = CARTESIAN_POINT ( 'NONE',  ( 12.41493494436294576, 13.95580753492671988, -27.54022123700223190 ) ) ;
#4676 = CARTESIAN_POINT ( 'NONE',  ( -14.06971349694577711, 15.50000000000000178, -30.30001061052706390 ) ) ;
#4677 = DATE_AND_TIME ( #4853, #7728 ) ;
#4678 = DIRECTION ( 'NONE',  ( 2.775557561562908607E-17, -0.9396926207859096492, -0.3420201433256654933 ) ) ;
#4679 = ORIENTED_EDGE ( 'NONE', *, *, #3660, .T. ) ;
#4680 = CARTESIAN_POINT ( 'NONE',  ( 21.26093059391465445, -29.08448503033379140, -143.1023332810779891 ) ) ;
#4681 = ORIENTED_EDGE ( 'NONE', *, *, #6582, .T. ) ;
#4682 = CARTESIAN_POINT ( 'NONE',  ( -7.401879040722716852, -2.499999999999995115, -57.56321300287648768 ) ) ;
#4683 = CARTESIAN_POINT ( 'NONE',  ( -34.89595178383957830, -44.74526559309430951, -204.7812774887553076 ) ) ;
#4684 = ORIENTED_EDGE ( 'NONE', *, *, #4888, .F. ) ;
#4685 = CARTESIAN_POINT ( 'NONE',  ( -17.06970063498989632, -17.50000000000000000, -44.49486691573818575 ) ) ;
#4686 = CARTESIAN_POINT ( 'NONE',  ( -13.60054814839682358, 17.50000000000000355, -26.67728339423700845 ) ) ;
#4687 = CARTESIAN_POINT ( 'NONE',  ( -14.68998613248736973, 17.36440994400031101, -28.52743827428779610 ) ) ;
#4688 = CARTESIAN_POINT ( 'NONE',  ( -13.75387981752197142, 15.50000000000000000, -46.74428976434256811 ) ) ;
#4689 = CARTESIAN_POINT ( 'NONE',  ( -14.57016098284012173, 17.49999999999999645, -47.74473551873105492 ) ) ;
#4690 = ORIENTED_EDGE ( 'NONE', *, *, #697, .F. ) ;
#4691 = ADVANCED_FACE ( 'NONE', ( #4352 ), #1569, .T. ) ;
#4692 = CARTESIAN_POINT ( 'NONE',  ( -14.41264452466944235, 17.21367049115556469, -27.75116528942799121 ) ) ;
#4693 = LINE ( 'NONE', #6088, #1300 ) ;
#4694 = CARTESIAN_POINT ( 'NONE',  ( 11.36673000536017319, 10.49999999999996803, -28.48100732596713769 ) ) ;
#4695 = CARTESIAN_POINT ( 'NONE',  ( -6.000000000000000000, 47.21989972959759996, -29.52288202021099650 ) ) ;
#4696 = CARTESIAN_POINT ( 'NONE',  ( 34.99999999999998579, -62.94127121501731636, -208.8002507845964715 ) ) ;
#4697 = DIRECTION ( 'NONE',  ( -0.7071067811865474617, -0.2418447626479729440, 0.6644630243886755494 ) ) ;
#4698 = LINE ( 'NONE', #1040, #7308 ) ;
#4699 = VECTOR ( 'NONE', #6405, 1000.000000000000000 ) ;
#4700 = CARTESIAN_POINT ( 'NONE',  ( -35.00000000000000711, -5.000000000000000000, -24.00000000000000000 ) ) ;
#4701 = ORIENTED_EDGE ( 'NONE', *, *, #459, .T. ) ;
#4702 = CARTESIAN_POINT ( 'NONE',  ( -9.763242619720596593, -17.50000000000000000, -61.60643515537041282 ) ) ;
#4703 = CARTESIAN_POINT ( 'NONE',  ( 6.995458685428879164, 17.50000000000000000, -61.47368805178325601 ) ) ;
#4704 = CARTESIAN_POINT ( 'NONE',  ( 11.00000000000000000, -0.2413635280913868919, -59.89577447623747730 ) ) ;
#4705 = B_SPLINE_CURVE_WITH_KNOTS ( 'NONE', 3,
 ( #6853, #1327, #2603, #8193 ),
 .UNSPECIFIED., .F., .F.,
 ( 4, 4 ),
 ( 0.000000000000000000, 0.02496963461953777969 ),
 .UNSPECIFIED. ) ;
#4706 = CARTESIAN_POINT ( 'NONE',  ( 5.478691664486611934, 17.50000000000000000, -62.35342817114290170 ) ) ;
#4707 = CARTESIAN_POINT ( 'NONE',  ( -6.000000000000000000, 57.18184671051506029, -27.79443944768760844 ) ) ;
#4708 = ORIENTED_EDGE ( 'NONE', *, *, #4882, .T. ) ;
#4709 = VERTEX_POINT ( 'NONE', #2882 ) ;
#4710 = CARTESIAN_POINT ( 'NONE',  ( -8.291495555640167936, 15.50000000000000355, -58.75743297445332303 ) ) ;
#4711 = FACE_BOUND ( 'NONE', #5704, .T. ) ;
#4712 = CARTESIAN_POINT ( 'NONE',  ( 19.98456066037153178, -66.12297455282600822, -155.6451566186695175 ) ) ;
#4713 = CARTESIAN_POINT ( 'NONE',  ( -4.765039247568579661, 17.50000000000000711, -62.54395525773924192 ) ) ;
#4714 = CARTESIAN_POINT ( 'NONE',  ( -6.982848186927108181, 15.49999999999997158, -60.01891703882899520 ) ) ;
#4715 = CYLINDRICAL_SURFACE ( 'NONE', #6758, 5.000000000000000888 ) ;
#4716 = CARTESIAN_POINT ( 'NONE',  ( 11.56098735046085046, 11.60589756739144995, -28.07644571589564819 ) ) ;
#4717 = APPROVAL_STATUS ( 'not_yet_approved' ) ;
#4718 = CARTESIAN_POINT ( 'NONE',  ( 17.32783472253104406, 17.50000000000000000, -43.29998667119183864 ) ) ;
#4719 = VERTEX_POINT ( 'NONE', #4307 ) ;
#4720 = CARTESIAN_POINT ( 'NONE',  ( 20.71029801326587361, -27.03227361028092446, -135.1536190963415720 ) ) ;
#4721 = EDGE_LOOP ( 'NONE', ( #1019, #33, #7970, #1609 ) ) ;
#4722 = LINE ( 'NONE', #1883, #8169 ) ;
#4723 = CARTESIAN_POINT ( 'NONE',  ( -34.84440972380284762, -41.36244618974556886, -206.0125230594720733 ) ) ;
#4724 = CARTESIAN_POINT ( 'NONE',  ( 19.99999999999997868, -8.539001800247017826, -74.82736940533419556 ) ) ;
#4725 = ADVANCED_FACE ( 'NONE', ( #826 ), #1387, .T. ) ;
#4726 = ORIENTED_EDGE ( 'NONE', *, *, #8664, .T. ) ;
#4727 = APPLICATION_PROTOCOL_DEFINITION ( 'international standard', 'config_control_design', 1994, #7980 ) ;
#4728 = CARTESIAN_POINT ( 'NONE',  ( -14.70927240238728650, 17.49999999999999289, -28.39697529273285070 ) ) ;
#4729 = SHAPE_REPRESENTATION ( 'XC-01 - \X2\526f672c\X0\', ( #6410 ), #7886 ) ;
#4730 = CARTESIAN_POINT ( 'NONE',  ( -14.55233967218729063, 17.21463874330546062, -28.38146851970693518 ) ) ;
#4731 = DIRECTION ( 'NONE',  ( 0.000000000000000000, 0.9396926207859087610, -0.3420201433256677137 ) ) ;
#4732 = EDGE_LOOP ( 'NONE', ( #1418, #5436, #4583, #6634 ) ) ;
#4733 = CARTESIAN_POINT ( 'NONE',  ( -10.39352177558386359, 4.274728467065874504, 29.74060484578059160 ) ) ;
#4734 = CIRCLE ( 'NONE', #8683, 1.299999999999988276 ) ;
#4735 = DIRECTION ( 'NONE',  ( -0.000000000000000000, -1.000000000000000000, -0.000000000000000000 ) ) ;
#4736 = DIRECTION ( 'NONE',  ( 0.000000000000000000, 0.3420201433256680468, 0.9396926207859086499 ) ) ;
#4737 = CARTESIAN_POINT ( 'NONE',  ( 2.585786437626878875, 47.86977054368165341, -26.53168124802698813 ) ) ;
#4738 = FACE_BOUND ( 'NONE', #4610, .T. ) ;
#4739 = DIRECTION ( 'NONE',  ( -0.000000000000000000, 0.000000000000000000, 1.000000000000000000 ) ) ;
#4740 = CARTESIAN_POINT ( 'NONE',  ( 6.878426069308106072, 15.49999999999996980, -60.31306530854336501 ) ) ;
#4741 = CARTESIAN_POINT ( 'NONE',  ( -5.000000000000000000, -2.499999999999998668, -54.00000000000000711 ) ) ;
#4742 = ORIENTED_EDGE ( 'NONE', *, *, #3249, .F. ) ;
#4743 = CARTESIAN_POINT ( 'NONE',  ( -1.999999999999996225, 67.79366450551655987, -28.27479610298017576 ) ) ;
#4744 = CARTESIAN_POINT ( 'NONE',  ( 30.74839950377644726, -38.93121670051926486, -203.4674007280415537 ) ) ;
#4745 = CARTESIAN_POINT ( 'NONE',  ( 12.47152907364861285, 17.49999999999999645, -54.41599440723149428 ) ) ;
#4746 = CARTESIAN_POINT ( 'NONE',  ( 20.41427267080759833, -24.47509764604316018, -125.3908305484474397 ) ) ;
#4747 = CARTESIAN_POINT ( 'NONE',  ( 5.590300062048970453, 17.50000000000000000, -62.30110053748389731 ) ) ;
#4748 = FACE_OUTER_BOUND ( 'NONE', #8777, .T. ) ;
#4749 = CARTESIAN_POINT ( 'NONE',  ( -3.003808068379237195, -3.223924521262820697, -68.11862439506529654 ) ) ;
#4750 = ORIENTED_EDGE ( 'NONE', *, *, #8691, .T. ) ;
#4751 = ORIENTED_EDGE ( 'NONE', *, *, #6128, .T. ) ;
#4752 = CARTESIAN_POINT ( 'NONE',  ( -3.237940059675682658, 15.50000000000000355, -61.93033082015802648 ) ) ;
#4753 = FACE_OUTER_BOUND ( 'NONE', #5034, .T. ) ;
#4754 = CARTESIAN_POINT ( 'NONE',  ( 25.14413624811213666, -65.66462077523885910, -154.6885025182661195 ) ) ;
#4755 = CARTESIAN_POINT ( 'NONE',  ( -4.577710901794553422, 17.50000000000000000, -62.61392803586594624 ) ) ;
#4756 = CARTESIAN_POINT ( 'NONE',  ( -6.109664074523326605, 15.49999999999997335, -60.69244748448883797 ) ) ;
#4757 = CARTESIAN_POINT ( 'NONE',  ( 8.596263487184684138, 0.6035946162285263927, -59.32674585467113104 ) ) ;
#4758 = DIRECTION ( 'NONE',  ( 1.000000000000000000, 0.000000000000000000, 1.263007877856806148E-13 ) ) ;
#4759 = CARTESIAN_POINT ( 'NONE',  ( -14.05250301710526983, 15.50000000000000178, -29.86369758162903665 ) ) ;
#4760 = SECURITY_CLASSIFICATION_LEVEL ( 'unclassified' ) ;
#4761 = CARTESIAN_POINT ( 'NONE',  ( 13.51780638402002133, 17.50000000000000000, -56.78646890523603474 ) ) ;
#4762 = CARTESIAN_POINT ( 'NONE',  ( -21.67218105740179723, -69.50528427201855663, -162.6989320442122278 ) ) ;
#4763 = ORIENTED_EDGE ( 'NONE', *, *, #6448, .F. ) ;
#4764 = CARTESIAN_POINT ( 'NONE',  ( 10.01482599085227854, -17.50000000000000000, -61.56863952575955778 ) ) ;
#4765 = CARTESIAN_POINT ( 'NONE',  ( -34.98687346096907902, -54.28469015539818088, -195.9883220336713237 ) ) ;
#4766 = CARTESIAN_POINT ( 'NONE',  ( 20.00000000000001776, -43.99206395176125284, -146.6034431763595762 ) ) ;
#4767 = EDGE_LOOP ( 'NONE', ( #2021, #7137 ) ) ;
#4768 = EDGE_CURVE ( 'NONE', #2607, #4056, #1081, .T. ) ;
#4769 = APPROVAL_STATUS ( 'not_yet_approved' ) ;
#4770 = DIRECTION ( 'NONE',  ( 0.000000000000000000, -0.9961946980917454342, 0.08715574274765937324 ) ) ;
#4771 = CARTESIAN_POINT ( 'NONE',  ( -13.83238318377435583, 17.50000000000000355, -26.93108046183684223 ) ) ;
#4772 = EDGE_CURVE ( 'NONE', #6363, #1913, #6351, .T. ) ;
#4773 = CARTESIAN_POINT ( 'NONE',  ( -5.950000000000001954, -15.00000000000000000, -4.000000000000000888 ) ) ;
#4774 = CARTESIAN_POINT ( 'NONE',  ( -9.369420062765575707, 15.50000000000000000, -57.40720506784357724 ) ) ;
#4775 = VERTEX_POINT ( 'NONE', #3480 ) ;
#4776 = CARTESIAN_POINT ( 'NONE',  ( -8.108737509538855193, 6.820289461982262047, 29.51789711641163194 ) ) ;
#4777 = CARTESIAN_POINT ( 'NONE',  ( -30.62053960050636547, -39.09445985925689371, -204.1729247239930203 ) ) ;
#4778 = B_SPLINE_CURVE_WITH_KNOTS ( 'NONE', 3,
 ( #7842, #1629, #2852, #3728 ),
 .UNSPECIFIED., .F., .F.,
 ( 4, 4 ),
 ( 0.000000000000000000, 7.404184705348768611E-05 ),
 .UNSPECIFIED. ) ;
#4779 = ADVANCED_FACE ( 'NONE', ( #4258 ), #4856, .T. ) ;
#4780 = ADVANCED_FACE ( 'NONE', ( #7777 ), #8473, .F. ) ;
#4781 = CARTESIAN_POINT ( 'NONE',  ( 10.71593153481220639, 10.49999999999997158, -28.18011808782376093 ) ) ;
#4782 = CARTESIAN_POINT ( 'NONE',  ( -18.44908215863666001, -28.01677923492810507, -160.6763677264482340 ) ) ;
#4783 = CARTESIAN_POINT ( 'NONE',  ( 0.000000000000000000, -75.15387741749592010, -206.4835811890314403 ) ) ;
#4784 = AXIS2_PLACEMENT_3D ( 'NONE', #5969, #8800, #6009 ) ;
#4785 = CARTESIAN_POINT ( 'NONE',  ( 9.816737973259058947, 15.49999999999997691, -57.13090553453248077 ) ) ;
#4786 = CARTESIAN_POINT ( 'NONE',  ( 7.500000000000000000, -2.499999999999998668, -4.000000000000000888 ) ) ;
#4787 = VERTEX_POINT ( 'NONE', #5535 ) ;
#4788 = FACE_OUTER_BOUND ( 'NONE', #8535, .T. ) ;
#4789 = DIRECTION ( 'NONE',  ( 1.000000000000000000, 0.000000000000000000, 0.000000000000000000 ) ) ;
#4790 = CARTESIAN_POINT ( 'NONE',  ( 9.219154009727720478, 17.50000000000001776, -59.50764230259509446 ) ) ;
#4791 = CARTESIAN_POINT ( 'NONE',  ( 20.81573672850219836, -27.73450416031915111, -137.8451253890644637 ) ) ;
#4792 = EDGE_CURVE ( 'NONE', #2950, #8926, #6400, .T. ) ;
#4793 = DIRECTION ( 'NONE',  ( 1.000000000000000000, 0.000000000000000000, 0.000000000000000000 ) ) ;
#4794 = CARTESIAN_POINT ( 'NONE',  ( -31.20963340682911280, -71.73364612336627033, -178.6688228334439827 ) ) ;
#4795 = ORIENTED_EDGE ( 'NONE', *, *, #6764, .T. ) ;
#4796 = CARTESIAN_POINT ( 'NONE',  ( -6.667203373881681827, 15.50000000000000355, -60.27595707086435795 ) ) ;
#4797 = ADVANCED_FACE ( 'NONE', ( #4161 ), #5, .T. ) ;
#4798 = CARTESIAN_POINT ( 'NONE',  ( -7.500000000000000000, -17.50000000000000000, -27.45000000000000639 ) ) ;
#4799 = CARTESIAN_POINT ( 'NONE',  ( 33.22981084156084819, -74.43510418209901047, -184.0061645439135134 ) ) ;
#4800 = CARTESIAN_POINT ( 'NONE',  ( 13.58612993349261089, 15.50000000000000000, -48.64129327607685127 ) ) ;
#4801 = VECTOR ( 'NONE', #3214, 1000.000000000000114 ) ;
#4802 = CARTESIAN_POINT ( 'NONE',  ( -6.403315599926536095, 15.49999999999998224, -60.47978127811844473 ) ) ;
#4803 = CARTESIAN_POINT ( 'NONE',  ( 34.99999999999999289, 5.000000000000000000, -24.00000000000000000 ) ) ;
#4804 = APPLICATION_PROTOCOL_DEFINITION ( 'international standard', 'config_control_design', 1994, #2824 ) ;
#4805 = CARTESIAN_POINT ( 'NONE',  ( 10.22310938457261464, 17.50000000000000000, -61.35187517482672348 ) ) ;
#4806 = CARTESIAN_POINT ( 'NONE',  ( -29.68410705484172141, -80.89787048455804097, -186.3019165546988631 ) ) ;
#4807 = AXIS2_PLACEMENT_3D ( 'NONE', #1253, #3310, #8217 ) ;
#4808 = AXIS2_PLACEMENT_3D ( 'NONE', #5507, #3501, #8309 ) ;
#4809 = ORIENTED_EDGE ( 'NONE', *, *, #3288, .T. ) ;
#4810 = CARTESIAN_POINT ( 'NONE',  ( -12.26967145349126653, -2.499999999999995115, -43.29999102047115400 ) ) ;
#4811 = FACE_OUTER_BOUND ( 'NONE', #2229, .T. ) ;
#4812 = CARTESIAN_POINT ( 'NONE',  ( 21.46508122820922537, -26.08180391718213542, -153.1222447169148779 ) ) ;
#4813 = ORIENTED_EDGE ( 'NONE', *, *, #5013, .F. ) ;
#4814 = DIRECTION ( 'NONE',  ( -2.359895762284402142E-17, 0.08715574274765960916, 0.9961946980917454342 ) ) ;
#4815 = APPROVAL_PERSON_ORGANIZATION ( #9009, #8763, #6213 ) ;
#4816 = CARTESIAN_POINT ( 'NONE',  ( 1.171572875253773960, 67.74123947023871040, -5.926590506840825334 ) ) ;
#4817 = CARTESIAN_POINT ( 'NONE',  ( -11.83171543218479371, 15.49999999999997158, -26.40574277944520531 ) ) ;
#4818 = MANIFOLD_SOLID_BREP ( '\X2\570689d2\X0\4', #2981 ) ;
#4819 = CARTESIAN_POINT ( 'NONE',  ( 34.82906823473417290, -76.43033530955067079, -187.9279663789384358 ) ) ;
#4820 = CARTESIAN_POINT ( 'NONE',  ( -11.57501286595978129, 15.50000000000000178, -53.41357247438273248 ) ) ;
#4821 = ORIENTED_EDGE ( 'NONE', *, *, #2615, .T. ) ;
#4822 = CARTESIAN_POINT ( 'NONE',  ( 29.79081542544925298, -80.92860856468811903, -186.3665018962314832 ) ) ;
#4823 = CARTESIAN_POINT ( 'NONE',  ( 11.61321050261527787, 10.49999999999997158, -28.67590663426438624 ) ) ;
#4824 = DIRECTION ( 'NONE',  ( 0.000000000000000000, -0.9396926207859086499, 0.3420201433256680468 ) ) ;
#4825 = EDGE_CURVE ( 'NONE', #954, #1597, #6481, .T. ) ;
#4826 = DIRECTION ( 'NONE',  ( 0.000000000000000000, -0.3420201433256674362, -0.9396926207859089830 ) ) ;
#4827 = CARTESIAN_POINT ( 'NONE',  ( -3.227601420286791978, 10.87960728654434028, -60.06939187362213772 ) ) ;
#4828 = CARTESIAN_POINT ( 'NONE',  ( 15.42450954798305673, -19.12661073449001492, -126.3227642818627601 ) ) ;
#4829 = CARTESIAN_POINT ( 'NONE',  ( 11.40194165920721403, 15.49999999999996980, -54.33446206530140188 ) ) ;
#4831 = CIRCLE ( 'NONE', #891, 10.00000000000000000 ) ;
#4830 = CARTESIAN_POINT ( 'NONE',  ( 11.25077337050638704, 10.98572893123041538, -50.09939055922804840 ) ) ;
#4832 = EDGE_LOOP ( 'NONE', ( #1652, #2067, #5264, #273 ) ) ;
#4833 = DIRECTION ( 'NONE',  ( 0.000000000000000000, 0.000000000000000000, -1.000000000000000000 ) ) ;
#4834 = LINE ( 'NONE', #6886, #4412 ) ;
#4835 = CARTESIAN_POINT ( 'NONE',  ( -5.315373526799801240, 17.50000000000001066, -62.30919385414116363 ) ) ;
#4836 = CARTESIAN_POINT ( 'NONE',  ( 34.69548656865696756, -42.86981174580389364, -199.7647734867443319 ) ) ;
#4837 = CARTESIAN_POINT ( 'NONE',  ( 10.33989633824675280, 17.50000000000000355, -58.12670105091999062 ) ) ;
#4838 = COORDINATED_UNIVERSAL_TIME_OFFSET ( 8, 0, .AHEAD. ) ;
#4839 = FACE_OUTER_BOUND ( 'NONE', #8896, .T. ) ;
#4840 = CARTESIAN_POINT ( 'NONE',  ( -4.696905735239671920, -2.910809398198574982, -67.25834766475652771 ) ) ;
#4841 = AXIS2_PLACEMENT_3D ( 'NONE', #1518, #822, #135 ) ;
#4842 = CARTESIAN_POINT ( 'NONE',  ( -33.86603463409716142, -75.26059263739969651, -185.6322094837327086 ) ) ;
#4843 = ORIENTED_EDGE ( 'NONE', *, *, #8784, .T. ) ;
#4844 = ORIENTED_EDGE ( 'NONE', *, *, #6874, .F. ) ;
#4845 = CARTESIAN_POINT ( 'NONE',  ( -11.52414947593744365, 15.50000000000000355, -53.52540798613132722 ) ) ;
#4846 = LINE ( 'NONE', #4152, #2716 ) ;
#4847 = CARTESIAN_POINT ( 'NONE',  ( 30.88856343383291048, -82.30576199511504853, -189.2026228311259217 ) ) ;
#4848 = CARTESIAN_POINT ( 'NONE',  ( 11.99721932144617220, 15.50000000000000355, -53.04876723719459619 ) ) ;
#4849 = CARTESIAN_POINT ( 'NONE',  ( 14.27811260314354591, 16.87282050319625526, -27.70531783582096352 ) ) ;
#4850 = CARTESIAN_POINT ( 'NONE',  ( 10.54474451645522670, -0.1715931885684436609, -59.75610904216091512 ) ) ;
#4851 = FACE_OUTER_BOUND ( 'NONE', #7714, .T. ) ;
#4852 = CARTESIAN_POINT ( 'NONE',  ( -13.90213175706567128, 15.50000000000000178, -29.12065987810231960 ) ) ;
#4853 = CALENDAR_DATE ( 2026, 29, 5 ) ;
#4854 = CARTESIAN_POINT ( 'NONE',  ( 13.54194756270476674, 17.50000000000000711, -56.74145234704669605 ) ) ;
#4855 = ORIENTED_EDGE ( 'NONE', *, *, #3899, .F. ) ;
#4856 = PLANE ( 'NONE',  #3269 ) ;
#4857 = ORIENTED_EDGE ( 'NONE', *, *, #7976, .T. ) ;
#4858 = CARTESIAN_POINT ( 'NONE',  ( 5.567018884351577768, -17.50000000000000000, -64.48042444362010883 ) ) ;
#4859 = CARTESIAN_POINT ( 'NONE',  ( 20.00000000000000355, -14.96690670007526691, -56.52513676596421277 ) ) ;
#4860 = CARTESIAN_POINT ( 'NONE',  ( 20.06963463410125925, -38.43637746163241786, -148.6255476896818379 ) ) ;
#4861 = ORIENTED_EDGE ( 'NONE', *, *, #5803, .T. ) ;
#4862 = PERSON_AND_ORGANIZATION_ROLE ( 'design_supplier' ) ;
#4863 = CARTESIAN_POINT ( 'NONE',  ( 14.99769555765309548, 17.50000000000000711, -46.88487670704577681 ) ) ;
#4864 = CARTESIAN_POINT ( 'NONE',  ( -13.76130954005426332, 15.49999999999996625, -28.71966920970199411 ) ) ;
#4865 = DIRECTION ( 'NONE',  ( 0.000000000000000000, -0.9396926207859095381, -0.3420201433256655488 ) ) ;
#4866 = CARTESIAN_POINT ( 'NONE',  ( -11.82485347000577391, 15.50000000000000355, -52.85243124736986431 ) ) ;
#4867 = ORIENTED_EDGE ( 'NONE', *, *, #8421, .F. ) ;
#4868 = CARTESIAN_POINT ( 'NONE',  ( -14.69897373451943068, 17.50000000000000000, -28.08114500229019228 ) ) ;
#4869 = VECTOR ( 'NONE', #6546, 1000.000000000000114 ) ;
#4870 = CARTESIAN_POINT ( 'NONE',  ( -10.83980349947995414, 10.49999999999997158, -28.32521948333294048 ) ) ;
#4871 = CARTESIAN_POINT ( 'NONE',  ( 11.52923148137702292, 15.50000000000000711, -26.34022083882749499 ) ) ;
#4872 = CARTESIAN_POINT ( 'NONE',  ( -28.73302094111675586, -37.85400513081138740, -199.2380557704915418 ) ) ;
#4873 = CARTESIAN_POINT ( 'NONE',  ( -5.702064671141424235, 10.97568486425172019, -58.73169799651852685 ) ) ;
#4874 = EDGE_CURVE ( 'NONE', #8061, #1131, #7352, .T. ) ;
#4875 = DIRECTION ( 'NONE',  ( -2.775557561562891351E-17, 0.9396926207859095381, 0.3420201433256654378 ) ) ;
#4876 = AXIS2_PLACEMENT_3D ( 'NONE', #6994, #7827, #2792 ) ;
#4877 = CARTESIAN_POINT ( 'NONE',  ( 9.421993414143519985, 15.49999999999998934, -57.69068278596512300 ) ) ;
#4878 = AXIS2_PLACEMENT_3D ( 'NONE', #7176, #2465, #5207 ) ;
#4879 = LINE ( 'NONE', #5650, #7464 ) ;
#4880 = ORIENTED_EDGE ( 'NONE', *, *, #1668, .T. ) ;
#4881 = CARTESIAN_POINT ( 'NONE',  ( -14.77087968907203042, 17.50000000000000000, -46.71071738181712618 ) ) ;
#4882 = EDGE_CURVE ( 'NONE', #5798, #4719, #3389, .T. ) ;
#4883 = CARTESIAN_POINT ( 'NONE',  ( 29.02793531470051747, -38.04691991348202151, -200.0059868215576557 ) ) ;
#4884 = PERSON_AND_ORGANIZATION_ROLE ( 'design_supplier' ) ;
#4885 = CARTESIAN_POINT ( 'NONE',  ( 11.21192042345200690, 17.50000000000000000, -56.80099621203578408 ) ) ;
#4886 = CARTESIAN_POINT ( 'NONE',  ( -34.93255404056748148, -85.79189844232519135, -196.5850072937526249 ) ) ;
#4887 = CARTESIAN_POINT ( 'NONE',  ( 13.46081897792894644, 17.50000000000000355, -26.30849571832266776 ) ) ;
#4888 = EDGE_CURVE ( 'NONE', #1663, #7743, #1230, .T. ) ;
#4889 = CARTESIAN_POINT ( 'NONE',  ( -22.99563044298439607, -56.33168921215116853, -147.5858580238384263 ) ) ;
#4890 = ORIENTED_EDGE ( 'NONE', *, *, #2082, .T. ) ;
#4891 = ORIENTED_EDGE ( 'NONE', *, *, #6939, .T. ) ;
#4892 = CARTESIAN_POINT ( 'NONE',  ( -9.786953927149328436, 15.50000000000000000, -56.78767179733172554 ) ) ;
#4893 = DIRECTION ( 'NONE',  ( 1.000000000000000000, -0.000000000000000000, -0.000000000000000000 ) ) ;
#4894 = CARTESIAN_POINT ( 'NONE',  ( -29.91050379244957114, -80.99621422830588813, -186.5085515901552640 ) ) ;
#4895 = DIRECTION ( 'NONE',  ( -0.000000000000000000, 1.000000000000000000, -0.000000000000000000 ) ) ;
#4896 = CARTESIAN_POINT ( 'NONE',  ( -34.89378714441178886, -84.65653503453798123, -194.6645781580248524 ) ) ;
#4897 = CARTESIAN_POINT ( 'NONE',  ( 14.85329799223474012, 17.50000000000000000, -28.12974348152554782 ) ) ;
#4898 = ADVANCED_FACE ( 'NONE', ( #6718 ), #2650, .F. ) ;
#4899 = CARTESIAN_POINT ( 'NONE',  ( -12.28687479483675737, 15.50000000000000355, -26.86366912154305453 ) ) ;
#4900 = DATE_TIME_ROLE ( 'classification_date' ) ;
#4901 = CARTESIAN_POINT ( 'NONE',  ( 14.32319845236592037, 17.50000000000000355, -55.17773671011960346 ) ) ;
#4902 = EDGE_LOOP ( 'NONE', ( #8562, #4123 ) ) ;
#4903 = DIRECTION ( 'NONE',  ( 1.000000000000000000, 0.000000000000000000, 0.000000000000000000 ) ) ;
#4904 = CARTESIAN_POINT ( 'NONE',  ( -6.000000000000001776, 46.90830655305971675, -3.100125211048226692 ) ) ;
#4905 = DIRECTION ( 'NONE',  ( 1.000000000000000000, -0.000000000000000000, -0.000000000000000000 ) ) ;
#4906 = CARTESIAN_POINT ( 'NONE',  ( -34.82906823473415159, -42.95037330385817853, -200.1136759933730502 ) ) ;
#4907 = ORIENTED_EDGE ( 'NONE', *, *, #854, .T. ) ;
#4908 = B_SPLINE_CURVE_WITH_KNOTS ( 'NONE', 3,
 ( #5280, #292, #5872, #5826, #7330, #7946, #8633, #5919, #3905, #6688, #8076, #1812 ),
 .UNSPECIFIED., .F., .F.,
 ( 4, 2, 2, 2, 2, 4 ),
 ( 0.000000000000000000, 0.0005824961130071500256, 0.001164992226014300051, 0.001747488339021450185, 0.002038736395525028722, 0.002329984452028607475 ),
 .UNSPECIFIED. ) ;
#4909 = APPROVAL_DATE_TIME ( #5770, #4974 ) ;
#4910 = CARTESIAN_POINT ( 'NONE',  ( 12.30025050588041857, 17.50000000000000355, -54.77330307450067437 ) ) ;
#4911 = ADVANCED_FACE ( 'NONE', ( #3206 ), #5882, .T. ) ;
#4912 = CARTESIAN_POINT ( 'NONE',  ( 1.171572875253786838, 54.02613312354363018, -43.44614842217336559 ) ) ;
#4913 = DIRECTION ( 'NONE',  ( -0.000000000000000000, 1.000000000000000000, -0.000000000000000000 ) ) ;
#4914 = ORIENTED_EDGE ( 'NONE', *, *, #3566, .F. ) ;
#4915 = CARTESIAN_POINT ( 'NONE',  ( -6.000000000000000000, 46.90830655305971675, -4.400125211048214524 ) ) ;
#4916 = CARTESIAN_POINT ( 'NONE',  ( -30.18476005289609176, -38.81106727831771508, -203.0455113510904539 ) ) ;
#4917 = CARTESIAN_POINT ( 'NONE',  ( 6.177548709543192906, 10.49999999999997158, -58.29440536181083132 ) ) ;
#4918 = EDGE_CURVE ( 'NONE', #5074, #6318, #1970, .T. ) ;
#4919 = CARTESIAN_POINT ( 'NONE',  ( 11.22062388336891914, 15.50000000000000711, -26.24472115218477342 ) ) ;
#4920 = CARTESIAN_POINT ( 'NONE',  ( -15.00240574293435714, -24.79567195388979073, -68.91042536112450989 ) ) ;
#4921 = CARTESIAN_POINT ( 'NONE',  ( 6.530855928433048518, 2.859069776794089801, -59.37615583082583726 ) ) ;
#4922 = CARTESIAN_POINT ( 'NONE',  ( -4.448269243659967564, 10.49999999999996803, -59.38115648944353353 ) ) ;
#4923 = VECTOR ( 'NONE', #6110, 1000.000000000000000 ) ;
#4924 = CARTESIAN_POINT ( 'NONE',  ( 36.99999999999999289, -87.54256388039573267, -194.5252236675478628 ) ) ;
#4925 = CARTESIAN_POINT ( 'NONE',  ( 8.481740218789818542, 15.49999999999998579, -58.83196777354618945 ) ) ;
#4926 = DIRECTION ( 'NONE',  ( 0.000000000000000000, 0.3420201433256636614, 0.9396926207859102043 ) ) ;
#4927 = ORIENTED_EDGE ( 'NONE', *, *, #7433, .F. ) ;
#4928 = CARTESIAN_POINT ( 'NONE',  ( 34.65034009154437911, -38.42777782217542182, -201.5206808240662895 ) ) ;
#4929 = COORDINATED_UNIVERSAL_TIME_OFFSET ( 8, 0, .AHEAD. ) ;
#4930 = B_SPLINE_CURVE_WITH_KNOTS ( 'NONE', 3,
 ( #2117, #747, #3533, #5813, #7977, #6457, #925, #1623, #4581, #1016, #376, #1061, #3723, #3082, #5090, #2300, #3763, #3678, #7884, #5861, #4409, #2395, #8018, #1709 ),
 .UNSPECIFIED., .F., .F.,
 ( 4, 2, 2, 2, 2, 2, 2, 2, 2, 2, 2, 4 ),
 ( 0.000000000000000000, 0.0002505638988569971679, 0.0005011277977139943357, 0.001002255595427976745, 0.002004511190855941347, 0.003006766786283905733, 0.004009022381711870552, 0.005011277977139835804, 0.006013533572567800189, 0.006514661370281790188, 0.007015789167995780187, 0.008018044763423761920 ),
 .UNSPECIFIED. ) ;
#4931 = DIRECTION ( 'NONE',  ( 1.000000000000000000, 0.000000000000000000, 0.000000000000000000 ) ) ;
#4932 = CARTESIAN_POINT ( 'NONE',  ( 14.93060131731043150, 17.49999999999999645, -28.30296652680348402 ) ) ;
#4933 = CARTESIAN_POINT ( 'NONE',  ( 9.997527370229464694, -5.780249058701929066, -74.89708145546924811 ) ) ;
#4934 = EDGE_CURVE ( 'NONE', #3041, #6061, #5226, .T. ) ;
#4935 = ORIENTED_EDGE ( 'NONE', *, *, #7339, .F. ) ;
#4936 = ORIENTED_EDGE ( 'NONE', *, *, #8095, .T. ) ;
#4937 = CARTESIAN_POINT ( 'NONE',  ( -5.986562247144381566, 2.617721902403012280, -60.04322451053415932 ) ) ;
#4938 = CYLINDRICAL_SURFACE ( 'NONE', #7688, 1.549999999999995826 ) ;
#4939 = CARTESIAN_POINT ( 'NONE',  ( 36.57609477615587679, -83.15153915770281401, -190.9451939778088274 ) ) ;
#4940 = AXIS2_PLACEMENT_3D ( 'NONE', #2458, #1602, #3745 ) ;
#4941 = CARTESIAN_POINT ( 'NONE',  ( 7.504093608652123493, 15.50000000000000355, -59.79127771488865761 ) ) ;
#4942 = CARTESIAN_POINT ( 'NONE',  ( -34.81102029971813039, -80.43793676585301000, -189.5091669808164738 ) ) ;
#4943 = CARTESIAN_POINT ( 'NONE',  ( 14.79936243598108803, 17.50000000000000000, -54.13827266488828371 ) ) ;
#4944 = DIRECTION ( 'NONE',  ( 1.000000000000000000, -0.000000000000000000, 0.000000000000000000 ) ) ;
#4945 = CARTESIAN_POINT ( 'NONE',  ( -6.000000000000000000, 63.80888571314962121, -27.92617313198954321 ) ) ;
#4946 = CARTESIAN_POINT ( 'NONE',  ( -10.19354075967070550, 17.50000000000000000, -57.97136637932165115 ) ) ;
#4947 = ORIENTED_EDGE ( 'NONE', *, *, #5842, .T. ) ;
#4948 = CARTESIAN_POINT ( 'NONE',  ( -18.77465747378614935, -7.623447070565496198, -75.22250614442312155 ) ) ;
#4949 = AXIS2_PLACEMENT_3D ( 'NONE', #3561, #131, #8511 ) ;
#4950 = DIRECTION ( 'NONE',  ( -0.7071067811865485719, 0.7044160264027574669, -0.06162841671621970691 ) ) ;
#4951 = CARTESIAN_POINT ( 'NONE',  ( -15.06970171764737998, 17.50000000000000000, -43.30001151662156644 ) ) ;
#4952 = ORIENTED_EDGE ( 'NONE', *, *, #5838, .F. ) ;
#4953 = PERSON_AND_ORGANIZATION ( #5299, #8168 ) ;
#4954 = CARTESIAN_POINT ( 'NONE',  ( 13.31451567609953557, 17.50000000000000355, -52.51016476365821006 ) ) ;
#4955 = ADVANCED_FACE ( 'NONE', ( #6069 ), #1281, .T. ) ;
#4956 = VECTOR ( 'NONE', #4381, 1000.000000000000000 ) ;
#4957 = VECTOR ( 'NONE', #5336, 1000.000000000000000 ) ;
#4958 = CARTESIAN_POINT ( 'NONE',  ( 28.06653446969490062, -67.02394231350331211, -169.2896664968809546 ) ) ;
#4959 = CARTESIAN_POINT ( 'NONE',  ( -12.31596081914195295, 17.50000000000000000, -58.39830712348896213 ) ) ;
#4960 = EDGE_CURVE ( 'NONE', #3505, #3379, #1082, .T. ) ;
#4961 = EDGE_LOOP ( 'NONE', ( #743, #951, #2988, #1066 ) ) ;
#4962 = APPROVAL ( #4145, 'ๆช' ) ;
#4963 = CARTESIAN_POINT ( 'NONE',  ( -11.19473306714864691, 11.08086463972660773, -28.36803453448741053 ) ) ;
#4964 = CARTESIAN_POINT ( 'NONE',  ( -30.31886009188774622, -38.89826372547098998, -203.3924027208801704 ) ) ;
#4965 = CARTESIAN_POINT ( 'NONE',  ( 3.177744558168777544, 10.49999999999996803, -59.95532643898713587 ) ) ;
#4966 = CC_DESIGN_APPROVAL ( #8763, ( #3070 ) ) ;
#4967 = CARTESIAN_POINT ( 'NONE',  ( -3.814806204705548875, 17.49999999999999645, -62.83575876081143008 ) ) ;
#4968 = CARTESIAN_POINT ( 'NONE',  ( 12.39170365454624090, 15.50000000000000355, -26.76038707745972189 ) ) ;
#4969 = EDGE_CURVE ( 'NONE', #4224, #7808, #5603, .T. ) ;
#4970 = CARTESIAN_POINT ( 'NONE',  ( -15.66317215042610833, -24.76365028667611412, -68.92021547767078005 ) ) ;
#4971 = FACE_OUTER_BOUND ( 'NONE', #8313, .T. ) ;
#4972 = CARTESIAN_POINT ( 'NONE',  ( -4.690888198379455254, 10.49999999999996803, -59.23533603273215675 ) ) ;
#4973 = DIRECTION ( 'NONE',  ( 0.6081204024113454620, -0.2715109143604650388, -0.7459701063408691324 ) ) ;
#4974 = APPROVAL ( #7835, 'ๆช' ) ;
#4975 = CARTESIAN_POINT ( 'NONE',  ( 6.000000000000000000, 47.21989972959759996, -26.92288202021101995 ) ) ;
#4976 = CYLINDRICAL_SURFACE ( 'NONE', #6632, 2.999999999999999112 ) ;
#4977 = CARTESIAN_POINT ( 'NONE',  ( -30.88856343383602976, -82.30576199512884727, -189.2026228311546561 ) ) ;
#4978 = CARTESIAN_POINT ( 'NONE',  ( 12.17751892754120036, 10.96365532335054738, -46.75163828384047804 ) ) ;
#4979 = ORIENTED_EDGE ( 'NONE', *, *, #5930, .F. ) ;
#4980 = CARTESIAN_POINT ( 'NONE',  ( -6.240740316621055328, 17.49999999999999289, -61.80444017004914770 ) ) ;
#4981 = CARTESIAN_POINT ( 'NONE',  ( 20.97361091430301983, -20.97500381093759003, -133.4449207465139580 ) ) ;
#4982 = DATE_AND_TIME ( #78, #8469 ) ;
#4983 = CALENDAR_DATE ( 2026, 29, 5 ) ;
#4984 = CARTESIAN_POINT ( 'NONE',  ( 34.90794118389609935, -85.21480973182080731, -195.3724568903202226 ) ) ;
#4985 = CARTESIAN_POINT ( 'NONE',  ( 12.47978117232133322, 17.50000000000000000, -25.54489864177848801 ) ) ;
#4986 = CARTESIAN_POINT ( 'NONE',  ( -20.43568615037900571, -43.34240922070821966, -120.4903750670668501 ) ) ;
#4987 = AXIS2_PLACEMENT_3D ( 'NONE', #2098, #6804, #8415 ) ;
#4988 = DIRECTION ( 'NONE',  ( -1.000000000000000000, 0.000000000000000000, 0.000000000000000000 ) ) ;
#4989 = DIRECTION ( 'NONE',  ( 0.000000000000000000, 0.000000000000000000, 1.000000000000000000 ) ) ;
#4990 = ADVANCED_FACE ( 'NONE', ( #4204 ), #1520, .F. ) ;
#4991 = CARTESIAN_POINT ( 'NONE',  ( -29.74349156899606683, -80.90943499503461567, -186.3262153350920585 ) ) ;
#4992 = ORIENTED_EDGE ( 'NONE', *, *, #8490, .T. ) ;
#4993 = CARTESIAN_POINT ( 'NONE',  ( 4.344942625604997666, 15.50000000000000355, -61.72426610555763915 ) ) ;
#4994 = CARTESIAN_POINT ( 'NONE',  ( -34.80550152990749524, -79.32898970671047323, -188.6543453027367718 ) ) ;
#4995 = AXIS2_PLACEMENT_3D ( 'NONE', #1046, #3704, #7964 ) ;
#4996 = CARTESIAN_POINT ( 'NONE',  ( 15.88597323476811241, -17.50000000000000000, -51.37923820715372614 ) ) ;
#4997 = CARTESIAN_POINT ( 'NONE',  ( -19.99999999999999645, -24.79567195388979073, -68.91042536112450989 ) ) ;
#4998 = CARTESIAN_POINT ( 'NONE',  ( -8.958017678902102432, 17.50000000000000355, -59.51089585699163820 ) ) ;
#4999 = ORIENTED_EDGE ( 'NONE', *, *, #2492, .F. ) ;
#5000 = CYLINDRICAL_SURFACE ( 'NONE', #3337, 2.999999999999995559 ) ;
#5001 = CIRCLE ( 'NONE', #8650, 1.299999999999988720 ) ;
#5002 = DIRECTION ( 'NONE',  ( -0.000000000000000000, 1.000000000000000000, -0.000000000000000000 ) ) ;
#5003 = CARTESIAN_POINT ( 'NONE',  ( -14.52594857199785849, 17.49999999999999645, -47.93841619909500906 ) ) ;
#5004 = ORIENTED_EDGE ( 'NONE', *, *, #4934, .T. ) ;
#5005 = COORDINATED_UNIVERSAL_TIME_OFFSET ( 8, 0, .AHEAD. ) ;
#5006 = CARTESIAN_POINT ( 'NONE',  ( 12.97175569797189532, 17.50000000000000355, -53.31892504771241903 ) ) ;
#5007 = MANIFOLD_SOLID_BREP ( '\X2\51f853f0\X0\-\X2\62c94f38\X0\2', #6913 ) ;
#5008 = CARTESIAN_POINT ( 'NONE',  ( -5.986562247144381566, 2.617721902403012280, -60.04322451053415932 ) ) ;
#5009 = CARTESIAN_POINT ( 'NONE',  ( -13.17106762265730424, 17.50000000000000711, -56.95015153990910761 ) ) ;
#5010 = ORIENTED_EDGE ( 'NONE', *, *, #6553, .T. ) ;
#5011 = ORIENTED_EDGE ( 'NONE', *, *, #1400, .T. ) ;
#5012 = CARTESIAN_POINT ( 'NONE',  ( 6.349134484428241798, 2.779046232258153282, -59.59866594056951783 ) ) ;
#5013 = EDGE_CURVE ( 'NONE', #2152, #6915, #351, .T. ) ;
#5014 = CARTESIAN_POINT ( 'NONE',  ( -10.37825525208635469, 15.49999999999996447, -55.80116292166646019 ) ) ;
#5015 = CARTESIAN_POINT ( 'NONE',  ( 12.32780999899185659, 10.49999999999996447, -30.17358917729857382 ) ) ;
#5016 = LINE ( 'NONE', #845, #1440 ) ;
#5017 = CARTESIAN_POINT ( 'NONE',  ( -7.416440983493886918, 10.49999999999996803, -56.68330159291892301 ) ) ;
#5018 = CARTESIAN_POINT ( 'NONE',  ( -19.99999999999999645, -14.96690670007529178, -56.52513676596420567 ) ) ;
#5019 = DIRECTION ( 'NONE',  ( 1.000000000000000000, -0.000000000000000000, -0.000000000000000000 ) ) ;
#5020 = CARTESIAN_POINT ( 'NONE',  ( -19.99999999999999645, 3.234777356430452055, 24.81248959086563133 ) ) ;
#5021 = CARTESIAN_POINT ( 'NONE',  ( -20.82514383808507574, -18.70882660838079303, -124.7129747016687844 ) ) ;
#5022 = CARTESIAN_POINT ( 'NONE',  ( -19.99999999999999645, -6.001819538171616841, -75.75082822763783952 ) ) ;
#5023 = CIRCLE ( 'NONE', #194, 1.549999999999995826 ) ;
#5024 = CARTESIAN_POINT ( 'NONE',  ( 5.790636789879885171, 10.97342705540189201, -58.86761621739004369 ) ) ;
#5025 = VERTEX_POINT ( 'NONE', #4305 ) ;
#5026 = CARTESIAN_POINT ( 'NONE',  ( -5.640087578664491730, 17.50000000000000355, -62.14740795300652820 ) ) ;
#5027 = CARTESIAN_POINT ( 'NONE',  ( 12.08396899143867387, -2.499999999999995115, -28.71443165947095721 ) ) ;
#5028 = B_SPLINE_CURVE_WITH_KNOTS ( 'NONE', 3,
 ( #307, #5975, #5933, #8805, #7477, #5420, #7654, #665, #2767, #8985, #4044, #1948, #1991, #5372, #525, #2581, #3411, #6092, #8175, #4873, #5556, #1403, #2671, #1899, #8264, #3454, #2715, #4827, #4182, #6829 ),
 .UNSPECIFIED., .F., .F.,
 ( 4, 2, 2, 2, 2, 2, 2, 2, 2, 2, 2, 2, 2, 2, 4 ),
 ( 0.000000000000000000, 0.002593080951041351351, 0.005186161902082702703, 0.007779242853124054488, 0.01037232380416540541, 0.01166886427968609127, 0.01296540475520677541, 0.01426194523072746127, 0.01555848570624814367, 0.01685502618176882433, 0.01750329641952916640, 0.01815156665728951194, 0.01879983689504985400, 0.01944810713281019607, 0.02074464760833087673 ),
 .UNSPECIFIED. ) ;
#5029 = CARTESIAN_POINT ( 'NONE',  ( -20.00000000000001776, -42.61435164140905130, -147.1048894487104235 ) ) ;
#5030 = B_SPLINE_SURFACE_WITH_KNOTS ( 'NONE', 3, 3, ( 
 ( #8157, #3396, #4121, #605 ),
 ( #4164, #6124, #4723, #5451 ),
 ( #8875, #1884, #4683, #1976 ),
 ( #7595, #1342, #5404, #1239 ),
 ( #8250, #6912, #8833, #4765 ),
 ( #8292, #7459, #8924, #2019 ),
 ( #6956, #2612, #1193, #3256 ),
 ( #4031, #6816, #3300, #3988 ),
 ( #6772, #554, #7548, #3350 ),
 ( #3441, #6222, #5538, #8203 ),
 ( #2565, #5355, #1289, #511 ),
 ( #8340, #4073, #6077, #2700 ),
 ( #1932, #8969, #5493, #2065 ) ),
 .UNSPECIFIED., .F., .F., .F.,
 ( 4, 1, 1, 1, 3, 1, 1, 1, 4 ),
 ( 4, 4 ),
 ( 0.8149717514124293904, 0.8381002824858754252, 0.8612288135593213489, 0.8843573446327673837, 0.9074858757062134185, 0.9306144067796600083, 0.9537429378531065982, 0.9768714689265534101, 1.000000000000000000 ),
 ( 0.000000000000000000, 0.1022451910075078407 ),
 .UNSPECIFIED. ) ;
#5031 = VECTOR ( 'NONE', #5396, 1000.000000000000000 ) ;
#5032 = DIRECTION ( 'NONE',  ( 0.000000000000000000, 0.000000000000000000, -1.000000000000000000 ) ) ;
#5033 = CARTESIAN_POINT ( 'NONE',  ( 29.00041769075034992, -38.48283812885110677, -201.7397258176135040 ) ) ;
#5034 = EDGE_LOOP ( 'NONE', ( #3394, #1562, #5570, #4197, #3942, #1707, #6097, #8232, #6353, #3630, #4270, #4241 ) ) ;
#5035 = CARTESIAN_POINT ( 'NONE',  ( 14.97091902977474120, 17.77189469027409530, -27.76808734328026773 ) ) ;
#5036 = CARTESIAN_POINT ( 'NONE',  ( 35.56220943702420811, -77.31708532425200531, -189.6780595167459182 ) ) ;
#5037 = ORIENTED_EDGE ( 'NONE', *, *, #7817, .F. ) ;
#5038 = CARTESIAN_POINT ( 'NONE',  ( 3.499424974563744684, 15.50000000000000000, -61.92980032768974041 ) ) ;
#5039 = CARTESIAN_POINT ( 'NONE',  ( 13.04471389468795550, 15.49999999999998757, -27.27802072647210707 ) ) ;
#5040 = CARTESIAN_POINT ( 'NONE',  ( 9.578646745150329878, -17.50000000000000000, -61.97431250043312900 ) ) ;
#5041 = CARTESIAN_POINT ( 'NONE',  ( -12.71524202078405530, 15.49999999999996803, -27.21080161921029372 ) ) ;
#5042 = CARTESIAN_POINT ( 'NONE',  ( -17.06970171764654509, -17.50000000000000000, -43.30001332882125098 ) ) ;
#5043 = CARTESIAN_POINT ( 'NONE',  ( -11.98234965132964724, 17.49999999999998579, -54.89796641272832289 ) ) ;
#5044 = ORIENTED_EDGE ( 'NONE', *, *, #2534, .T. ) ;
#5045 = CARTESIAN_POINT ( 'NONE',  ( 15.00000000000000355, -5.569980492216203949, -59.94533819922087758 ) ) ;
#5046 = CARTESIAN_POINT ( 'NONE',  ( -19.99999999999999645, -20.09971187473756160, -70.62740308180886473 ) ) ;
#5047 = CARTESIAN_POINT ( 'NONE',  ( -14.11949006003573182, 17.49999999999999645, -49.50630618733663368 ) ) ;
#5048 = ORIENTED_EDGE ( 'NONE', *, *, #4603, .T. ) ;
#5049 = APPROVAL_STATUS ( 'not_yet_approved' ) ;
#5050 = CARTESIAN_POINT ( 'NONE',  ( 15.24130504406209496, 17.50000000000000355, -45.10661144517188603 ) ) ;
#5051 = CARTESIAN_POINT ( 'NONE',  ( 16.30010266867949298, -55.49403106171414635, -133.4017989807171887 ) ) ;
#5052 = CARTESIAN_POINT ( 'NONE',  ( -13.96479413946083170, 17.49999999999999645, -55.38992457646304501 ) ) ;
#5053 = ORIENTED_EDGE ( 'NONE', *, *, #5999, .F. ) ;
#5054 = EDGE_LOOP ( 'NONE', ( #6572, #7114, #3036, #5843 ) ) ;
#5055 = FACE_OUTER_BOUND ( 'NONE', #699, .T. ) ;
#5056 = EDGE_CURVE ( 'NONE', #7096, #6, #779, .T. ) ;
#5057 = CARTESIAN_POINT ( 'NONE',  ( 5.602880246691532840, 10.49999999999997158, -58.77164411036734037 ) ) ;
#5058 = CARTESIAN_POINT ( 'NONE',  ( -11.73044419415461448, 15.49999999999996980, -53.06700971847453729 ) ) ;
#5059 = CARTESIAN_POINT ( 'NONE',  ( 11.37246236141706923, 15.50000000000000000, -26.28865001418807879 ) ) ;
#5060 = CARTESIAN_POINT ( 'NONE',  ( -34.81102082919898066, -40.89673359236478944, -203.9010732471234633 ) ) ;
#5061 = CARTESIAN_POINT ( 'NONE',  ( -3.388269145425492290, 10.49999999999996803, -59.84665157913128297 ) ) ;
#5062 = CARTESIAN_POINT ( 'NONE',  ( 7.500000000000000000, -2.499999999999998668, -4.000000000000000888 ) ) ;
#5063 = FACE_OUTER_BOUND ( 'NONE', #4961, .T. ) ;
#5064 = CARTESIAN_POINT ( 'NONE',  ( -16.66666666666666430, -24.79567195388978362, -68.91042536112449568 ) ) ;
#5065 = CARTESIAN_POINT ( 'NONE',  ( -19.39509681158604693, -29.34966812446588946, -165.8559449838535329 ) ) ;
#5066 = CARTESIAN_POINT ( 'NONE',  ( -35.29366683386435000, -81.58489205481168938, -187.7174004651688506 ) ) ;
#5067 = VERTEX_POINT ( 'NONE', #5624 ) ;
#5068 = DIRECTION ( 'NONE',  ( -0.3713906763542325629, 0.9284766908852079004, -0.000000000000000000 ) ) ;
#5069 = CARTESIAN_POINT ( 'NONE',  ( -20.06963463410124859, -38.43637746163228996, -148.6255476896818664 ) ) ;
#5070 = CARTESIAN_POINT ( 'NONE',  ( -35.00000000000001421, -57.92306129188300901, -194.6640632387778567 ) ) ;
#5071 = CARTESIAN_POINT ( 'NONE',  ( -29.74308641059307945, -38.48952247896559697, -201.7654816960496760 ) ) ;
#5072 = DIRECTION ( 'NONE',  ( 0.6081204024113457951, 0.2715109143604655939, 0.7459701063408686883 ) ) ;
#5073 = CARTESIAN_POINT ( 'NONE',  ( 16.65206932314875843, -5.669463818967093616, -74.47020806938486714 ) ) ;
#5074 = VERTEX_POINT ( 'NONE', #8335 ) ;
#5075 = CARTESIAN_POINT ( 'NONE',  ( 12.52784698211499226, 10.99999999999963940, -56.83004743919267554 ) ) ;
#5076 = DIRECTION ( 'NONE',  ( 0.000000000000000000, 0.000000000000000000, 1.000000000000000000 ) ) ;
#5077 = VERTEX_POINT ( 'NONE', #7086 ) ;
#5078 = CARTESIAN_POINT ( 'NONE',  ( 4.582282761453943642, 15.50000000000000000, -61.64255066392807691 ) ) ;
#5079 = CARTESIAN_POINT ( 'NONE',  ( -12.26965967420139769, 10.99986544315751225, -30.29999999998753779 ) ) ;
#5080 = VECTOR ( 'NONE', #4678, 999.9999999999998863 ) ;
#5081 = APPROVAL_ROLE ( '' ) ;
#5082 = CARTESIAN_POINT ( 'NONE',  ( -14.06970453532059118, 15.49999999999996092, -30.11326828230628649 ) ) ;
#5083 = CARTESIAN_POINT ( 'NONE',  ( 14.65269971961491002, 17.49999999999999645, -48.49728262426354064 ) ) ;
#5084 = CARTESIAN_POINT ( 'NONE',  ( -14.28934389323485021, 17.50000000000000355, -48.90020692819427950 ) ) ;
#5085 = AXIS2_PLACEMENT_3D ( 'NONE', #8219, #1255, #438 ) ;
#5086 = ORIENTED_EDGE ( 'NONE', *, *, #5114, .F. ) ;
#5087 = CARTESIAN_POINT ( 'NONE',  ( -20.32615588428865294, -22.12440175857965485, -116.5584697361182123 ) ) ;
#5088 = CARTESIAN_POINT ( 'NONE',  ( -7.500000000000000000, -15.00000000000000000, -29.00000000000000000 ) ) ;
#5089 = ORIENTED_EDGE ( 'NONE', *, *, #1452, .F. ) ;
#5090 = CARTESIAN_POINT ( 'NONE',  ( 18.05294610454658155, -6.977585984750922954, -75.42964175366169854 ) ) ;
#5091 = CYLINDRICAL_SURFACE ( 'NONE', #3904, 1.000000000000000888 ) ;
#5092 = CARTESIAN_POINT ( 'NONE',  ( -2.956835017610097704, 17.49999999999999645, -65.00000020166078230 ) ) ;
#5093 = ORIENTED_EDGE ( 'NONE', *, *, #5578, .T. ) ;
#5094 = CARTESIAN_POINT ( 'NONE',  ( -11.19473306714877126, 10.85693298006431995, -28.36803453448748158 ) ) ;
#5095 = CARTESIAN_POINT ( 'NONE',  ( 13.70809605000078513, 15.50000000000000355, -48.16645748040624397 ) ) ;
#5096 = B_SPLINE_SURFACE_WITH_KNOTS ( 'NONE', 3, 1, ( 
 ( #7723, #4157 ),
 ( #8466, #1 ),
 ( #3432, #5579 ),
 ( #6212, #2147 ),
 ( #7676, #9007 ),
 ( #2740, #6948 ),
 ( #2879, #4996 ),
 ( #1427, #686 ),
 ( #3475, #736 ),
 ( #4943, #3522 ),
 ( #1476, #7776 ),
 ( #7036, #5664 ),
 ( #320, #7967 ),
 ( #1050, #3707 ),
 ( #5126, #6579 ),
 ( #4440, #4481 ),
 ( #7267, #6624 ),
 ( #364, #1005 ),
 ( #5943, #5040 ),
 ( #3375, #8854 ),
 ( #8903, #8773 ),
 ( #1827, #6709 ),
 ( #4662, #7355 ),
 ( #409, #1175 ),
 ( #6751, #2468 ),
 ( #448, #7437 ),
 ( #4568, #2510 ),
 ( #3238, #6841 ),
 ( #1219, #3924 ),
 ( #6019, #5985 ) ),
 .UNSPECIFIED., .F., .F., .F.,
 ( 4, 2, 2, 2, 2, 2, 2, 2, 2, 2, 2, 2, 2, 2, 4 ),
 ( 2, 2 ),
 ( 0.000000000000000000, 0.1250000000000002498, 0.2500000000000004996, 0.3125000000000006661, 0.3750000000000008882, 0.4375000000000010547, 0.5000000000000012212, 0.6250000000000015543, 0.6875000000000016653, 0.7500000000000018874, 0.8125000000000015543, 0.8750000000000012212, 0.9062500000000009992, 0.9375000000000008882, 1.000000000000000000 ),
 ( 0.000000000000000000, 1.000000000000000000 ),
 .UNSPECIFIED. ) ;
#5097 = CARTESIAN_POINT ( 'NONE',  ( -9.010029115829189195, 15.49999999999996980, -57.89447374093331433 ) ) ;
#5098 = CARTESIAN_POINT ( 'NONE',  ( -15.29014954491911205, -41.30344621112186587, -103.5957483817095408 ) ) ;
#5099 = CIRCLE ( 'NONE', #5970, 180.2684435961459712 ) ;
#5100 = DIRECTION ( 'NONE',  ( -0.000000000000000000, 0.3420201433256680468, 0.9396926207859086499 ) ) ;
#5101 = CARTESIAN_POINT ( 'NONE',  ( -34.93255404056739621, -41.34363852367938108, -212.7628508690614524 ) ) ;
#5102 = LINE ( 'NONE', #5752, #7873 ) ;
#5103 = CARTESIAN_POINT ( 'NONE',  ( -2.370661744665576443, 10.49999999999996980, -59.99999999999958078 ) ) ;
#5104 = FACE_OUTER_BOUND ( 'NONE', #107, .T. ) ;
#5105 = FACE_OUTER_BOUND ( 'NONE', #134, .T. ) ;
#5106 = DIRECTION ( 'NONE',  ( 0.000000000000000000, 0.9396926207859088720, -0.3420201433256676582 ) ) ;
#5107 = CARTESIAN_POINT ( 'NONE',  ( -21.98442188492890281, -32.30907720535157068, -177.3988237862608059 ) ) ;
#5108 = CC_DESIGN_APPROVAL ( #6295, ( #4070 ) ) ;
#5109 = CARTESIAN_POINT ( 'NONE',  ( -21.23808018935935138, -27.39503672796857003, -152.6442670631264775 ) ) ;
#5110 = CARTESIAN_POINT ( 'NONE',  ( 6.164464872772240867, 10.59981843982433958, 29.18723117738272776 ) ) ;
#5111 = ORIENTED_EDGE ( 'NONE', *, *, #7806, .T. ) ;
#5112 = CARTESIAN_POINT ( 'NONE',  ( 37.96589677139812125, -44.86267908998463128, -208.3040455075421278 ) ) ;
#5113 = CARTESIAN_POINT ( 'NONE',  ( -25.09557645433996598, -49.87121949639907115, -171.9357297362371355 ) ) ;
#5114 = EDGE_CURVE ( 'NONE', #705, #4572, #7214, .T. ) ;
#5115 = CARTESIAN_POINT ( 'NONE',  ( 30.18476005289602426, -81.48577513036595121, -187.5131879369382659 ) ) ;
#5116 = CARTESIAN_POINT ( 'NONE',  ( -30.74813677518826438, -38.93107649137157011, -203.4668604795952547 ) ) ;
#5117 = CARTESIAN_POINT ( 'NONE',  ( 13.21115646819711387, 17.49999999999999645, -26.11093170803907526 ) ) ;
#5118 = CARTESIAN_POINT ( 'NONE',  ( -16.86434253338075706, -10.50254974093491356, -93.09286716805998196 ) ) ;
#5119 = ORIENTED_EDGE ( 'NONE', *, *, #1552, .F. ) ;
#5120 = DIRECTION ( 'NONE',  ( -0.000000000000000000, 1.000000000000000000, -0.000000000000000000 ) ) ;
#5121 = B_SPLINE_CURVE_WITH_KNOTS ( 'NONE', 3,
 ( #7992, #1725, #7295, #346 ),
 .UNSPECIFIED., .F., .F.,
 ( 4, 4 ),
 ( 0.000000000000000000, 0.9000269113684922218 ),
 .UNSPECIFIED. ) ;
#5122 = CARTESIAN_POINT ( 'NONE',  ( -12.26965967419326198, -2.499999999999995115, -30.29999102047650084 ) ) ;
#5123 = ORIENTED_EDGE ( 'NONE', *, *, #8299, .T. ) ;
#5124 = CARTESIAN_POINT ( 'NONE',  ( -11.40214119735627563, 11.35050195871778023, -28.27041477124327074 ) ) ;
#5125 = CARTESIAN_POINT ( 'NONE',  ( 10.89902404065906438, 10.99999999999997335, -27.43827831049553723 ) ) ;
#5126 = CARTESIAN_POINT ( 'NONE',  ( 12.33133514734356062, 17.50000000000000000, -58.83742484714601773 ) ) ;
#5127 = CARTESIAN_POINT ( 'NONE',  ( -12.73429974073401993, 15.49999999999997335, -27.22845823555680767 ) ) ;
#5128 = CIRCLE ( 'NONE', #1171, 2.999999999999995559 ) ;
#5129 = CARTESIAN_POINT ( 'NONE',  ( 3.079004057485508650, 15.49999999999997158, -61.98558616387641962 ) ) ;
#5130 = ORIENTED_EDGE ( 'NONE', *, *, #8321, .F. ) ;
#5131 = CARTESIAN_POINT ( 'NONE',  ( 34.91274504519808630, -85.24207439461400782, -195.6130045157644872 ) ) ;
#5132 = CARTESIAN_POINT ( 'NONE',  ( -20.40555532036848518, -24.24768548801136703, -124.5357487099171436 ) ) ;
#5133 = CARTESIAN_POINT ( 'NONE',  ( -11.59286458391116348, 17.50000000000000000, -55.66272599103949403 ) ) ;
#5134 = ORIENTED_EDGE ( 'NONE', *, *, #601, .T. ) ;
#5135 = DIRECTION ( 'NONE',  ( -0.000000000000000000, 1.000000000000000000, -0.000000000000000000 ) ) ;
#5136 = CARTESIAN_POINT ( 'NONE',  ( 15.14329822459088781, -34.24840801703312820, -88.77204926446943034 ) ) ;
#5137 = DIRECTION ( 'NONE',  ( 0.000000000000000000, 0.9961946980917455452, -0.08715574274765881813 ) ) ;
#5138 = VECTOR ( 'NONE', #7186, 1000.000000000000000 ) ;
#5139 = ORIENTED_EDGE ( 'NONE', *, *, #6215, .F. ) ;
#5140 = VERTEX_POINT ( 'NONE', #2837 ) ;
#5141 = CARTESIAN_POINT ( 'NONE',  ( 2.628829549486178419, 17.50000000000000000, -64.99999999999771205 ) ) ;
#5142 = ADVANCED_FACE ( 'NONE', ( #4851 ), #5096, .F. ) ;
#5143 = CARTESIAN_POINT ( 'NONE',  ( 6.832692344542708796, 15.50000000000000355, -60.34887341240459335 ) ) ;
#5144 = CARTESIAN_POINT ( 'NONE',  ( -14.04780974859674458, 15.49999999999997868, -44.30233706588214204 ) ) ;
#5145 = CARTESIAN_POINT ( 'NONE',  ( -19.98442666669598466, -24.21722469754809026, -67.69502044802472085 ) ) ;
#5146 = CARTESIAN_POINT ( 'NONE',  ( -12.50520078212910136, 17.50000000000000000, -25.66654220895677696 ) ) ;
#5147 = CARTESIAN_POINT ( 'NONE',  ( -6.569067130381209374, 15.50000000000000000, -60.35313841052633421 ) ) ;
#5148 = CARTESIAN_POINT ( 'NONE',  ( -10.80028377450872235, 10.66849546682927929, -27.96535625681932302 ) ) ;
#5149 = CARTESIAN_POINT ( 'NONE',  ( 13.48735449105477002, 15.49999999999997158, -48.98807797734568936 ) ) ;
#5150 = CARTESIAN_POINT ( 'NONE',  ( -21.93850086501432273, -30.67199070152168261, -149.3375717302572525 ) ) ;
#5151 = CARTESIAN_POINT ( 'NONE',  ( -30.62053960050150181, -81.99337116562128358, -188.5589979260705888 ) ) ;
#5152 = CARTESIAN_POINT ( 'NONE',  ( -20.00000000000001776, -41.23663933105679291, -147.6063357210607592 ) ) ;
#5153 = EDGE_CURVE ( 'NONE', #1494, #964, #6058, .T. ) ;
#5154 = CARTESIAN_POINT ( 'NONE',  ( 18.31045225960471967, -23.64560390319451244, -69.37169459335144950 ) ) ;
#5155 = CARTESIAN_POINT ( 'NONE',  ( -29.81203408385828268, -38.50710163232472638, -201.8332170075123884 ) ) ;
#5156 = CARTESIAN_POINT ( 'NONE',  ( 12.56314446675329499, 15.49999999999998046, -26.87391871444578584 ) ) ;
#5157 = ORIENTED_EDGE ( 'NONE', *, *, #5266, .F. ) ;
#5158 = EDGE_CURVE ( 'NONE', #6318, #8048, #1768, .T. ) ;
#5159 = CARTESIAN_POINT ( 'NONE',  ( -7.500000000000000000, -15.00000000000000000, -4.000000000000000888 ) ) ;
#5160 = ORIENTED_EDGE ( 'NONE', *, *, #3710, .T. ) ;
#5161 = CARTESIAN_POINT ( 'NONE',  ( -11.70544377609902931, 12.18425595843893028, -28.08608079997202012 ) ) ;
#5162 = CARTESIAN_POINT ( 'NONE',  ( -14.99999999999999645, 3.234777356430490247, 24.81248959086564199 ) ) ;
#5163 = CIRCLE ( 'NONE', #1368, 1.299999999999995604 ) ;
#5164 = CARTESIAN_POINT ( 'NONE',  ( -33.05902532318450682, -78.79123102413650770, -181.9573711510985277 ) ) ;
#5165 = EDGE_CURVE ( 'NONE', #7566, #6168, #61, .T. ) ;
#5166 = CARTESIAN_POINT ( 'NONE',  ( -13.77841319829340705, 15.49999999999996447, -28.76251967143351607 ) ) ;
#5167 = CARTESIAN_POINT ( 'NONE',  ( 4.997380373740984538, 15.49999999999997868, -61.47319962885340061 ) ) ;
#5168 = PRODUCT ( 'XC-01 - \X2\526f672c\X0\', 'XC-01 - \X2\526f672c\X0\', '', ( #597 ) ) ;
#5169 = ORIENTED_EDGE ( 'NONE', *, *, #1318, .F. ) ;
#5170 = DIRECTION ( 'NONE',  ( -0.9999999999995895505, 0.000000000000000000, -9.060998517720132338E-07 ) ) ;
#5171 = CARTESIAN_POINT ( 'NONE',  ( 20.00000000000000355, -10.70278566687735911, -74.04760451506247421 ) ) ;
#5172 = VECTOR ( 'NONE', #4479, 1000.000000000000000 ) ;
#5173 = CARTESIAN_POINT ( 'NONE',  ( -12.10329638347266012, 17.50000000000000355, -54.64662937160188250 ) ) ;
#5174 = ORIENTED_EDGE ( 'NONE', *, *, #19, .T. ) ;
#5175 = EDGE_CURVE ( 'NONE', #2175, #2846, #2527, .T. ) ;
#5176 = PLANE ( 'NONE',  #7491 ) ;
#5177 = DIRECTION ( 'NONE',  ( 0.7750859297768569744, 0.000000000000000000, 0.6318558391452476775 ) ) ;
#5178 = EDGE_CURVE ( 'NONE', #2610, #6860, #8418, .T. ) ;
#5179 = CARTESIAN_POINT ( 'NONE',  ( -14.06970171764777611, 15.49999999999997158, -43.30001061052171707 ) ) ;
#5180 = ORIENTED_EDGE ( 'NONE', *, *, #1537, .F. ) ;
#5181 = FACE_OUTER_BOUND ( 'NONE', #8470, .T. ) ;
#5182 = VERTEX_POINT ( 'NONE', #2206 ) ;
#5183 = LINE ( 'NONE', #5141, #128 ) ;
#5184 = CARTESIAN_POINT ( 'NONE',  ( 7.075924706004095732, 15.50000000000000355, -60.15475726038936699 ) ) ;
#5185 = CARTESIAN_POINT ( 'NONE',  ( -10.25321570369335689, 15.49999999999997513, -56.02006771330512436 ) ) ;
#5186 = CARTESIAN_POINT ( 'NONE',  ( -20.17069249476211823, -29.53232535253243896, -78.86284841897891340 ) ) ;
#5187 = CARTESIAN_POINT ( 'NONE',  ( -11.44588729732933352, 15.50000000000000711, -26.40691969845570597 ) ) ;
#5188 = EDGE_CURVE ( 'NONE', #6801, #5674, #4930, .T. ) ;
#5189 = PERSON ( 'NAUO-PER2', 'UNSPECIFIED', 'UNSPECIFIED', ('UNSPECIFIED'), ('UNSPECIFIED'), ('UNSPECIFIED') ) ;
#5190 = CARTESIAN_POINT ( 'NONE',  ( 34.99999999999999289, -85.66317863882392203, -195.2092639541992014 ) ) ;
#5191 = CARTESIAN_POINT ( 'NONE',  ( -34.89378180208531433, -40.97889892774085041, -210.5616219148654977 ) ) ;
#5192 = CARTESIAN_POINT ( 'NONE',  ( -11.38324881332861516, 10.49999999999996625, -48.15796375861992118 ) ) ;
#5193 = CARTESIAN_POINT ( 'NONE',  ( -5.000000000000000000, -17.50000000000000000, -52.45000000000000995 ) ) ;
#5194 = ADVANCED_FACE ( 'NONE', ( #4452 ), #236, .F. ) ;
#5195 = CARTESIAN_POINT ( 'NONE',  ( 21.46508122820921116, -59.14689936563618033, -141.0875341805042922 ) ) ;
#5196 = CARTESIAN_POINT ( 'NONE',  ( -26.34126268131912241, -31.28189240779254732, -173.3849576619898301 ) ) ;
#5197 = CARTESIAN_POINT ( 'NONE',  ( 10.44743284575805653, 10.49999999999996980, -51.59335041464670724 ) ) ;
#5198 = CARTESIAN_POINT ( 'NONE',  ( 21.46508122820921116, -59.14689936563618033, -141.0875341805042922 ) ) ;
#5199 = CARTESIAN_POINT ( 'NONE',  ( 7.500000000000000000, -15.00000000000000000, -4.000000000000000888 ) ) ;
#5200 = CARTESIAN_POINT ( 'NONE',  ( -35.00000000000001421, -61.45764732152532162, -193.3775791335351357 ) ) ;
#5201 = CARTESIAN_POINT ( 'NONE',  ( 34.99999999999999289, -70.57955807856454555, -206.0201417254788510 ) ) ;
#5202 = CARTESIAN_POINT ( 'NONE',  ( 34.95503602704500423, -41.65177020169610245, -213.9501318919633661 ) ) ;
#5203 = ORIENTED_EDGE ( 'NONE', *, *, #7057, .T. ) ;
#5204 = CARTESIAN_POINT ( 'NONE',  ( -12.94007092368911316, 15.48168902858377827, -27.44489748111582372 ) ) ;
#5205 = ORIENTED_EDGE ( 'NONE', *, *, #1568, .F. ) ;
#5206 = FACE_OUTER_BOUND ( 'NONE', #8412, .T. ) ;
#5207 = DIRECTION ( 'NONE',  ( 0.000000000000000000, 0.000000000000000000, -1.000000000000000000 ) ) ;
#5208 = CARTESIAN_POINT ( 'NONE',  ( -34.69548656865700309, -76.26777883518710155, -187.6089075812081433 ) ) ;
#5209 = FACE_OUTER_BOUND ( 'NONE', #1808, .T. ) ;
#5210 = CARTESIAN_POINT ( 'NONE',  ( 15.21746435347582960, 17.49999999999999645, -45.40598035307389324 ) ) ;
#5211 = ORIENTED_EDGE ( 'NONE', *, *, #6412, .T. ) ;
#5212 = CARTESIAN_POINT ( 'NONE',  ( -14.99999999999999645, -170.2684435961459712, -6.522560269672794675E-13 ) ) ;
#5213 = CARTESIAN_POINT ( 'NONE',  ( 20.27976928568634563, -36.48030885929485123, -105.8396510337160379 ) ) ;
#5214 = CARTESIAN_POINT ( 'NONE',  ( -9.428652505564206976, 17.50000000000000000, -58.96997319359688561 ) ) ;
#5215 = ORIENTED_EDGE ( 'NONE', *, *, #4608, .F. ) ;
#5216 = UNCERTAINTY_MEASURE_WITH_UNIT (LENGTH_MEASURE( 1.000000000000000082E-05 ), #5918, 'distance_accuracy_value', 'NONE');
#5217 = LINE ( 'NONE', #5860, #4869 ) ;
#5218 = CARTESIAN_POINT ( 'NONE',  ( -14.96944356029618461, 17.77047014474000619, -28.43316289700620558 ) ) ;
#5219 = AXIS2_PLACEMENT_3D ( 'NONE', #6502, #237, #3040 ) ;
#5220 = CARTESIAN_POINT ( 'NONE',  ( 17.32783524094904948, 17.50000000000000711, -43.87212892310606804 ) ) ;
#5221 = VERTEX_POINT ( 'NONE', #8659 ) ;
#5222 = FACE_OUTER_BOUND ( 'NONE', #1878, .T. ) ;
#5223 = VERTEX_POINT ( 'NONE', #3038 ) ;
#5224 = PLANE ( 'NONE',  #422 ) ;
#5225 = CARTESIAN_POINT ( 'NONE',  ( 11.69176360639217016, 15.50000000000000355, -53.72242873517610917 ) ) ;
#5226 = B_SPLINE_CURVE_WITH_KNOTS ( 'NONE', 3,
 ( #3293, #7540, #6029, #3981, #5346, #3935 ),
 .UNSPECIFIED., .F., .F.,
 ( 4, 2, 4 ),
 ( 6.009258394948636926E-18, 0.001501912815259736668, 0.003003825630519467264 ),
 .UNSPECIFIED. ) ;
#5227 = EDGE_CURVE ( 'NONE', #4407, #7713, #7236, .T. ) ;
#5228 = FACE_OUTER_BOUND ( 'NONE', #6486, .T. ) ;
#5229 = CARTESIAN_POINT ( 'NONE',  ( -15.21166222126575995, -17.50000000000000000, -52.55521300004200924 ) ) ;
#5230 = EDGE_CURVE ( 'NONE', #1805, #909, #7190, .T. ) ;
#5231 = DIRECTION ( 'NONE',  ( 0.9284766908848791633, -0.3713906763541013900, 8.412925918583488972E-07 ) ) ;
#5232 = CYLINDRICAL_SURFACE ( 'NONE', #5368, 1.000000000000000888 ) ;
#5233 = CARTESIAN_POINT ( 'NONE',  ( -3.961571541152414166, 15.50000000000000000, -61.76316683155025800 ) ) ;
#5234 = DIRECTION ( 'NONE',  ( -0.000000000000000000, 0.3420201433256680468, 0.9396926207859086499 ) ) ;
#5235 = CARTESIAN_POINT ( 'NONE',  ( 19.99191685750175296, -24.60614944768832046, -68.51220999636151987 ) ) ;
#5236 = CARTESIAN_POINT ( 'NONE',  ( -20.41427267080837638, -24.47509764603751492, -125.3908305484594194 ) ) ;
#5237 = CARTESIAN_POINT ( 'NONE',  ( 11.96162121621388152, 10.49999999999996803, -46.81394538102133396 ) ) ;
#5238 = VECTOR ( 'NONE', #3618, 1000.000000000000000 ) ;
#5239 = CARTESIAN_POINT ( 'NONE',  ( -19.99999999999999645, -7.011872312450457834, 25.70895527601437891 ) ) ;
#5240 = EDGE_CURVE ( 'NONE', #5223, #6860, #4536, .T. ) ;
#5241 = DIRECTION ( 'NONE',  ( 1.000000000000000000, 0.000000000000000000, 0.000000000000000000 ) ) ;
#5242 = B_SPLINE_SURFACE_WITH_KNOTS ( 'NONE', 1, 3, ( 
 ( #5146, #3732, #3176, #388, #7290, #3219, #8754, #4461, #8669, #1027, #981, #4419, #3864, #6512, #1720, #1681, #248, #7245, #342, #3772, #4502, #6646, #2491, #3815, #6604, #3134, #5408, #6868, #6131, #1980, #2025, #1200, #1890, #3261, #4078, #5320, #612, #6732, #4686, #3993, #2569, #4771, #8929, #1938, #7599, #559, #8879, #654, #5361, #7414, #4639, #7508, #3401, #1294, #6177, #7465, #6777, #2705, #4728, #1157, #8974, #472, #1245, #5498, #6821, #2528, #515, #3304, #4034, #8162, #3949, #8835, #8115, #6081 ),
 ( #4817, #6041, #2660, #8298, #3355, #3446, #1346, #2618, #8210, #1847, #7553, #4125, #5458, #8255, #6916, #8795, #2933, #825, #915, #7968, #1700, #3073, #5851, #7268, #2069, #2342, #2245, #2982, #5041, #4170, #8651, #5127, #8519, #1567, #3668, #5713, #5762, #1006, #6447, #7226, #6538, #7826, #7088, #4482, #2386, #1613, #4351, #8344, #183, #7925, #6399, #6492, #269, #7130, #8568, #9021, #8612, #4864, #5166, #6230, #872, #228, #5544, #3028, #7644, #2756, #1395, #3613, #140, #960, #2292, #1661, #5082, #7874 ) ),
 .UNSPECIFIED., .F., .F., .F.,
 ( 2, 2 ),
 ( 4, 2, 2, 2, 2, 2, 2, 2, 2, 2, 2, 2, 2, 2, 2, 2, 2, 2, 2, 2, 2, 2, 2, 2, 2, 2, 2, 2, 2, 2, 2, 2, 2, 2, 2, 2, 4 ),
 ( 0.000000000000000000, 1.000000000000000000 ),
 ( 0.000000000000000000, 0.0003422150327437894395, 0.0006844300654875788790, 0.0008555375818594736529, 0.0009410913400454210941, 0.001026645098231368427, 0.001112198856417315760, 0.001133587295963802647, 0.001154975735510289318, 0.001165669955283532653, 0.001168343510226843487, 0.001171017065170154321, 0.001176364175056776205, 0.001187058394830019757, 0.001197752614603263092, 0.001219141054149749980, 0.001240529493696236867, 0.001283306372789210425, 0.001368860130975157758, 0.001539967647347052424, 0.001711075163718947306, 0.002053290196462736854, 0.002224397712834631519, 0.002395505229206526185, 0.002737720261950315516, 0.003079935294694104847, 0.003251042811065999946, 0.003336596569251947496, 0.003422150327437894612, 0.003593257843809789277, 0.003764365360181684377, 0.003935472876553578608, 0.004106580392925473708, 0.004277687909297368807, 0.004448795425669263039, 0.004791010458413052370, 0.005475440523900631032 ),
 .UNSPECIFIED. ) ;
#5243 = APPROVAL ( #4717, 'ๆช' ) ;
#5244 = CARTESIAN_POINT ( 'NONE',  ( 16.30319438750123950, -24.64399429425124310, -68.96675654151120227 ) ) ;
#5245 = CC_DESIGN_SECURITY_CLASSIFICATION ( #429, ( #4070 ) ) ;
#5246 = CARTESIAN_POINT ( 'NONE',  ( -12.26965967420139769, 10.99986544315751225, -30.29999999998753779 ) ) ;
#5247 = CARTESIAN_POINT ( 'NONE',  ( 12.68304205624112768, 15.49999999999998046, -26.96671102039015722 ) ) ;
#5248 = AXIS2_PLACEMENT_3D ( 'NONE', #5411, #7510, #6870 ) ;
#5249 = CARTESIAN_POINT ( 'NONE',  ( -6.000000000000000000, 57.18184671051506029, -29.09443944768759849 ) ) ;
#5250 = CARTESIAN_POINT ( 'NONE',  ( -6.000000000000000000, 64.03012059312736426, 20.49740610003052055 ) ) ;
#5251 = ORIENTED_EDGE ( 'NONE', *, *, #2264, .F. ) ;
#5252 = CARTESIAN_POINT ( 'NONE',  ( -11.11260789792414272, 10.51956277516869420, -28.47536076411622830 ) ) ;
#5253 = LOCAL_TIME ( 17, 12, 35.00000000000000000, #7724 ) ;
#5254 = DIRECTION ( 'NONE',  ( 0.000000000000000000, 0.000000000000000000, -1.000000000000000000 ) ) ;
#5255 = CARTESIAN_POINT ( 'NONE',  ( -20.87301888395275640, -47.76221809638754934, -117.1666020695394508 ) ) ;
#5256 = CARTESIAN_POINT ( 'NONE',  ( 4.808418632204276122, 17.50000000000000000, -62.63136579832945472 ) ) ;
#5257 = CARTESIAN_POINT ( 'NONE',  ( -17.06974095178198070, -17.50000000000000000, 0.000000000000000000 ) ) ;
#5258 = ADVANCED_FACE ( 'NONE', ( #3852 ), #6598, .T. ) ;
#5259 = VERTEX_POINT ( 'NONE', #8741 ) ;
#5260 = CARTESIAN_POINT ( 'NONE',  ( -35.00000000000000711, 5.000000000000000000, -24.00000000000000000 ) ) ;
#5261 = CARTESIAN_POINT ( 'NONE',  ( 12.79691341007101890, 15.47771777212157041, -26.99287517101202383 ) ) ;
#5262 = CARTESIAN_POINT ( 'NONE',  ( 15.37903479399422046, -45.24386341859789695, -111.8751591337255604 ) ) ;
#5263 = CARTESIAN_POINT ( 'NONE',  ( -8.957111565657191576, 17.50000000000000000, -59.51193454255219706 ) ) ;
#5264 = ORIENTED_EDGE ( 'NONE', *, *, #2578, .T. ) ;
#5265 = CARTESIAN_POINT ( 'NONE',  ( 34.99999999999999289, 5.000000000000000000, 24.00000000000000000 ) ) ;
#5266 = EDGE_CURVE ( 'NONE', #1761, #7193, #2478, .T. ) ;
#5267 = CARTESIAN_POINT ( 'NONE',  ( -10.71862182145276421, 10.54911935785803578, -27.70172557159440174 ) ) ;
#5268 = ORIENTED_EDGE ( 'NONE', *, *, #8701, .T. ) ;
#5269 = CARTESIAN_POINT ( 'NONE',  ( -16.76224747642624280, 17.50000000000000000, -46.91965207143462635 ) ) ;
#5270 = EDGE_LOOP ( 'NONE', ( #507, #3286, #5388, #314 ) ) ;
#5271 = CARTESIAN_POINT ( 'NONE',  ( -5.000000000000000000, -2.499999999999998668, -57.00000000000000000 ) ) ;
#5272 = CIRCLE ( 'NONE', #3676, 5.000000000000001776 ) ;
#5273 = CARTESIAN_POINT ( 'NONE',  ( 5.270424391575599721, 15.50000000000000000, -61.34593726835421279 ) ) ;
#5274 = VECTOR ( 'NONE', #1691, 1000.000000000000000 ) ;
#5275 = ORIENTED_EDGE ( 'NONE', *, *, #771, .F. ) ;
#5276 = ADVANCED_FACE ( 'NONE', ( #1801 ), #5771, .T. ) ;
#5277 = CARTESIAN_POINT ( 'NONE',  ( -11.41748307762038195, 15.50000000000000000, -26.39536405095449112 ) ) ;
#5278 = CARTESIAN_POINT ( 'NONE',  ( 5.000000000000000000, -15.00000000000000000, -54.00000000000000711 ) ) ;
#5279 = AXIS2_PLACEMENT_3D ( 'NONE', #5294, #6660, #8089 ) ;
#5280 = CARTESIAN_POINT ( 'NONE',  ( 12.52782294323494128, 11.00000000000013500, -30.29999102047650084 ) ) ;
#5281 = EDGE_CURVE ( 'NONE', #2152, #5957, #5217, .T. ) ;
#5282 = DIRECTION ( 'NONE',  ( -0.000000000000000000, 1.000000000000000000, -0.000000000000000000 ) ) ;
#5283 = CARTESIAN_POINT ( 'NONE',  ( -2.992773158479910212, 15.50000000000000000, -61.96452940142114585 ) ) ;
#5284 = EDGE_LOOP ( 'NONE', ( #7020, #4681, #8996, #100 ) ) ;
#5285 = DIRECTION ( 'NONE',  ( -0.9999999999995895505, 0.000000000000000000, -9.060998465960401091E-07 ) ) ;
#5286 = AXIS2_PLACEMENT_3D ( 'NONE', #4092, #623, #6746 ) ;
#5287 = CARTESIAN_POINT ( 'NONE',  ( -11.51599185985392282, 10.49999999999996980, -28.83950803554428077 ) ) ;
#5288 = CARTESIAN_POINT ( 'NONE',  ( 2.628829549486178419, 17.50000000000000000, -64.99999999999771205 ) ) ;
#5289 = CARTESIAN_POINT ( 'NONE',  ( 34.99999999999999289, -66.70004169816095896, -207.4321702112938226 ) ) ;
#5290 = CARTESIAN_POINT ( 'NONE',  ( 13.02182451682218023, 15.49999999999997158, -27.25448334228835634 ) ) ;
#5291 = DIRECTION ( 'NONE',  ( -0.000000000000000000, -0.9961946980917448791, 0.08715574274766618723 ) ) ;
#5292 = DIRECTION ( 'NONE',  ( 0.000000000000000000, 0.000000000000000000, -1.000000000000000000 ) ) ;
#5293 = VERTEX_POINT ( 'NONE', #5308 ) ;
#5294 = CARTESIAN_POINT ( 'NONE',  ( -1.171572875253815704, 47.86977054368165341, -26.53168124802698813 ) ) ;
#5295 = CARTESIAN_POINT ( 'NONE',  ( 7.234615099160031981, 17.49999999999999645, -61.29987469816920509 ) ) ;
#5296 = CARTESIAN_POINT ( 'NONE',  ( 20.00000000000000355, -20.09174912504077426, -70.62571061353207824 ) ) ;
#5297 = CARTESIAN_POINT ( 'NONE',  ( -33.22981084158494269, -74.43510418212868274, -184.0061645439772917 ) ) ;
#5298 = CARTESIAN_POINT ( 'NONE',  ( 2.628827735174615654, 17.50000000000000000, -62.99999999999896261 ) ) ;
#5299 = PERSON ( 'ๆช', 'ๆช', 'ๆช', ('ๆช'), ('ๆช'), ('ๆช') ) ;
#5300 = CARTESIAN_POINT ( 'NONE',  ( 29.68410705484173917, -80.89787048455848151, -186.3019165546994032 ) ) ;
#5301 = ORIENTED_EDGE ( 'NONE', *, *, #7885, .T. ) ;
#5302 = ORIENTED_EDGE ( 'NONE', *, *, #8120, .F. ) ;
#5303 = CARTESIAN_POINT ( 'NONE',  ( 6.000000000000000000, 64.03012059312736426, 21.79740610003051060 ) ) ;
#5304 = CARTESIAN_POINT ( 'NONE',  ( 6.000000000000000000, -6.576093598712162702, 30.68992876647312329 ) ) ;
#5305 = VECTOR ( 'NONE', #8063, 1000.000000000000000 ) ;
#5306 = CARTESIAN_POINT ( 'NONE',  ( -10.19237334715634091, 17.50000000000000355, -57.97232152175905640 ) ) ;
#5307 = CLOSED_SHELL ( 'NONE', ( #3793, #3044, #6507, #7942, #1242, #658 ) ) ;
#5308 = CARTESIAN_POINT ( 'NONE',  ( 11.30302104522391460, 10.85444150822984177, -28.27451596161818870 ) ) ;
#5309 = CARTESIAN_POINT ( 'NONE',  ( 12.69899736664019407, 15.50000000000000711, 1.999999999999889422 ) ) ;
#5310 = CARTESIAN_POINT ( 'NONE',  ( -14.69897373451943068, 17.50000000000000000, -28.08114500229019228 ) ) ;
#5311 = ORIENTED_EDGE ( 'NONE', *, *, #6778, .F. ) ;
#5312 = CARTESIAN_POINT ( 'NONE',  ( 20.39207660884832052, -23.89128374740897343, -123.1962443567666980 ) ) ;
#5313 = ORIENTED_EDGE ( 'NONE', *, *, #7188, .F. ) ;
#5314 = DIRECTION ( 'NONE',  ( 0.000000000000000000, 0.000000000000000000, 1.000000000000000000 ) ) ;
#5315 = CARTESIAN_POINT ( 'NONE',  ( 10.06204989933834604, 15.50000000000000355, -56.76120380213922800 ) ) ;
#5316 = ORIENTED_EDGE ( 'NONE', *, *, #3158, .F. ) ;
#5317 = B_SPLINE_SURFACE_WITH_KNOTS ( 'NONE', 3, 3, ( 
 ( #1593, #7803, #3591, #164, #1547, #806, #4331, #8549, #1639 ),
 ( #2962, #2860, #898, #1504, #8447, #5064, #3058, #7853, #7064 ),
 ( #7157, #4378, #1726, #8036, #3098, #3181, #7336, #6692, #3137 ),
 ( #298, #987, #8673, #476, #1161, #1774, #7251, #1078, #6045 ),
 ( #1686, #434, #3778, #3868, #8840, #6650, #5924, #2573, #6564 ),
 ( #8799, #2412, #347, #5878, #392, #5366, #5968, #8715, #4466 ),
 ( #3223, #2533, #5195, #2452, #4508, #8119, #5235, #7993, #1850 ) ),
 .UNSPECIFIED., .F., .F., .F.,
 ( 4, 1, 1, 1, 4 ),
 ( 4, 2, 3, 4 ),
 ( 0.000000000000000000, 0.07874293785310734761, 0.1574858757062146675, 0.2362288135593220428, 0.3149717514124293904 ),
 ( 0.1022451910075078407, 0.6352806390833838357, 1.000000000000000000, 1.008977548089925014 ),
 .UNSPECIFIED. ) ;
#5318 = CARTESIAN_POINT ( 'NONE',  ( -11.51822434000805728, 15.50000000000000178, -26.43699535672781664 ) ) ;
#5319 = CARTESIAN_POINT ( 'NONE',  ( 35.03624874966732250, -38.69087099386673145, -202.5673375822825903 ) ) ;
#5320 = CARTESIAN_POINT ( 'NONE',  ( -13.47871743493792529, 17.50000000000002132, -26.55618838263896819 ) ) ;
#5321 = CARTESIAN_POINT ( 'NONE',  ( 7.500000000000000000, -17.50000000000000000, -5.549999999999998046 ) ) ;
#5322 = CARTESIAN_POINT ( 'NONE',  ( -7.513355308164531898, 15.50000000000000000, -59.54772738892128103 ) ) ;
#5323 = ADVANCED_FACE ( 'NONE', ( #1708, #8658, #280, #4451, #7366, #7276, #375 ), #7235, .F. ) ;
#5324 = ORIENTED_EDGE ( 'NONE', *, *, #660, .T. ) ;
#5325 = CARTESIAN_POINT ( 'NONE',  ( -14.99999999999999645, 3.234777356430467599, 24.81248959086564554 ) ) ;
#5326 = ADVANCED_FACE ( 'NONE', ( #3122, #1106 ), #5176, .F. ) ;
#5327 = CARTESIAN_POINT ( 'NONE',  ( -12.02332037801704701, 10.49999999999996803, -29.84764768553831260 ) ) ;
#5328 = DIRECTION ( 'NONE',  ( -0.000000000000000000, 1.000000000000000000, -0.000000000000000000 ) ) ;
#5329 = CARTESIAN_POINT ( 'NONE',  ( -10.77209022640203351, -0.2155912944418139909, -59.82261442993059575 ) ) ;
#5330 = CYLINDRICAL_SURFACE ( 'NONE', #2795, 1.549999999999996714 ) ;
#5331 = EDGE_LOOP ( 'NONE', ( #2481, #8348, #3146, #6180 ) ) ;
#5332 = CARTESIAN_POINT ( 'NONE',  ( 32.05795411985007348, -39.64899726299455551, -206.2331249337452732 ) ) ;
#5333 = CARTESIAN_POINT ( 'NONE',  ( 11.88879311800503480, 17.49999999999998934, -55.59267463304612278 ) ) ;
#5334 = CARTESIAN_POINT ( 'NONE',  ( 20.38638068263861669, -23.73858317257481687, -122.6225867793986737 ) ) ;
#5335 = CARTESIAN_POINT ( 'NONE',  ( 7.469967760369066845, 17.50000000000000000, -61.12068817347816463 ) ) ;
#5336 = DIRECTION ( 'NONE',  ( -0.000000000000000000, 1.000000000000000000, -0.000000000000000000 ) ) ;
#5337 = CC_DESIGN_PERSON_AND_ORGANIZATION_ASSIGNMENT ( #2993, #8432, ( #857 ) ) ;
#5338 = ORIENTED_EDGE ( 'NONE', *, *, #6494, .T. ) ;
#5339 = ORIENTED_EDGE ( 'NONE', *, *, #1372, .F. ) ;
#5340 = CARTESIAN_POINT ( 'NONE',  ( 3.097299090101985453, -2.175958488152972770, -65.23936138273882079 ) ) ;
#5341 = CARTESIAN_POINT ( 'NONE',  ( 30.72628651008570699, -75.67380665057304157, -175.5151091054791550 ) ) ;
#5342 = B_SPLINE_CURVE_WITH_KNOTS ( 'NONE', 3,
 ( #325, #7930, #3078, #3798, #232, #5899, #5171 ),
 .UNSPECIFIED., .F., .F.,
 ( 4, 3, 4 ),
 ( 0.000000000000000000, 1.196799199021297074E-05, 2.166218458210574790E-05 ),
 .UNSPECIFIED. ) ;
#5343 = CARTESIAN_POINT ( 'NONE',  ( -7.214743339357317709, 17.49999999999999645, -61.11784528689166507 ) ) ;
#5344 = CARTESIAN_POINT ( 'NONE',  ( -7.443382784342886360, 15.49999999999997335, -59.61220498063792661 ) ) ;
#5345 = LINE ( 'NONE', #5487, #1810 ) ;
#5346 = CARTESIAN_POINT ( 'NONE',  ( 13.04951934097802990, 15.85049601769879857, -26.64655441216531173 ) ) ;
#5347 = ADVANCED_FACE ( 'NONE', ( #6592 ), #3162, .F. ) ;
#5348 = CARTESIAN_POINT ( 'NONE',  ( -13.98129726371348802, 15.50000000000000000, -29.43657754065567644 ) ) ;
#5349 = DATE_AND_TIME ( #8196, #6849 ) ;
#5350 = CARTESIAN_POINT ( 'NONE',  ( -6.000000000000000000, 49.08720012175118796, 21.80474224124540328 ) ) ;
#5351 = ORIENTED_EDGE ( 'NONE', *, *, #3825, .T. ) ;
#5352 = CARTESIAN_POINT ( 'NONE',  ( -18.01887785583284796, -61.35593643140968112, -145.6822399409766149 ) ) ;
#5353 = ORIENTED_EDGE ( 'NONE', *, *, #1246, .F. ) ;
#5354 = CARTESIAN_POINT ( 'NONE',  ( 3.232186483708316516, -17.50000000000000000, -64.99999945265899726 ) ) ;
#5355 = CARTESIAN_POINT ( 'NONE',  ( -34.94797589191978915, -80.12401158005862101, -197.2253558862195746 ) ) ;
#5356 = ORIENTED_EDGE ( 'NONE', *, *, #4588, .F. ) ;
#5357 = DIRECTION ( 'NONE',  ( 0.000000000000000000, 0.000000000000000000, 1.000000000000000000 ) ) ;
#5358 = FACE_OUTER_BOUND ( 'NONE', #7174, .T. ) ;
#5359 = CIRCLE ( 'NONE', #254, 1.999999999999994893 ) ;
#5360 = CARTESIAN_POINT ( 'NONE',  ( -11.67283747518809811, -17.50000000000000000, -59.35608101403700232 ) ) ;
#5361 = CARTESIAN_POINT ( 'NONE',  ( -14.30394574010259490, 17.49999999999998934, -27.58151882085656226 ) ) ;
#5362 = CARTESIAN_POINT ( 'NONE',  ( -12.99936623653507795, 15.49999999999998757, -27.49909471489036861 ) ) ;
#5363 = CARTESIAN_POINT ( 'NONE',  ( 14.69899917884070994, 17.50000000000000000, 0.000000000000000000 ) ) ;
#5364 = CARTESIAN_POINT ( 'NONE',  ( -14.62471057574367173, 17.49999999999999645, -47.48685086940884048 ) ) ;
#5365 = ORIENTED_EDGE ( 'NONE', *, *, #8399, .T. ) ;
#5366 = CARTESIAN_POINT ( 'NONE',  ( 16.66666666666667140, -24.79567195388978362, -68.91042536112449568 ) ) ;
#5367 = DIRECTION ( 'NONE',  ( 0.000000000000000000, 0.9396926207859086499, -0.3420201433256680468 ) ) ;
#5368 = AXIS2_PLACEMENT_3D ( 'NONE', #8836, #1771, #8880 ) ;
#5369 = CARTESIAN_POINT ( 'NONE',  ( -35.00000000000000711, -85.66317863882390782, -195.2092639541992014 ) ) ;
#5370 = CARTESIAN_POINT ( 'NONE',  ( 10.73874500606999227, 10.49999999999996803, -28.18656543348415866 ) ) ;
#5371 = CARTESIAN_POINT ( 'NONE',  ( 2.585786437626871770, 71.76474380547401211, 23.83599360247910681 ) ) ;
#5372 = CARTESIAN_POINT ( 'NONE',  ( -8.156697557480370619, 10.93241092295697925, -55.95078607890895483 ) ) ;
#5373 = CARTESIAN_POINT ( 'NONE',  ( -11.00000000000000000, -0.2413635280914193382, -59.89577447623756257 ) ) ;
#5374 = CIRCLE ( 'NONE', #5825, 5.000000000000000888 ) ;
#5375 = AXIS2_PLACEMENT_3D ( 'NONE', #5828, #802, #3587 ) ;
#5376 = CARTESIAN_POINT ( 'NONE',  ( -6.000000000000001776, 47.21989972959759996, -29.52288202021099650 ) ) ;
#5377 = ORIENTED_EDGE ( 'NONE', *, *, #2148, .F. ) ;
#5378 = CARTESIAN_POINT ( 'NONE',  ( -6.000000000000001776, 64.03012059312736426, 20.49740610003052055 ) ) ;
#5379 = CARTESIAN_POINT ( 'NONE',  ( 7.260947710450369463, 17.49999999999999645, -61.28017404165011328 ) ) ;
#5380 = DIRECTION ( 'NONE',  ( 4.386904736257961269E-15, 0.3420201433256636614, 0.9396926207859103153 ) ) ;
#5381 = COORDINATED_UNIVERSAL_TIME_OFFSET ( 8, 0, .AHEAD. ) ;
#5382 = AXIS2_PLACEMENT_3D ( 'NONE', #4176, #6284, #20 ) ;
#5383 = AXIS2_PLACEMENT_3D ( 'NONE', #6625, #4615, #4528 ) ;
#5384 = CARTESIAN_POINT ( 'NONE',  ( 5.991762661752723318, 17.50000000000000355, -62.09959259980888646 ) ) ;
#5385 = CYLINDRICAL_SURFACE ( 'NONE', #5383, 1.299999999999988720 ) ;
#5386 = ORIENTED_EDGE ( 'NONE', *, *, #8354, .T. ) ;
#5387 = ADVANCED_FACE ( 'NONE', ( #5953 ), #3037, .F. ) ;
#5388 = ORIENTED_EDGE ( 'NONE', *, *, #4608, .T. ) ;
#5389 = CARTESIAN_POINT ( 'NONE',  ( 5.000000000000000000, -17.50000000000000000, -52.45000000000000995 ) ) ;
#5390 = FACE_BOUND ( 'NONE', #8621, .T. ) ;
#5391 = LOCAL_TIME ( 17, 12, 35.00000000000000000, #5611 ) ;
#5392 = CARTESIAN_POINT ( 'NONE',  ( 20.87034348174314857, -47.68245736174754512, -116.9990127384807437 ) ) ;
#5393 = CARTESIAN_POINT ( 'NONE',  ( -6.013837194135723152, 17.49999999999999645, -61.94146094912809986 ) ) ;
#5394 = CARTESIAN_POINT ( 'NONE',  ( -4.941339745714275367, 15.49999999999997335, -61.37967023636188202 ) ) ;
#5395 = CYLINDRICAL_SURFACE ( 'NONE', #3407, 5.000000000000000888 ) ;
#5396 = DIRECTION ( 'NONE',  ( -0.000000000000000000, 1.000000000000000000, -0.000000000000000000 ) ) ;
#5397 = APPROVAL_ROLE ( '' ) ;
#5398 = CC_DESIGN_APPROVAL ( #8376, ( #4234 ) ) ;
#5399 = CARTESIAN_POINT ( 'NONE',  ( 17.03804606856821025, 17.50000000000000000, -46.81130488198230921 ) ) ;
#5400 = ORIENTED_EDGE ( 'NONE', *, *, #369, .F. ) ;
#5401 = CARTESIAN_POINT ( 'NONE',  ( 22.99563044298417935, -32.41542206169627605, -156.2906673813619989 ) ) ;
#5402 = ORIENTED_EDGE ( 'NONE', *, *, #7606, .F. ) ;
#5403 = CARTESIAN_POINT ( 'NONE',  ( 10.84081228905051120, -17.50000000000000000, -60.70896344833107605 ) ) ;
#5404 = CARTESIAN_POINT ( 'NONE',  ( -34.95429813741347402, -50.21066137772861993, -202.7920361046653284 ) ) ;
#5405 = CARTESIAN_POINT ( 'NONE',  ( 34.98687346096909323, -65.09601845801006448, -192.0533203386412708 ) ) ;
#5406 = ORIENTED_EDGE ( 'NONE', *, *, #1933, .F. ) ;
#5407 = MECHANICAL_CONTEXT ( 'NONE', #4047, 'mechanical' ) ;
#5408 = CARTESIAN_POINT ( 'NONE',  ( -13.38473918310372746, 17.49999999999999645, -26.46792402105112174 ) ) ;
#5409 = ADVANCED_FACE ( 'NONE', ( #924 ), #4535, .T. ) ;
#5410 = DIRECTION ( 'NONE',  ( 0.000000000000000000, 0.000000000000000000, -1.000000000000000000 ) ) ;
#5411 = CARTESIAN_POINT ( 'NONE',  ( 7.500000000000000000, -2.499999999999998668, -4.000000000000000888 ) ) ;
#5412 = ORIENTED_EDGE ( 'NONE', *, *, #6397, .T. ) ;
#5413 = CIRCLE ( 'NONE', #4095, 2.999999999999995559 ) ;
#5414 = LINE ( 'NONE', #3450, #8249 ) ;
#5415 = AXIS2_PLACEMENT_3D ( 'NONE', #777, #4895, #7674 ) ;
#5416 = CARTESIAN_POINT ( 'NONE',  ( -14.99999999999999645, 3.234777356430462714, 24.81248959086564554 ) ) ;
#5417 = CARTESIAN_POINT ( 'NONE',  ( 10.71783666747236019, 10.49999999999996803, -28.18064661513034963 ) ) ;
#5418 = CYLINDRICAL_SURFACE ( 'NONE', #5085, 2.999999999999996891 ) ;
#5419 = DIRECTION ( 'NONE',  ( -0.000000000000000000, 1.000000000000000000, -0.000000000000000000 ) ) ;
#5420 = CARTESIAN_POINT ( 'NONE',  ( -11.27109766649862799, 10.97624598275267260, -49.26858322275678859 ) ) ;
#5421 = CARTESIAN_POINT ( 'NONE',  ( -8.017415376001544303, 1.017613745092641020, -59.26395090516254527 ) ) ;
#5422 = CARTESIAN_POINT ( 'NONE',  ( 6.805850303556609582, 15.49999999999997158, -60.36964315644785017 ) ) ;
#5423 = CIRCLE ( 'NONE', #3527, 1.549999999999995826 ) ;
#5424 = CARTESIAN_POINT ( 'NONE',  ( 6.000000000000000000, 49.08720012175118796, 23.10474224124539333 ) ) ;
#5425 = ORIENTED_EDGE ( 'NONE', *, *, #4498, .T. ) ;
#5426 = CARTESIAN_POINT ( 'NONE',  ( 7.500000000000000000, -2.499999999999998668, -6.999999999999998224 ) ) ;
#5427 = CARTESIAN_POINT ( 'NONE',  ( -7.910121600822948018, 17.50000000000000000, -63.11161513386095834 ) ) ;
#5428 = ADVANCED_FACE ( 'NONE', ( #3851 ), #2476, .T. ) ;
#5429 = CARTESIAN_POINT ( 'NONE',  ( 10.75546209335117176, 17.50000000000000711, -57.52623866699675403 ) ) ;
#5430 = CARTESIAN_POINT ( 'NONE',  ( 15.37903479394521788, -17.95479461731860127, -121.8075678982794869 ) ) ;
#5431 = PERSON_AND_ORGANIZATION ( #5299, #8168 ) ;
#5432 = CARTESIAN_POINT ( 'NONE',  ( 9.082080160331148733, 17.50000000000000711, -59.65320947266473439 ) ) ;
#5433 = CARTESIAN_POINT ( 'NONE',  ( 13.53036720944611204, 17.49999999999998934, -26.36721970677962545 ) ) ;
#5434 = EDGE_LOOP ( 'NONE', ( #6155, #6754, #8724, #4396 ) ) ;
#5435 = ADVANCED_FACE ( 'NONE', ( #2649 ), #5395, .T. ) ;
#5436 = ORIENTED_EDGE ( 'NONE', *, *, #5456, .T. ) ;
#5437 = CARTESIAN_POINT ( 'NONE',  ( -4.434745947719499704, 15.50000000000000000, -61.60078259487290353 ) ) ;
#5438 = CARTESIAN_POINT ( 'NONE',  ( -1.171572875253815704, 47.86977054368165341, -26.53168124802698813 ) ) ;
#5439 = CARTESIAN_POINT ( 'NONE',  ( 34.27413766957894836, -80.33545070743950589, -185.1431521433462990 ) ) ;
#5440 = CARTESIAN_POINT ( 'NONE',  ( -5.551134297289398667, 17.50000000000000355, -62.19333898950490180 ) ) ;
#5441 = CYLINDRICAL_SURFACE ( 'NONE', #6227, 5.000000000000000888 ) ;
#5442 = EDGE_CURVE ( 'NONE', #6985, #8294, #5163, .T. ) ;
#5443 = DIRECTION ( 'NONE',  ( -0.000000000000000000, 1.000000000000000000, -0.000000000000000000 ) ) ;
#5444 = CARTESIAN_POINT ( 'NONE',  ( 11.45424544342916562, 12.38805419547741593, -27.13431493679344797 ) ) ;
#5445 = CARTESIAN_POINT ( 'NONE',  ( 16.25238516807368683, 17.50000000000000355, -50.21939802989329849 ) ) ;
#5446 = ORIENTED_EDGE ( 'NONE', *, *, #582, .T. ) ;
#5447 = LINE ( 'NONE', #2608, #2249 ) ;
#5448 = ORIENTED_EDGE ( 'NONE', *, *, #6170, .T. ) ;
#5449 = CARTESIAN_POINT ( 'NONE',  ( 16.07254796405597119, -17.50000000000000000, -50.81920450729415961 ) ) ;
#5450 = EDGE_CURVE ( 'NONE', #3694, #7096, #4624, .T. ) ;
#5451 = CARTESIAN_POINT ( 'NONE',  ( -34.76661458570429630, -40.07405350717380799, -201.1605707835966825 ) ) ;
#5452 = ADVANCED_FACE ( 'NONE', ( #8958 ), #7402, .F. ) ;
#5453 = CARTESIAN_POINT ( 'NONE',  ( 20.03121583114233317, -24.45484689974031056, -106.9948170693083682 ) ) ;
#5454 = VERTEX_POINT ( 'NONE', #1185 ) ;
#5455 =( NAMED_UNIT ( * ) PLANE_ANGLE_UNIT ( ) SI_UNIT ( $, .RADIAN. ) );
#5456 = EDGE_CURVE ( 'NONE', #2017, #5223, #7987, .T. ) ;
#5457 = AXIS2_PLACEMENT_3D ( 'NONE', #8016, #6500, #1757 ) ;
#5458 = CARTESIAN_POINT ( 'NONE',  ( -12.63713566921889608, 15.49999999999998046, -27.13955296810472717 ) ) ;
#5459 = FACE_BOUND ( 'NONE', #8932, .T. ) ;
#5460 = LINE ( 'NONE', #1940, #4518 ) ;
#5461 = ORIENTED_EDGE ( 'NONE', *, *, #34, .T. ) ;
#5462 = DIRECTION ( 'NONE',  ( 0.000000000000000000, 0.000000000000000000, 1.000000000000000000 ) ) ;
#5463 = B_SPLINE_CURVE_WITH_KNOTS ( 'NONE', 3,
 ( #2926, #7771, #5706, #177 ),
 .UNSPECIFIED., .F., .F.,
 ( 4, 4 ),
 ( 0.000000000000000000, 2.405735220115420487E-06 ),
 .UNSPECIFIED. ) ;
#5464 = EDGE_CURVE ( 'NONE', #6439, #4393, #5345, .T. ) ;
#5465 = CIRCLE ( 'NONE', #3998, 1.299999999999988720 ) ;
#5466 = CARTESIAN_POINT ( 'NONE',  ( -10.73312689334121828, 10.49999999999996803, -28.27646066783491818 ) ) ;
#5467 = CARTESIAN_POINT ( 'NONE',  ( 11.78793430536611808, 10.49999999999996803, -28.85499102606121724 ) ) ;
#5468 = EDGE_CURVE ( 'NONE', #4485, #1235, #4705, .T. ) ;
#5469 = DIRECTION ( 'NONE',  ( -1.000000000000000000, -0.000000000000000000, -0.000000000000000000 ) ) ;
#5470 = CARTESIAN_POINT ( 'NONE',  ( -15.61176418624441631, -21.19439834751489116, -134.2922505135447011 ) ) ;
#5471 = CARTESIAN_POINT ( 'NONE',  ( -6.000000000000000000, 49.08720012175118796, 23.10474224124539333 ) ) ;
#5472 = CARTESIAN_POINT ( 'NONE',  ( 9.639342388251318283, 15.49999999999997691, -57.38739997474414167 ) ) ;
#5473 = FACE_OUTER_BOUND ( 'NONE', #6833, .T. ) ;
#5474 = EDGE_LOOP ( 'NONE', ( #4016, #1667, #2572, #3494, #1794, #1843, #648, #4936, #1021, #7706, #562, #7891, #8534, #2237 ) ) ;
#5475 = CARTESIAN_POINT ( 'NONE',  ( 29.79135122410449199, -38.50095632755328978, -201.8095381576712839 ) ) ;
#5476 = CARTESIAN_POINT ( 'NONE',  ( 10.22498376729681624, 17.50000000000002487, -58.28688534803423238 ) ) ;
#5477 = CARTESIAN_POINT ( 'NONE',  ( -12.69897488640602390, 15.50000000000000178, -26.80988618708894933 ) ) ;
#5478 = CARTESIAN_POINT ( 'NONE',  ( 9.522096153077050928, -0.8715173882866636967, -61.65543891584922420 ) ) ;
#5479 = CARTESIAN_POINT ( 'NONE',  ( 15.16144237112617255, 17.50000000000000711, -28.98996232199067080 ) ) ;
#5480 = LINE ( 'NONE', #8275, #6477 ) ;
#5481 = ORIENTED_EDGE ( 'NONE', *, *, #5952, .F. ) ;
#5482 = CARTESIAN_POINT ( 'NONE',  ( -5.440494343070777283, 15.50000000000000000, -61.11792367433100992 ) ) ;
#5483 = PLANE ( 'NONE',  #4987 ) ;
#5484 = CARTESIAN_POINT ( 'NONE',  ( 24.87809507459040859, -60.94917755200472698, -157.0202246271575461 ) ) ;
#5485 = CARTESIAN_POINT ( 'NONE',  ( 14.32783472253220935, 15.50000000000000178, -43.29998938949142939 ) ) ;
#5486 = CARTESIAN_POINT ( 'NONE',  ( -4.463559205549684883, 15.49999999999997158, -61.58855371472167661 ) ) ;
#5487 = CARTESIAN_POINT ( 'NONE',  ( 7.500000000000000000, -2.499999999999998668, -5.549999999999998046 ) ) ;
#5488 = CARTESIAN_POINT ( 'NONE',  ( 14.32778266317224336, 15.49999999999999645, -30.05722936284544033 ) ) ;
#5489 = DATE_AND_TIME ( #2694, #2344 ) ;
#5490 = CARTESIAN_POINT ( 'NONE',  ( 7.036731567570272183, 17.50000000000000000, -63.81412344803416659 ) ) ;
#5491 = CARTESIAN_POINT ( 'NONE',  ( -6.000000000000001776, 64.03012059312736426, 20.49740610003052055 ) ) ;
#5492 = CARTESIAN_POINT ( 'NONE',  ( 15.26070556080491336, -17.50000000000000000, -53.04641185786098134 ) ) ;
#5493 = CARTESIAN_POINT ( 'NONE',  ( -34.81588236779218448, -83.05634010819012758, -190.8371867225112908 ) ) ;
#5494 = CARTESIAN_POINT ( 'NONE',  ( 20.00000000000000355, -6.890754643045622352, -75.42728230926940114 ) ) ;
#5495 = ORIENTED_EDGE ( 'NONE', *, *, #6122, .F. ) ;
#5496 = EDGE_CURVE ( 'NONE', #6193, #7480, #8676, .T. ) ;
#5497 = AXIS2_PLACEMENT_3D ( 'NONE', #4300, #6147, #4142 ) ;
#5498 = CARTESIAN_POINT ( 'NONE',  ( -14.85836512113765906, 17.50000000000000355, -28.83210250043443068 ) ) ;
#5499 = CARTESIAN_POINT ( 'NONE',  ( 27.82795879777474823, -78.63984111968663626, -181.6451170283708620 ) ) ;
#5500 = CARTESIAN_POINT ( 'NONE',  ( 7.500000000000000000, -2.499999999999998668, -29.00000000000000000 ) ) ;
#5501 = ORIENTED_EDGE ( 'NONE', *, *, #4384, .F. ) ;
#5502 = CARTESIAN_POINT ( 'NONE',  ( 29.87298583861132428, -80.97249349246860106, -186.4587107471693912 ) ) ;
#5503 = AXIS2_PLACEMENT_3D ( 'NONE', #6082, #2160, #8975 ) ;
#5504 = CARTESIAN_POINT ( 'NONE',  ( 10.71021167527460705, 10.49999999999997158, -28.17854229965270818 ) ) ;
#5505 = CARTESIAN_POINT ( 'NONE',  ( -19.74815212173705703, -21.64191161067354940, -70.18474475232758891 ) ) ;
#5506 = LINE ( 'NONE', #5555, #6719 ) ;
#5507 = CARTESIAN_POINT ( 'NONE',  ( -6.000000000000000000, 61.85122702443587883, -4.407461352263108978 ) ) ;
#5508 = AXIS2_PLACEMENT_3D ( 'NONE', #2529, #7466, #6647 ) ;
#5509 = CARTESIAN_POINT ( 'NONE',  ( 10.32374819998792326, 15.49999999999996803, -56.33822782081524849 ) ) ;
#5510 = CARTESIAN_POINT ( 'NONE',  ( -15.15126585654152436, -11.81245989725105616, -98.14016214373809532 ) ) ;
#5511 = CARTESIAN_POINT ( 'NONE',  ( 7.637206557372851812, 10.91734381177615631, -57.01154728102643787 ) ) ;
#5512 = EDGE_LOOP ( 'NONE', ( #6872, #3703, #6529, #5562 ) ) ;
#5513 = CARTESIAN_POINT ( 'NONE',  ( 6.000000000000000000, 67.79366450551655987, -28.27479610298017576 ) ) ;
#5514 = EDGE_CURVE ( 'NONE', #2791, #3895, #6068, .T. ) ;
#5515 = EDGE_CURVE ( 'NONE', #1291, #2284, #5532, .T. ) ;
#5516 = CARTESIAN_POINT ( 'NONE',  ( -7.910121600822948018, -17.50000000000000000, -63.11161513386095834 ) ) ;
#5517 = CARTESIAN_POINT ( 'NONE',  ( -6.976908256166757916, 17.50000000000000000, -61.29954576736825800 ) ) ;
#5518 = CARTESIAN_POINT ( 'NONE',  ( 25.14413624823406224, -29.83147357682807410, -167.7307014983587123 ) ) ;
#5519 = PERSON_AND_ORGANIZATION_ROLE ( 'creator' ) ;
#5520 = CARTESIAN_POINT ( 'NONE',  ( 9.350959103322928456, 17.49999999999999645, -59.35854950040828015 ) ) ;
#5521 = CARTESIAN_POINT ( 'NONE',  ( -19.99999999999999645, -12.57783009837184807, 26.19591348394634167 ) ) ;
#5522 = CARTESIAN_POINT ( 'NONE',  ( 13.32205121307380757, 17.49999999999999645, -26.19677799068243118 ) ) ;
#5523 = DIRECTION ( 'NONE',  ( -1.000000000000000000, -0.000000000000000000, -0.000000000000000000 ) ) ;
#5524 = ORIENTED_EDGE ( 'NONE', *, *, #8017, .T. ) ;
#5525 = CARTESIAN_POINT ( 'NONE',  ( -7.500000000000000000, -15.00000000000000000, -32.00000000000000000 ) ) ;
#5526 = EDGE_LOOP ( 'NONE', ( #6953, #4196, #5722, #3398, #8118, #7313, #498, #5425, #2949, #8413, #4891, #1320, #7358, #3460, #5365, #335, #3621, #7615 ) ) ;
#5527 = CARTESIAN_POINT ( 'NONE',  ( 3.003808068378995166, -3.223924521262845122, -68.11862439506536759 ) ) ;
#5528 = CARTESIAN_POINT ( 'NONE',  ( 36.99999999999999289, -38.67854759952773946, -212.3102711204828665 ) ) ;
#5529 = CARTESIAN_POINT ( 'NONE',  ( 20.85095684994247023, -47.19013876974891275, -115.9645771370101102 ) ) ;
#5530 = CARTESIAN_POINT ( 'NONE',  ( 11.79460955535262379, 15.50000000000000000, -53.49840293519315537 ) ) ;
#5531 = CARTESIAN_POINT ( 'NONE',  ( -6.623183882012223300, 15.49999999999996625, -60.31080298603307455 ) ) ;
#5532 = LINE ( 'NONE', #8864, #2672 ) ;
#5533 = PERSON_AND_ORGANIZATION_ROLE ( 'classification_officer' ) ;
#5534 = CARTESIAN_POINT ( 'NONE',  ( 6.134296047789707274, 17.50000000000000000, -64.25015667681121556 ) ) ;
#5535 = CARTESIAN_POINT ( 'NONE',  ( 1.171572875253781953, -3.305268473201029789, -68.34211506622474985 ) ) ;
#5536 =( GEOMETRIC_REPRESENTATION_CONTEXT ( 3 ) GLOBAL_UNCERTAINTY_ASSIGNED_CONTEXT ( ( #1756 ) ) GLOBAL_UNIT_ASSIGNED_CONTEXT ( ( #3303, #8160, #6129 ) ) REPRESENTATION_CONTEXT ( 'NONE', 'WORKASPACE' ) );
#5537 = DIRECTION ( 'NONE',  ( 1.000000000000000000, 0.000000000000000000, 0.000000000000000000 ) ) ;
#5538 = CARTESIAN_POINT ( 'NONE',  ( -34.95429813741355218, -72.59024866893683736, -194.6465324755066035 ) ) ;
#5539 = LINE ( 'NONE', #4165, #5569 ) ;
#5540 = VERTEX_POINT ( 'NONE', #458 ) ;
#5541 = APPROVAL_PERSON_ORGANIZATION ( #2651, #5799, #3390 ) ;
#5542 = EDGE_CURVE ( 'NONE', #7193, #8926, #3431, .T. ) ;
#5543 = CARTESIAN_POINT ( 'NONE',  ( 15.32783625121400384, 17.49999999999999645, -43.82066441791641864 ) ) ;
#5544 = CARTESIAN_POINT ( 'NONE',  ( -13.87167284473003726, 15.49999999999996980, -29.02524037500653264 ) ) ;
#5545 = CARTESIAN_POINT ( 'NONE',  ( 32.90221260347872345, -74.08989230390415059, -183.3345730657255785 ) ) ;
#5546 = CARTESIAN_POINT ( 'NONE',  ( -7.500000000000000000, -2.499999999999998668, -29.00000000000000000 ) ) ;
#5547 = ORIENTED_EDGE ( 'NONE', *, *, #8321, .T. ) ;
#5548 = ORIENTED_EDGE ( 'NONE', *, *, #6880, .F. ) ;
#5549 = DIRECTION ( 'NONE',  ( 2.620374491402240292E-16, 0.08715574274765836016, 0.9961946980917455452 ) ) ;
#5550 = B_SPLINE_CURVE_WITH_KNOTS ( 'NONE', 3,
 ( #6372, #894, #3735, #1543, #8545, #3545, #8590 ),
 .UNSPECIFIED., .F., .F.,
 ( 4, 3, 4 ),
 ( 0.000000000000000000, 1.210909228689283795E-05, 2.179964394986099344E-05 ),
 .UNSPECIFIED. ) ;
#5551 = ADVANCED_FACE ( 'NONE', ( #2739 ), #4715, .T. ) ;
#5552 = EDGE_CURVE ( 'NONE', #3582, #7919, #1523, .T. ) ;
#5553 = CARTESIAN_POINT ( 'NONE',  ( 10.57827286041237969, 10.49999999999997158, -28.14309743795061536 ) ) ;
#5554 = CARTESIAN_POINT ( 'NONE',  ( -14.06970171764777611, 15.50000000000000178, -43.30001061052171707 ) ) ;
#5555 = CARTESIAN_POINT ( 'NONE',  ( -5.016509408481408805, -2.883151880247163845, -67.18235925870685321 ) ) ;
#5556 = CARTESIAN_POINT ( 'NONE',  ( -5.532471252281793817, 10.97341628716976558, -58.86761797180234623 ) ) ;
#5557 = CARTESIAN_POINT ( 'NONE',  ( 15.00000000000000711, -6.001819538171618618, -75.75082822763786794 ) ) ;
#5558 = CARTESIAN_POINT ( 'NONE',  ( 6.781585349040569533, 15.49999999999997158, -60.38838270677465658 ) ) ;
#5559 = CARTESIAN_POINT ( 'NONE',  ( -20.81225209379222463, -18.51696173438824644, -123.9736884156274641 ) ) ;
#5561 = CIRCLE ( 'NONE', #6871, 16.00000000000004263 ) ;
#5560 = CARTESIAN_POINT ( 'NONE',  ( 9.103068253103046459, 10.97218584190480861, -54.84016362708692327 ) ) ;
#5562 = ORIENTED_EDGE ( 'NONE', *, *, #3001, .F. ) ;
#5563 = CARTESIAN_POINT ( 'NONE',  ( -15.06970171764737998, 17.50000000000000000, -43.30001151662156644 ) ) ;
#5564 = EDGE_CURVE ( 'NONE', #2304, #1064, #22, .T. ) ;
#5565 = CARTESIAN_POINT ( 'NONE',  ( 34.89303292728769890, -42.98922352590546581, -200.2802857792626412 ) ) ;
#5566 = PERSON_AND_ORGANIZATION ( #5299, #8168 ) ;
#5567 = CARTESIAN_POINT ( 'NONE',  ( -7.500000000000000000, -2.499999999999998668, -1.000000000000003997 ) ) ;
#5568 = CARTESIAN_POINT ( 'NONE',  ( 13.30407710005018806, 17.50000000000000000, -26.18284574514596130 ) ) ;
#5569 = VECTOR ( 'NONE', #6957, 1000.000000000000000 ) ;
#5570 = ORIENTED_EDGE ( 'NONE', *, *, #1079, .T. ) ;
#5571 = ORIENTED_EDGE ( 'NONE', *, *, #2193, .F. ) ;
#5572 = ORIENTED_EDGE ( 'NONE', *, *, #3718, .T. ) ;
#5573 = LINE ( 'NONE', #1470, #1604 ) ;
#5574 = DIRECTION ( 'NONE',  ( -0.000000000000000000, 1.000000000000000000, -0.000000000000000000 ) ) ;
#5575 = CARTESIAN_POINT ( 'NONE',  ( -30.01721686789851162, -81.06709441329417132, -186.6574815472632451 ) ) ;
#5576 = CARTESIAN_POINT ( 'NONE',  ( 6.536877719347771176, 15.50000000000001066, -60.57538309324023373 ) ) ;
#5577 = CARTESIAN_POINT ( 'NONE',  ( -4.560155454566078959, 1.980866090680152070, -61.79297147269119250 ) ) ;
#5578 = EDGE_CURVE ( 'NONE', #2940, #3727, #55, .T. ) ;
#5579 = CARTESIAN_POINT ( 'NONE',  ( 17.22220093759327852, -17.50000000000000000, -45.67085113190385215 ) ) ;
#5580 = CARTESIAN_POINT ( 'NONE',  ( -11.91612734020842979, 15.50000000000000178, -26.63071318578341717 ) ) ;
#5581 = EDGE_CURVE ( 'NONE', #1271, #4056, #783, .T. ) ;
#5582 = CARTESIAN_POINT ( 'NONE',  ( 9.178018226541366786, 17.50000000000000000, -62.30861295754944251 ) ) ;
#5583 = ORIENTED_EDGE ( 'NONE', *, *, #5165, .T. ) ;
#5584 = ORIENTED_EDGE ( 'NONE', *, *, #521, .T. ) ;
#5585 = CARTESIAN_POINT ( 'NONE',  ( -15.33307667246046968, -6.001397293772778418, -75.74920125190799070 ) ) ;
#5586 = CYLINDRICAL_SURFACE ( 'NONE', #8928, 2.999999999999995559 ) ;
#5587 = CARTESIAN_POINT ( 'NONE',  ( 25.14440963406250873, -56.23554132452701992, -169.6193060295076123 ) ) ;
#5588 = ORIENTED_EDGE ( 'NONE', *, *, #8699, .F. ) ;
#5589 = PERSON_AND_ORGANIZATION_ROLE ( 'classification_officer' ) ;
#5590 = CARTESIAN_POINT ( 'NONE',  ( 13.23694593186559842, 17.50000000000000000, -52.69712145312186635 ) ) ;
#5591 =( BOUNDED_CURVE ( )  B_SPLINE_CURVE ( 3, ( #6686, #430, #3218, #8794 ),
 .UNSPECIFIED., .F., .F. ) 
 B_SPLINE_CURVE_WITH_KNOTS ( ( 4, 4 ),
 ( 3.141592653589793116, 3.926990816987240951 ),
 .UNSPECIFIED. ) 
 CURVE ( )  GEOMETRIC_REPRESENTATION_ITEM ( )  RATIONAL_B_SPLINE_CURVE ( ( 1.000000000000000000, 0.9492530216741912330, 0.9492530216741912330, 1.000000000000000000 ) ) 
 REPRESENTATION_ITEM ( '' )  );
#5592 = CARTESIAN_POINT ( 'NONE',  ( 20.46254771064418776, -43.93420615259351081, -121.7436708845689708 ) ) ;
#5593 = CARTESIAN_POINT ( 'NONE',  ( -10.64408785616224762, 17.50000000000000711, -60.62957621277288922 ) ) ;
#5594 = ORIENTED_EDGE ( 'NONE', *, *, #1537, .T. ) ;
#5595 = FACE_OUTER_BOUND ( 'NONE', #4259, .T. ) ;
#5596 = CARTESIAN_POINT ( 'NONE',  ( -34.89303292728576622, -42.98922352590373919, -200.2802857792572127 ) ) ;
#5597 = VECTOR ( 'NONE', #1924, 1000.000000000000000 ) ;
#5598 = EDGE_CURVE ( 'NONE', #1494, #7326, #7056, .T. ) ;
#5599 = CARTESIAN_POINT ( 'NONE',  ( 11.17690368711464188, 15.50000000000000178, -26.23298521286515594 ) ) ;
#5600 = CARTESIAN_POINT ( 'NONE',  ( 34.82502633026140160, -40.74097933477075628, -205.5578141852415683 ) ) ;
#5601 = DIRECTION ( 'NONE',  ( 1.000000000000000000, -0.000000000000000000, -0.000000000000000000 ) ) ;
#5602 = CARTESIAN_POINT ( 'NONE',  ( 15.48636841285059695, -20.16243476262237522, -130.3141891991846535 ) ) ;
#5603 = CIRCLE ( 'NONE', #8541, 1.299999999999988720 ) ;
#5604 = CARTESIAN_POINT ( 'NONE',  ( 6.950735972931284756, 15.49999999999996625, -60.25603075477111048 ) ) ;
#5605 = CARTESIAN_POINT ( 'NONE',  ( -20.38638068263512082, -23.73858317261315776, -122.6225867793755668 ) ) ;
#5606 = AXIS2_PLACEMENT_3D ( 'NONE', #8259, #5549, #708 ) ;
#5607 = CARTESIAN_POINT ( 'NONE',  ( -11.23360035181207017, 10.86465884945505778, -28.39146837946267965 ) ) ;
#5608 = VERTEX_POINT ( 'NONE', #6795 ) ;
#5609 = CARTESIAN_POINT ( 'NONE',  ( -7.003498040334379837, 17.50000000000001421, -61.27964926337168095 ) ) ;
#5610 = CARTESIAN_POINT ( 'NONE',  ( 34.37127695920953130, -42.67250092359799396, -198.9106911792538881 ) ) ;
#5611 = COORDINATED_UNIVERSAL_TIME_OFFSET ( 8, 0, .AHEAD. ) ;
#5612 = CARTESIAN_POINT ( 'NONE',  ( 11.94666674311649501, 17.50000000000000355, -55.47889419449096948 ) ) ;
#5613 = DATE_TIME_ROLE ( 'classification_date' ) ;
#5614 = CARTESIAN_POINT ( 'NONE',  ( 10.01260801882096629, -0.6584261997214098106, -61.06997568698151468 ) ) ;
#5615 = CARTESIAN_POINT ( 'NONE',  ( 15.31095207622541032, 17.50000000000001066, -29.81682775227894666 ) ) ;
#5616 = CARTESIAN_POINT ( 'NONE',  ( 10.10045236635414589, -15.00327994369802731, -110.4349061084819112 ) ) ;
#5617 = ORIENTED_EDGE ( 'NONE', *, *, #4102, .T. ) ;
#5618 = VERTEX_POINT ( 'NONE', #5477 ) ;
#5619 = FACE_OUTER_BOUND ( 'NONE', #1189, .T. ) ;
#5620 = CARTESIAN_POINT ( 'NONE',  ( 6.000000000000000000, 0.000000000000000000, 0.000000000000000000 ) ) ;
#5621 = CARTESIAN_POINT ( 'NONE',  ( 12.52782294323494128, -2.499999999999995115, -30.29999102047650084 ) ) ;
#5622 = CARTESIAN_POINT ( 'NONE',  ( 6.335232617217997131, 15.50000000000000178, -60.71918933146063324 ) ) ;
#5623 = CARTESIAN_POINT ( 'NONE',  ( 13.66959092806521348, 16.20148247392237195, -27.42801787684132364 ) ) ;
#5624 = CARTESIAN_POINT ( 'NONE',  ( 17.32779548841932993, -17.50000000000000000, 0.000000000000000000 ) ) ;
#5625 = CALENDAR_DATE ( 2026, 29, 5 ) ;
#5626 = CARTESIAN_POINT ( 'NONE',  ( 15.80737791347959842, 17.50000000000000000, -51.61564068391166415 ) ) ;
#5627 = DIRECTION ( 'NONE',  ( 0.000000000000000000, 0.000000000000000000, -1.000000000000000000 ) ) ;
#5628 = CARTESIAN_POINT ( 'NONE',  ( -10.26959063180432885, 17.50000000000000000, -57.86283709257282482 ) ) ;
#5629 = CARTESIAN_POINT ( 'NONE',  ( -18.05529979410218644, -6.979406693184982302, -75.42905754983215161 ) ) ;
#5630 = CARTESIAN_POINT ( 'NONE',  ( 2.628827735174615654, 17.50000000000000000, -62.99999999999896261 ) ) ;
#5631 = CARTESIAN_POINT ( 'NONE',  ( -14.99999999999999645, 8.184419670604343722, 25.52033206044445990 ) ) ;
#5632 = ORIENTED_EDGE ( 'NONE', *, *, #2695, .T. ) ;
#5633 = EDGE_CURVE ( 'NONE', #5454, #4355, #551, .T. ) ;
#5634 = SECURITY_CLASSIFICATION_LEVEL ( 'unclassified' ) ;
#5635 = CARTESIAN_POINT ( 'NONE',  ( 12.32933998381417950, 17.50000000000000355, -54.71327066654166060 ) ) ;
#5636 = CARTESIAN_POINT ( 'NONE',  ( 20.05674020011084480, -24.70898219722482025, -80.61300980899720514 ) ) ;
#5637 = CARTESIAN_POINT ( 'NONE',  ( -11.26257834475184261, 17.49999999999999645, -59.88138143207938668 ) ) ;
#5638 = EDGE_LOOP ( 'NONE', ( #4538, #6884, #4890, #586 ) ) ;
#5639 = ORIENTED_EDGE ( 'NONE', *, *, #6207, .F. ) ;
#5640 = CARTESIAN_POINT ( 'NONE',  ( 6.000000000000000000, 46.90830655305971675, -3.100125211048226692 ) ) ;
#5641 = CARTESIAN_POINT ( 'NONE',  ( -34.69548656865367775, -42.86981174580638054, -199.7647734867332474 ) ) ;
#5642 = CARTESIAN_POINT ( 'NONE',  ( 3.975352918431668048, 10.49999999999997158, -59.73356117989876424 ) ) ;
#5643 = CARTESIAN_POINT ( 'NONE',  ( -4.952185571218316262, 17.49999999999999645, -62.46982850880910831 ) ) ;
#5644 = CARTESIAN_POINT ( 'NONE',  ( 11.21424827297540183, 15.50000000000000178, -26.24300905392939498 ) ) ;
#5645 = CARTESIAN_POINT ( 'NONE',  ( 34.80568822857348010, -41.47814706628697934, -201.7386119773128428 ) ) ;
#5646 = CARTESIAN_POINT ( 'NONE',  ( -3.468937482305021192, 10.49999999999996980, -59.82166792985904635 ) ) ;
#5647 = DIRECTION ( 'NONE',  ( 1.000000000000000000, 0.000000000000000000, 0.000000000000000000 ) ) ;
#5648 = CARTESIAN_POINT ( 'NONE',  ( 13.26960271331477514, 15.49999999999997513, -49.71852145307198612 ) ) ;
#5649 = CARTESIAN_POINT ( 'NONE',  ( -15.05699896633194612, -8.741242913555035798, -86.30626805849783523 ) ) ;
#5650 = CARTESIAN_POINT ( 'NONE',  ( -6.000000000000000000, 61.85122702443587883, -3.107461352263120258 ) ) ;
#5651 = ORIENTED_EDGE ( 'NONE', *, *, #7334, .T. ) ;
#5652 = CARTESIAN_POINT ( 'NONE',  ( -13.51681796584050232, 17.50000000000000000, -56.30993232680393135 ) ) ;
#5653 = CARTESIAN_POINT ( 'NONE',  ( 20.49511948424214935, -26.23986125502086253, -132.0824455097002783 ) ) ;
#5654 = AXIS2_PLACEMENT_3D ( 'NONE', #7936, #150, #8532 ) ;
#5655 = DIRECTION ( 'NONE',  ( 0.000000000000000000, 0.3420201433256637169, 0.9396926207859102043 ) ) ;
#5656 = CARTESIAN_POINT ( 'NONE',  ( 13.59096989731807170, 15.49999999999997158, -27.92215806862367344 ) ) ;
#5657 = CARTESIAN_POINT ( 'NONE',  ( 26.12300448420824139, -32.57369020794578063, -178.2315155235821464 ) ) ;
#5658 = CARTESIAN_POINT ( 'NONE',  ( -11.87385478028265062, 15.50000000000000000, -52.73977888486256660 ) ) ;
#5659 = CARTESIAN_POINT ( 'NONE',  ( 13.15938704445502694, 15.63123806946696170, -27.28437320816831857 ) ) ;
#5660 = CARTESIAN_POINT ( 'NONE',  ( -29.71611963989813887, -80.90147943343866643, -186.3094995005121461 ) ) ;
#5661 = ORIENTED_EDGE ( 'NONE', *, *, #7067, .T. ) ;
#5662 = CARTESIAN_POINT ( 'NONE',  ( 7.410397007306943173, 15.50000000000000178, -59.87353671526459209 ) ) ;
#5663 = CARTESIAN_POINT ( 'NONE',  ( -2.370661744665612858, 16.16666666666665009, -62.33333333333291648 ) ) ;
#5664 = CARTESIAN_POINT ( 'NONE',  ( 14.05533109952164139, -17.50000000000000000, -55.74763642950238562 ) ) ;
#5665 = EDGE_CURVE ( 'NONE', #8268, #3276, #8237, .T. ) ;
#5666 = DIRECTION ( 'NONE',  ( 1.000000000000000000, 0.000000000000000000, 0.000000000000000000 ) ) ;
#5667 = CARTESIAN_POINT ( 'NONE',  ( -11.05240114626868930, 17.50000000000000711, -56.63481305444691571 ) ) ;
#5668 = B_SPLINE_SURFACE_WITH_KNOTS ( 'NONE', 3, 3, ( 
 ( #7912, #4984, #7076, #816 ),
 ( #3600, #3186, #5974, #7476 ),
 ( #1165, #1898, #4516, #6012 ),
 ( #2500, #1855, #1087, #4648 ),
 ( #5201, #2419, #1039, #354 ),
 ( #5289, #3141, #8804, #7998 ),
 ( #4696, #8043, #1209, #4001 ),
 ( #3872, #6787, #397, #6612 ),
 ( #2539, #4557, #8721, #3274 ),
 ( #5932, #6049, #2580, #439 ),
 ( #8765, #8083, #524, #6654 ),
 ( #1820, #4605, #2459, #7386 ) ),
 .UNSPECIFIED., .F., .F., .F.,
 ( 4, 1, 1, 1, 2, 1, 1, 1, 4 ),
 ( 4, 4 ),
 ( 0.3149717514124293904, 0.3381002824858759803, 0.3612288135593226812, 0.3843573446327693821, 0.4074858757062159720, 0.4306144067796620067, 0.4537429378531080415, 0.4768714689265539652, 0.5000000000000000000 ),
 ( 0.000000000000000000, 0.1022451910075078407 ),
 .UNSPECIFIED. ) ;
#5669 = ORIENTED_EDGE ( 'NONE', *, *, #789, .F. ) ;
#5670 = CARTESIAN_POINT ( 'NONE',  ( -18.98092060897654676, -7.864197038719868971, -75.14533164268389953 ) ) ;
#5671 = VECTOR ( 'NONE', #974, 1000.000000000000114 ) ;
#5672 = DIRECTION ( 'NONE',  ( -0.000000000000000000, 1.000000000000000000, -0.000000000000000000 ) ) ;
#5673 = CARTESIAN_POINT ( 'NONE',  ( -14.35966822093778461, 17.50000000000000355, -48.63920873279339219 ) ) ;
#5674 = VERTEX_POINT ( 'NONE', #5983 ) ;
#5675 = DATE_AND_TIME ( #2891, #142 ) ;
#5676 = DIRECTION ( 'NONE',  ( 0.000000000000000000, 0.000000000000000000, -1.000000000000000000 ) ) ;
#5677 = VECTOR ( 'NONE', #8257, 1000.000000000000000 ) ;
#5678 = CARTESIAN_POINT ( 'NONE',  ( 5.000000000000000000, -15.00000000000000000, -51.00000000000000711 ) ) ;
#5679 = CARTESIAN_POINT ( 'NONE',  ( -8.739274677111207978, 17.49999999999999645, -62.45875541351256288 ) ) ;
#5680 = ORIENTED_EDGE ( 'NONE', *, *, #7536, .F. ) ;
#5681 = EDGE_LOOP ( 'NONE', ( #4308, #2708, #784, #3468, #6107 ) ) ;
#5682 = CARTESIAN_POINT ( 'NONE',  ( -11.19473306714864691, -2.499999999999995115, -28.36803453448741053 ) ) ;
#5683 = CARTESIAN_POINT ( 'NONE',  ( 5.728097882695014853, 10.49999999999996803, -58.67260056244958832 ) ) ;
#5684 = CC_DESIGN_SECURITY_CLASSIFICATION ( #8173, ( #282 ) ) ;
#5685 = CARTESIAN_POINT ( 'NONE',  ( -12.50618261734070558, 15.49999999999996803, -51.18194969621722379 ) ) ;
#5686 = CARTESIAN_POINT ( 'NONE',  ( 11.29321093665234343, 15.49999999999999822, -26.26495664317678802 ) ) ;
#5687 = CARTESIAN_POINT ( 'NONE',  ( 34.80517941576333385, -41.27913362391249308, -202.2641939894314760 ) ) ;
#5688 = CARTESIAN_POINT ( 'NONE',  ( -4.932519349445967372, 10.49999999999997513, -59.07812963217246960 ) ) ;
#5689 = CARTESIAN_POINT ( 'NONE',  ( -19.99191685750174940, -5.891034298436776950, -75.32395484155350118 ) ) ;
#5690 = CARTESIAN_POINT ( 'NONE',  ( 7.500000000000000000, -2.499999999999998668, -27.45000000000000639 ) ) ;
#5691 = DIRECTION ( 'NONE',  ( -0.000000000000000000, 1.000000000000000000, -0.000000000000000000 ) ) ;
#5692 = CARTESIAN_POINT ( 'NONE',  ( 6.000000000000000000, 72.34830114885195940, 23.78493895041622963 ) ) ;
#5693 = CARTESIAN_POINT ( 'NONE',  ( 4.704243721679825185, 10.91533093476368066, -59.57645446713882365 ) ) ;
#5694 = ORIENTED_EDGE ( 'NONE', *, *, #396, .T. ) ;
#5695 = CARTESIAN_POINT ( 'NONE',  ( -14.28215310216070577, -17.50000000000000000, -54.71721003065470512 ) ) ;
#5696 = CARTESIAN_POINT ( 'NONE',  ( -6.014748246000434229, 17.50000000000000000, -61.94010321900515947 ) ) ;
#5697 = CARTESIAN_POINT ( 'NONE',  ( -7.500000000000000000, -17.50000000000000000, -29.00000000000000000 ) ) ;
#5698 = DATE_AND_TIME ( #125, #4387 ) ;
#5699 = CARTESIAN_POINT ( 'NONE',  ( -5.000000000000000000, -17.50000000000000000, -54.00000000000000711 ) ) ;
#5700 = CARTESIAN_POINT ( 'NONE',  ( 14.32781161089229904, 15.49999999999996625, -30.10347720903794055 ) ) ;
#5701 = VECTOR ( 'NONE', #5737, 1000.000000000000000 ) ;
#5702 = CARTESIAN_POINT ( 'NONE',  ( 16.65693510432139490, -5.780249058701933507, -74.89708145546919127 ) ) ;
#5703 = AXIS2_PLACEMENT_3D ( 'NONE', #4472, #3746, #7258 ) ;
#5704 = EDGE_LOOP ( 'NONE', ( #4005, #5402 ) ) ;
#5705 = CARTESIAN_POINT ( 'NONE',  ( -9.224651642321559208, 15.50000000000000355, -57.60848691313372427 ) ) ;
#5706 = CARTESIAN_POINT ( 'NONE',  ( -15.00160383633702210, -24.79567108115601215, -68.91042352737923693 ) ) ;
#5707 = CARTESIAN_POINT ( 'NONE',  ( 38.63746177732522824, -85.67259060411136318, -196.1393653319071007 ) ) ;
#5708 = VERTEX_POINT ( 'NONE', #2590 ) ;
#5709 = CARTESIAN_POINT ( 'NONE',  ( -10.69894768512245875, -2.499999999999998668, -56.83006848498786923 ) ) ;
#5710 = CARTESIAN_POINT ( 'NONE',  ( 7.500000000000000000, -2.499999999999998668, -29.00000000000000000 ) ) ;
#5711 = AXIS2_PLACEMENT_3D ( 'NONE', #301, #5928, #8719 ) ;
#5712 = CARTESIAN_POINT ( 'NONE',  ( 15.32782294323374295, 17.50000000000000000, -30.29998848339698725 ) ) ;
#5713 = CARTESIAN_POINT ( 'NONE',  ( -12.78461556559303425, 15.49999999999998401, -27.27608654949226974 ) ) ;
#5714 = EDGE_CURVE ( 'NONE', #6978, #358, #3324, .T. ) ;
#5715 = DIRECTION ( 'NONE',  ( -1.000000000000000000, 0.000000000000000000, -0.000000000000000000 ) ) ;
#5716 = ORIENTED_EDGE ( 'NONE', *, *, #24, .T. ) ;
#5717 = CARTESIAN_POINT ( 'NONE',  ( -5.000000000000000000, -2.499999999999998668, -51.00000000000000711 ) ) ;
#5718 = TOROIDAL_SURFACE ( 'NONE', #1790, 10.00000000000000000, 5.000000000000000000 ) ;
#5719 = CARTESIAN_POINT ( 'NONE',  ( -6.000000000000000000, 47.86977054368165341, -26.53168124802698813 ) ) ;
#5720 = ADVANCED_FACE ( 'NONE', ( #7394 ), #4658, .T. ) ;
#5721 = CARTESIAN_POINT ( 'NONE',  ( -14.99999999999999822, 2.614672282429763239, 29.88584094275234904 ) ) ;
#5722 = ORIENTED_EDGE ( 'NONE', *, *, #6617, .T. ) ;
#5723 = SHAPE_DEFINITION_REPRESENTATION ( #427, #4621 ) ;
#5724 = CARTESIAN_POINT ( 'NONE',  ( 15.06618056377014803, 17.50000000000000355, -46.47663638243069073 ) ) ;
#5725 = DIRECTION ( 'NONE',  ( -1.000000000000000000, -0.000000000000000000, -0.000000000000000000 ) ) ;
#5726 = CARTESIAN_POINT ( 'NONE',  ( -13.91504479172140307, 17.50000000000000355, -55.49423670228281935 ) ) ;
#5727 = ORIENTED_EDGE ( 'NONE', *, *, #7067, .F. ) ;
#5728 = ADVANCED_FACE ( 'NONE', ( #7162 ), #2902, .T. ) ;
#5729 = VERTEX_POINT ( 'NONE', #7116 ) ;
#5730 = CARTESIAN_POINT ( 'NONE',  ( 6.530855928433048518, 2.859069776794089801, -59.37615583082583726 ) ) ;
#5731 = CARTESIAN_POINT ( 'NONE',  ( 14.22507246028247430, 15.50000000000000355, -45.27514982090817597 ) ) ;
#5732 = CARTESIAN_POINT ( 'NONE',  ( -3.426692981987597975, 17.49999999999998224, -62.91289670561616987 ) ) ;
#5733 = CARTESIAN_POINT ( 'NONE',  ( 11.19512056077322981, 15.50000000000000178, -26.23787488538248525 ) ) ;
#5734 = CARTESIAN_POINT ( 'NONE',  ( -34.82906823473415159, -42.95037330385817853, -200.1136759933730502 ) ) ;
#5735 = CARTESIAN_POINT ( 'NONE',  ( -8.999150521595472796, 10.49999999999997158, -54.15011342121648852 ) ) ;
#5736 = DIRECTION ( 'NONE',  ( -0.000000000000000000, 0.08715574274765881813, 0.9961946980917455452 ) ) ;
#5737 = DIRECTION ( 'NONE',  ( -0.000000000000000000, 1.000000000000000000, -0.000000000000000000 ) ) ;
#5738 = FACE_OUTER_BOUND ( 'NONE', #2483, .T. ) ;
#5739 = CARTESIAN_POINT ( 'NONE',  ( -22.37128452556773084, -25.42452443128929929, -150.6266107470439124 ) ) ;
#5740 = CARTESIAN_POINT ( 'NONE',  ( -30.18476005289868169, -81.48577513036708808, -187.5131879369408807 ) ) ;
#5741 = EDGE_CURVE ( 'NONE', #6357, #8141, #6010, .T. ) ;
#5742 = AXIS2_PLACEMENT_3D ( 'NONE', #8420, #138, #4112 ) ;
#5743 = CARTESIAN_POINT ( 'NONE',  ( 11.18590086973209630, 10.89374383172205363, -28.17677820928593846 ) ) ;
#5744 = ORIENTED_EDGE ( 'NONE', *, *, #8382, .F. ) ;
#5745 = CARTESIAN_POINT ( 'NONE',  ( -14.52269608161637748, -17.50000000000000000, -54.18015594225478537 ) ) ;
#5746 = CARTESIAN_POINT ( 'NONE',  ( 34.95997818389711398, -43.02989235412481861, -200.4546825495181679 ) ) ;
#5747 = CARTESIAN_POINT ( 'NONE',  ( -25.14440963406246254, -56.23554132452689913, -169.6193060295070154 ) ) ;
#5748 = PRODUCT_DEFINITION_SHAPE ( 'NONE', 'NONE',  #478 ) ;
#5749 = VECTOR ( 'NONE', #3085, 1000.000000000000000 ) ;
#5750 = CARTESIAN_POINT ( 'NONE',  ( -30.97237341603759475, -39.05009668156295533, -203.9254644571739448 ) ) ;
#5751 = CARTESIAN_POINT ( 'NONE',  ( 13.27710014241542424, 17.49999999999999645, -26.16196747630847241 ) ) ;
#5752 = CARTESIAN_POINT ( 'NONE',  ( -19.99999999999999645, -19.66536980400483614, -54.81503604933586615 ) ) ;
#5753 = CARTESIAN_POINT ( 'NONE',  ( 6.758144498133069732E-15, -5.669463818967098057, -74.47020806938468240 ) ) ;
#5754 = EDGE_LOOP ( 'NONE', ( #679, #2162, #2798, #6551 ) ) ;
#5755 = DIRECTION ( 'NONE',  ( 0.000000000000000000, 0.000000000000000000, 1.000000000000000000 ) ) ;
#5756 = CARTESIAN_POINT ( 'NONE',  ( 34.76071062409604906, -76.34729649399160678, -187.7649923325202792 ) ) ;
#5757 = ORIENTED_EDGE ( 'NONE', *, *, #2893, .T. ) ;
#5758 = CARTESIAN_POINT ( 'NONE',  ( 5.599535500883745520, 15.50000000000000000, -61.17366796013072161 ) ) ;
#5759 = CARTESIAN_POINT ( 'NONE',  ( -6.000000000000000000, 61.85122702443587883, -4.407461352263108978 ) ) ;
#5760 = B_SPLINE_CURVE_WITH_KNOTS ( 'NONE', 1,
 ( #7155, #5782 ),
 .UNSPECIFIED., .F., .F.,
 ( 2, 2 ),
 ( 0.000000000000000000, 1.000000000000000000 ),
 .UNSPECIFIED. ) ;
#5761 = APPROVAL_ROLE ( '' ) ;
#5762 = CARTESIAN_POINT ( 'NONE',  ( -12.80119898246738863, 15.49999999999996803, -27.29216467995362194 ) ) ;
#5763 = CARTESIAN_POINT ( 'NONE',  ( 6.418623769964638015, 15.49999999999997691, -60.65680600926189214 ) ) ;
#5764 = CARTESIAN_POINT ( 'NONE',  ( -9.802907274729545151, 17.49999999999999645, -58.50408745398283372 ) ) ;
#5765 = ORIENTED_EDGE ( 'NONE', *, *, #7203, .T. ) ;
#5766 = CARTESIAN_POINT ( 'NONE',  ( 13.04471389468795550, 15.49999999999998757, -27.27802072647210707 ) ) ;
#5767 = DIRECTION ( 'NONE',  ( -0.7071067811865497932, -0.2418447626479724444, 0.6644630243886733290 ) ) ;
#5768 = CARTESIAN_POINT ( 'NONE',  ( -15.01347857382675954, 17.49999999999999645, -44.75054823528567027 ) ) ;
#5769 = ORIENTED_EDGE ( 'NONE', *, *, #5188, .F. ) ;
#5770 = DATE_AND_TIME ( #7139, #7432 ) ;
#5771 = PLANE ( 'NONE',  #1072 ) ;
#5772 = DIRECTION ( 'NONE',  ( -9.060998464626002327E-07, 0.000000000000000000, 0.9999999999995894395 ) ) ;
#5773 = CARTESIAN_POINT ( 'NONE',  ( -12.26432121965338951, 17.50000000000000000, -58.47842509548442536 ) ) ;
#5774 = EDGE_LOOP ( 'NONE', ( #5588, #6022, #5769, #3128, #3443, #5139 ) ) ;
#5775 = CARTESIAN_POINT ( 'NONE',  ( 7.500000000000000000, -17.50000000000000000, -29.00000000000000000 ) ) ;
#5776 = CARTESIAN_POINT ( 'NONE',  ( 7.216867293557739593, 10.49999999999997513, -57.24527881068086543 ) ) ;
#5777 = B_SPLINE_CURVE_WITH_KNOTS ( 'NONE', 3,
 ( #794, #5092, #4172, #7003, #1580, #749, #2850, #2997, #704, #4363, #151, #3680, #1397, #3535, #4317, #3493, #7101, #2802, #7144, #6280, #7691, #885, #5679, #64, #16, #7740, #2946, #6322, #5593, #2208, #8390, #1492, #5637, #3627, #8436, #2161, #6459, #8533, #5773, #7788, #4959, #4269, #7050, #3580, #8579, #6361, #5009, #105, #2895, #2259, #1533, #2303, #837, #5726, #5052, #7838, #927, #7280, #1020, #5958, #3766, #284, #6596, #8787, #4454, #6503, #3725, #334, #3167, #379, #8745, #972, #5865, #1804, #3127, #238, #2482, #8625, #5910, #5269, #8704, #2442, #2355, #8066, #4584 ),
 .UNSPECIFIED., .F., .F.,
 ( 4, 1, 1, 1, 1, 1, 2, 2, 1, 1, 1, 1, 2, 2, 1, 1, 1, 1, 2, 2, 1, 1, 1, 1, 2, 2, 1, 1, 1, 1, 2, 2, 1, 1, 1, 1, 2, 2, 1, 1, 1, 2, 2, 1, 1, 1, 2, 2, 1, 1, 1, 1, 1, 2, 2, 1, 1, 1, 1, 1, 2, 2, 4 ),
 ( 0.000000000000000000, 0.06250000000000326128, 0.09375000000000484335, 0.1093750000000058981, 0.1171875000000063977, 0.1210937500000064115, 0.1230468750000061617, 0.1250000000000058842, 0.1562500000000040801, 0.1718750000000027756, 0.1796875000000024980, 0.1835937500000019706, 0.1855468750000017208, 0.1875000000000014433, 0.2187499999999984457, 0.2343749999999965306, 0.2421874999999951150, 0.2460937499999944211, 0.2480468749999941158, 0.2499999999999938383, 0.3124999999999917843, 0.3437499999999906741, 0.3593749999999897859, 0.3671874999999890643, 0.3710937499999887867, 0.3749999999999884537, 0.4062499999999829026, 0.4218749999999801270, 0.4296874999999784062, 0.4335937499999772959, 0.4355468749999770184, 0.4374999999999767963, 0.4687499999999715228, 0.4843749999999691358, 0.4921874999999683031, 0.4960937499999681921, 0.4980468749999678590, 0.4999999999999675260, 0.5312499999999680256, 0.5468749999999682476, 0.5546874999999683586, 0.5585937499999684697, 0.5624999999999684697, 0.5937499999999706901, 0.6093749999999714673, 0.6171874999999722444, 0.6210937499999725775, 0.6249999999999729106, 0.6874999999999745759, 0.7187499999999754641, 0.7343749999999754641, 0.7421874999999759082, 0.7460937499999761302, 0.7480468749999761302, 0.7499999999999760192, 0.8124999999999812372, 0.8437499999999837907, 0.8593749999999846789, 0.8671874999999851230, 0.8710937499999855671, 0.8730468749999862332, 0.8749999999999868994, 1.000000000000000000 ),
 .UNSPECIFIED. ) ;
#5778 = EDGE_CURVE ( 'NONE', #2791, #4787, #349, .T. ) ;
#5779 = CARTESIAN_POINT ( 'NONE',  ( -9.996117280533077576, 15.49999999999997158, -56.45188550372736813 ) ) ;
#5780 = CARTESIAN_POINT ( 'NONE',  ( 11.41545358167368995, 15.50000000000000711, -26.30214522199115734 ) ) ;
#5781 = CARTESIAN_POINT ( 'NONE',  ( -34.81936904480956230, -42.45637096260873733, -200.3807004987445737 ) ) ;
#5782 = CARTESIAN_POINT ( 'NONE',  ( 14.32782294323413907, 15.50000000000000178, -30.29998938949681531 ) ) ;
#5783 = DIRECTION ( 'NONE',  ( 0.000000000000000000, 0.08715574274765917895, 0.9961946980917455452 ) ) ;
#5784 = CARTESIAN_POINT ( 'NONE',  ( -24.27377397486383970, -34.49560604058607538, -185.9657081020979774 ) ) ;
#5785 = CARTESIAN_POINT ( 'NONE',  ( -30.28533802556699328, -81.60291049337449465, -187.7545242047707177 ) ) ;
#5786 = CARTESIAN_POINT ( 'NONE',  ( 25.67619468443065145, -65.87289282418855407, -166.1115969464694047 ) ) ;
#5787 = ORIENTED_EDGE ( 'NONE', *, *, #6513, .T. ) ;
#5788 = CARTESIAN_POINT ( 'NONE',  ( 11.41719919481510637, 11.08100000000013630, -28.34780130678841914 ) ) ;
#5789 = CARTESIAN_POINT ( 'NONE',  ( -34.98687346096907902, -54.28469015539818088, -195.9883220336713237 ) ) ;
#5790 = VECTOR ( 'NONE', #1425, 1000.000000000000000 ) ;
#5791 = CARTESIAN_POINT ( 'NONE',  ( -34.87023888289645157, -74.37893422823235312, -188.6746153110806858 ) ) ;
#5792 = CARTESIAN_POINT ( 'NONE',  ( -11.37550260621397591, 12.19132053476444177, -27.35518743995320179 ) ) ;
#5793 = DIRECTION ( 'NONE',  ( -9.594843492108005934E-17, 0.9679338720964829612, -0.2512051338016588198 ) ) ;
#5794 = DIRECTION ( 'NONE',  ( -0.000000000000000000, 1.000000000000000000, -0.000000000000000000 ) ) ;
#5795 = VERTEX_POINT ( 'NONE', #8556 ) ;
#5796 = CARTESIAN_POINT ( 'NONE',  ( -12.26967145349126653, -2.499999999999995115, -43.29999102047115400 ) ) ;
#5797 = CARTESIAN_POINT ( 'NONE',  ( 17.32783472253104406, 17.50000000000000000, -43.29998667119183864 ) ) ;
#5798 = VERTEX_POINT ( 'NONE', #1554 ) ;
#5799 = APPROVAL ( #2013, 'ๆช' ) ;
#5800 = CARTESIAN_POINT ( 'NONE',  ( 2.628826828018821615, 15.50000000000000178, -61.99999999999894840 ) ) ;
#5801 = CARTESIAN_POINT ( 'NONE',  ( 12.69899827274004522, 15.49999909390015596, 0.000000000000000000 ) ) ;
#5802 = AXIS2_PLACEMENT_3D ( 'NONE', #5863, #2480, #3209 ) ;
#5803 = EDGE_CURVE ( 'NONE', #2430, #2187, #2489, .T. ) ;
#5804 = DIRECTION ( 'NONE',  ( 0.000000000000000000, 0.9396926207859095381, 0.3420201433256654378 ) ) ;
#5805 = CARTESIAN_POINT ( 'NONE',  ( 5.312529909627912161, 15.49999999999997691, -61.32412822602449154 ) ) ;
#5806 = CARTESIAN_POINT ( 'NONE',  ( -12.69755625783253272, 17.50000000000000355, -53.35246362545125720 ) ) ;
#5807 = AXIS2_PLACEMENT_3D ( 'NONE', #7247, #3688, #7898 ) ;
#5808 = ORIENTED_EDGE ( 'NONE', *, *, #1996, .T. ) ;
#5809 = CARTESIAN_POINT ( 'NONE',  ( 14.77165632919377458, 17.50000000000000000, -27.93597379230559241 ) ) ;
#5810 = DIRECTION ( 'NONE',  ( -1.000000000000000000, -0.000000000000000000, -0.000000000000000000 ) ) ;
#5811 = DIRECTION ( 'NONE',  ( -0.000000000000000000, 0.3420201433256680468, 0.9396926207859086499 ) ) ;
#5812 = ORIENTED_EDGE ( 'NONE', *, *, #990, .F. ) ;
#5813 = CARTESIAN_POINT ( 'NONE',  ( 19.99091057565817664, -10.44412342849989983, -74.24958036135436146 ) ) ;
#5814 = CARTESIAN_POINT ( 'NONE',  ( 23.01039941502700259, -71.80218455544638800, -167.4784155329147097 ) ) ;
#5815 = FACE_OUTER_BOUND ( 'NONE', #1344, .T. ) ;
#5816 = ORIENTED_EDGE ( 'NONE', *, *, #1452, .T. ) ;
#5817 = CIRCLE ( 'NONE', #1598, 1.549999999999995826 ) ;
#5818 = ORIENTED_EDGE ( 'NONE', *, *, #2264, .T. ) ;
#5819 = CARTESIAN_POINT ( 'NONE',  ( -13.57253159768168160, 15.50000000000000355, -28.31496159087835451 ) ) ;
#5820 = CARTESIAN_POINT ( 'NONE',  ( 13.31458450712832864, 15.50000000000000355, -49.58552850231193787 ) ) ;
#5821 = EDGE_CURVE ( 'NONE', #5957, #3767, #4636, .T. ) ;
#5822 = CARTESIAN_POINT ( 'NONE',  ( -10.06137303319223264, 15.49999999999997513, -56.34458645178865766 ) ) ;
#5823 = CARTESIAN_POINT ( 'NONE',  ( -35.00000000000000711, -5.000000000000000000, 24.00000000000000000 ) ) ;
#5824 = SHAPE_REPRESENTATION_RELATIONSHIP ( 'NONE' , 'NONE' ,  #4729, #8030 ) ;
#5825 = AXIS2_PLACEMENT_3D ( 'NONE', #5045, #4356, #144 ) ;
#5826 = CARTESIAN_POINT ( 'NONE',  ( 12.37330796249113085, 10.90309800155355369, -29.54475803827000391 ) ) ;
#5827 = CARTESIAN_POINT ( 'NONE',  ( -7.500000000000000000, -2.499999999999998668, -29.00000000000000000 ) ) ;
#5828 = CARTESIAN_POINT ( 'NONE',  ( 1.171572875253783508, 47.86977054368165341, -26.53168124802698813 ) ) ;
#5829 = CARTESIAN_POINT ( 'NONE',  ( -12.06970171764859678, 10.49999999999996980, -43.30000879832201832 ) ) ;
#5830 = EDGE_CURVE ( 'NONE', #3806, #5077, #6614, .T. ) ;
#5831 = CARTESIAN_POINT ( 'NONE',  ( -12.69898490187708084, 15.50001001900361430, -26.81378482454165635 ) ) ;
#5832 = CARTESIAN_POINT ( 'NONE',  ( -19.99999999999999645, -20.09655472033811918, -70.62656047008360360 ) ) ;
#5833 = CARTESIAN_POINT ( 'NONE',  ( -2.370661744665654602, 15.50000000000000178, -61.99999999999958078 ) ) ;
#5834 = CARTESIAN_POINT ( 'NONE',  ( -28.51613820012697076, -37.69548297469695797, -198.6107819643953007 ) ) ;
#5835 = SECURITY_CLASSIFICATION ( '', '', #7663 ) ;
#5836 = CARTESIAN_POINT ( 'NONE',  ( -19.99999999999999645, -8.539001800247007168, -74.82736940533419556 ) ) ;
#5837 = CARTESIAN_POINT ( 'NONE',  ( 10.89902421420704215, 10.98535758353818714, -27.62981138934675229 ) ) ;
#5838 = EDGE_CURVE ( 'NONE', #3671, #8977, #6729, .T. ) ;
#5839 = CARTESIAN_POINT ( 'NONE',  ( -21.46508122820924314, -59.14689936563646455, -141.0875341805052585 ) ) ;
#5840 = CARTESIAN_POINT ( 'NONE',  ( -34.83248607287975318, -43.11806028892771536, -200.0526429221339413 ) ) ;
#5841 = CARTESIAN_POINT ( 'NONE',  ( 7.660042309764391710, 11.09167599805535609, -57.56321300287648768 ) ) ;
#5842 = EDGE_CURVE ( 'NONE', #9050, #838, #5023, .T. ) ;
#5843 = ORIENTED_EDGE ( 'NONE', *, *, #87, .T. ) ;
#5844 = CARTESIAN_POINT ( 'NONE',  ( 13.42387392395124301, 16.22485017761104942, -27.11346072755561210 ) ) ;
#5845 = CARTESIAN_POINT ( 'NONE',  ( -14.69899917884073481, 17.50000000000000000, 0.000000000000000000 ) ) ;
#5846 = ORIENTED_EDGE ( 'NONE', *, *, #2944, .F. ) ;
#5847 = CARTESIAN_POINT ( 'NONE',  ( 12.69940333415550704, 15.50038007851258826, -26.57190902770583207 ) ) ;
#5848 = CARTESIAN_POINT ( 'NONE',  ( 10.89902406077419528, 10.99952275465517815, -27.46047799342102635 ) ) ;
#5849 = CIRCLE ( 'NONE', #1900, 4.999999999999997335 ) ;
#5850 = CARTESIAN_POINT ( 'NONE',  ( -34.15051860910340764, -80.18120137341875875, -184.8253792996420088 ) ) ;
#5851 = CARTESIAN_POINT ( 'NONE',  ( -12.70086748459628723, 15.49999999999996803, -27.19762785808467598 ) ) ;
#5852 = AXIS2_PLACEMENT_3D ( 'NONE', #6517, #5923, #4507 ) ;
#5853 = EDGE_LOOP ( 'NONE', ( #6814, #3658, #2212, #1983, #3805, #8501 ) ) ;
#5854 = DIRECTION ( 'NONE',  ( 0.000000000000000000, 0.000000000000000000, 1.000000000000000000 ) ) ;
#5855 = EDGE_CURVE ( 'NONE', #2203, #1711, #2243, .T. ) ;
#5856 = CARTESIAN_POINT ( 'NONE',  ( -12.48610067249223654, 17.49999999999999645, -53.82589225907847919 ) ) ;
#5857 = ORIENTED_EDGE ( 'NONE', *, *, #8406, .F. ) ;
#5858 = CIRCLE ( 'NONE', #5711, 5.000000000000000888 ) ;
#5859 = DESIGN_CONTEXT ( 'detailed design', #21, 'design' ) ;
#5860 = CARTESIAN_POINT ( 'NONE',  ( -10.69894768512245875, 10.49999999999996980, -56.83006848498786923 ) ) ;
#5861 = CARTESIAN_POINT ( 'NONE',  ( 16.29674092556059151, -6.160431599253190171, -75.69457759610159542 ) ) ;
#5862 = EDGE_CURVE ( 'NONE', #4787, #1805, #5591, .T. ) ;
#5863 = CARTESIAN_POINT ( 'NONE',  ( -13.23618175602471503, 17.50000000000000000, -56.83007078397528744 ) ) ;
#5864 = ORIENTED_EDGE ( 'NONE', *, *, #1496, .F. ) ;
#5865 = CARTESIAN_POINT ( 'NONE',  ( -15.95889097113562016, 17.50000000000000000, -50.33696193964872379 ) ) ;
#5866 = CIRCLE ( 'NONE', #4553, 1.299999999999988720 ) ;
#5867 = VERTEX_POINT ( 'NONE', #3903 ) ;
#5868 = CARTESIAN_POINT ( 'NONE',  ( -13.90213175706567128, 15.50000000000000178, -29.12065987810231960 ) ) ;
#5869 = CARTESIAN_POINT ( 'NONE',  ( 10.81216382692101163, 15.50000000000000178, -55.48542556482153998 ) ) ;
#5870 = CARTESIAN_POINT ( 'NONE',  ( -10.62247116508575218, 15.49999999999997691, -55.35919486937356737 ) ) ;
#5871 = CARTESIAN_POINT ( 'NONE',  ( -15.40214951860478365, -46.22896438427878962, -113.9450048118951173 ) ) ;
#5872 = CARTESIAN_POINT ( 'NONE',  ( 12.48056198293975427, 10.94011163650950813, -29.91680285411725748 ) ) ;
#5873 = B_SPLINE_CURVE_WITH_KNOTS ( 'NONE', 3,
 ( #4015, #4842, #6255, #4794, #8186, #2050, #9049, #1319, #8366, #2095, #4889, #3972, #497, #6800, #7486, #536, #2872, #4986, #1416, #862, #3513, #2923, #6485, #8561, #4392, #727 ),
 .UNSPECIFIED., .F., .F.,
 ( 4, 2, 2, 2, 2, 2, 2, 2, 2, 2, 2, 2, 4 ),
 ( -6.000000010731012227E-08, 0.008251975034587657326, 0.01650401006917542185, 0.03300808013835087457, 0.04126011517293859399, 0.04951215020752631341, 0.06601622027670167592, 0.07426825531128940228, 0.07633126406993634427, 0.07839427282858330015, 0.08252029034587721190, 0.09902436041505290054, 0.1320325005534042362 ),
 .UNSPECIFIED. ) ;
#5874 = CARTESIAN_POINT ( 'NONE',  ( -34.82633217100325140, -42.81613573658709981, -200.1625344721800275 ) ) ;
#5875 = CARTESIAN_POINT ( 'NONE',  ( -9.897709646808307227, 10.49999999999996803, -52.26621115340449109 ) ) ;
#5876 = CARTESIAN_POINT ( 'NONE',  ( 2.585786437626869994, 69.15007152304423244, -6.049847340273266205 ) ) ;
#5877 = CARTESIAN_POINT ( 'NONE',  ( -7.500000000000000000, -17.50000000000000000, -4.000000000000000888 ) ) ;
#5878 = CARTESIAN_POINT ( 'NONE',  ( 17.06201840009491377, -40.19464874548989286, -101.2659977042070096 ) ) ;
#5879 = CARTESIAN_POINT ( 'NONE',  ( 12.32782247476423620, 10.49999999999996625, -43.74036653777211825 ) ) ;
#5880 = DIRECTION ( 'NONE',  ( -0.000000000000000000, 1.000000000000000000, -0.000000000000000000 ) ) ;
#5881 = CARTESIAN_POINT ( 'NONE',  ( -20.00000000000001776, -26.54932397785253428, -106.2324897565224688 ) ) ;
#5882 =( BOUNDED_SURFACE ( )  B_SPLINE_SURFACE ( 3, 2, ( 
 ( #2558, #547, #7367 ),
 ( #6161, #8241, #4625 ),
 ( #4675, #1107, #3340 ),
 ( #1144, #8959, #5444 ),
 ( #4716, #8825, #3247 ),
 ( #3890, #1836, #6675 ) ),
 .UNSPECIFIED., .F., .F., .F. ) 
 B_SPLINE_SURFACE_WITH_KNOTS ( ( 4, 2, 4 ),
 ( 3, 3 ),
 ( 0.007267088025365039602, 0.009841452910945538285, 0.01241581779652603523 ),
 ( 0.000000000000000000, 1.000000000000000000 ),
 .UNSPECIFIED. ) 
 GEOMETRIC_REPRESENTATION_ITEM ( )  RATIONAL_B_SPLINE_SURFACE ( (
 ( 1.000000000000000000, 0.9291716484360882378, 1.000000000000000000),
 ( 1.000000000000000000, 0.9246383054814053537, 1.000000000000000000),
 ( 1.000000000000000000, 0.9193380453831169197, 1.000000000000000000),
 ( 1.000000000000000000, 0.9056722037023104965, 1.000000000000000000),
 ( 1.000000000000000000, 0.8973417710235112033, 1.000000000000000000),
 ( 1.000000000000000000, 0.8858289612719632000, 1.000000000000000000) ) ) 
 REPRESENTATION_ITEM ( '' )  SURFACE ( )  );
#5883 = FACE_OUTER_BOUND ( 'NONE', #2633, .T. ) ;
#5884 = CARTESIAN_POINT ( 'NONE',  ( 5.000000000000000000, -2.499999999999998668, -54.00000000000000711 ) ) ;
#5885 = CARTESIAN_POINT ( 'NONE',  ( 12.87630275908692745, 15.49999999999996092, -27.12374860852383307 ) ) ;
#5886 = ORIENTED_EDGE ( 'NONE', *, *, #3566, .T. ) ;
#5887 = DIRECTION ( 'NONE',  ( -1.000000000000000000, -0.000000000000000000, -0.000000000000000000 ) ) ;
#5888 = ORIENTED_EDGE ( 'NONE', *, *, #8045, .F. ) ;
#5889 = CARTESIAN_POINT ( 'NONE',  ( 7.500000000000000000, -15.00000000000000000, -4.000000000000000888 ) ) ;
#5890 = CARTESIAN_POINT ( 'NONE',  ( 6.109178564446718696, 17.49999999999998579, -62.03364706457280420 ) ) ;
#5891 = AXIS2_PLACEMENT_3D ( 'NONE', #8240, #6028, #4063 ) ;
#5892 = CARTESIAN_POINT ( 'NONE',  ( -29.08206925068110138, -68.67701332407929726, -172.5990788887508813 ) ) ;
#5893 = CARTESIAN_POINT ( 'NONE',  ( 20.00000000000000355, -7.011872312450472045, 25.70895527601439667 ) ) ;
#5894 = CARTESIAN_POINT ( 'NONE',  ( 5.442403923413968947, 15.49999999999996625, -61.25729079005652267 ) ) ;
#5895 = B_SPLINE_SURFACE_WITH_KNOTS ( 'NONE', 1, 3, ( 
 ( #5563, #8226, #8361, #8899, #2085, #7522, #1409, #4881, #7659, #5364, #4689, #7468, #1203, #5084, #7876, #186, #3670, #3712, #2984, #1616, #7927, #2935, #3030, #7729, #271, #5806, #4402, #2247, #2345, #6352, #7182, #95, #918, #5043, #7091, #827, #3615, #7229, #7828, #7778, #5667, #7039, #4353, #2195, #6450, #2883, #962, #5628, #4946, #8425, #5764, #8570, #1480, #4998, #3506, #2775, #672, #8316, #35, #3461, #8362, #7618, #76, #7071, #8991, #6380, #6979, #7661, #1553, #7021, #6248, #2087, #4337, #6296, #8405, #5609, #5517, #2132, #4143, #764, #6197, #8451, #2176, #6338, #4980, #7763, #5696, #4287, #3596, #123, #2917, #8503, #5026, #1363, #2722, #2045, #4835, #3406, #6184, #7009, #5643, #8443, #661, #3361, #2164, #8350, #566, #1351, #2074, #4967, #843, #5732, #3090, #798, #7243, #245 ),
 ( #7985, #1586, #5144, #4458, #8540, #6555, #3004, #111, #2903, #2954, #6369, #4369, #3047, #4323, #4417, #978, #2265, #7150, #7055, #6509, #5685, #7106, #289, #2361, #3770, #1631, #5058, #3634, #3685, #7846, #6421, #890, #8588, #7943, #2215, #6464, #5870, #932, #5014, #5185, #201, #5822, #5779, #3730, #1539, #4273, #156, #2310, #8487, #7793, #5097, #7895, #8631, #7197, #1676, #8666, #3584, #2405, #5916, #5344, #4110, #7493, #8146, #4714, #7285, #1279, #1228, #5531, #4500, #1873, #2009, #7447, #3291, #640, #1024, #4802, #6852, #6902, #1716, #1184, #4756, #3810, #7538, #3131, #7585, #6603, #2602, #338, #8912, #8707, #4062, #2555, #6066, #3429, #4673, #5394, #3978, #8956, #6210, #1326, #6760, #5486, #502, #8192, #544, #8863, #1921, #8239, #4021, #6807, #8282, #3338, #2691, #6115, #593, #2648 ) ),
 .UNSPECIFIED., .F., .F., .F.,
 ( 2, 2 ),
 ( 4, 2, 2, 2, 2, 2, 2, 2, 2, 2, 2, 2, 2, 2, 2, 2, 2, 2, 2, 2, 2, 2, 2, 2, 2, 2, 2, 2, 2, 2, 2, 2, 2, 2, 2, 2, 2, 2, 2, 2, 2, 2, 2, 2, 2, 2, 2, 2, 2, 2, 2, 2, 2, 2, 2, 2, 2, 4 ),
 ( 0.000000000000000000, 1.000000000000000000 ),
 ( 0.000000000000000000, 0.001582488264585368756, 0.002373732396878052917, 0.003164976529170737511, 0.003956220661463422106, 0.004747464793756105833, 0.005538708926048790428, 0.005934330992195133159, 0.006329953058341475022, 0.007912441322926844212, 0.008703685455219527939, 0.009494929587512211666, 0.01028617371980489539, 0.01068179578595123899, 0.01107741785209758086, 0.01147303991824392272, 0.01186866198439026632, 0.01265990611668295004, 0.01345115024897563377, 0.01384677231512197737, 0.01424239438126831923, 0.01463801644741466110, 0.01503363851356100470, 0.01542926057970734656, 0.01582488264585368842, 0.01661612677814637215, 0.01740737091043905588, 0.01819861504273173960, 0.01859423710887807973, 0.01879204814195125153, 0.01898985917502442333, 0.01938548124117076693, 0.01978110330731710706, 0.01997891434039027886, 0.02007781985692686302, 0.02017672537346344719, 0.02022617813173174101, 0.02027563089000003482, 0.02037453640653661899, 0.02057234743960979079, 0.02077015847268296259, 0.02096796950575613439, 0.02136359157190247798, 0.02156140260497564978, 0.02175921363804882158, 0.02185811915458540575, 0.02195702467112198991, 0.02215483570419516171, 0.02235264673726833351, 0.02255045777034150184, 0.02274826880341467364, 0.02294607983648784544, 0.02314389086956101724, 0.02334170190263418904, 0.02373732396878053263, 0.02413294603492687623, 0.02452856810107321636, 0.02531981223336590009 ),
 .UNSPECIFIED. ) ;
#5896 = ORIENTED_EDGE ( 'NONE', *, *, #6969, .F. ) ;
#5897 = CARTESIAN_POINT ( 'NONE',  ( 14.69902411712055823, 17.50000000000000000, -27.52266191701826514 ) ) ;
#5898 = ADVANCED_FACE ( 'NONE', ( #7507 ), #1889, .T. ) ;
#5899 = CARTESIAN_POINT ( 'NONE',  ( 20.00000000000000355, -10.70466256708504282, -74.04492965730332799 ) ) ;
#5900 = B_SPLINE_CURVE_WITH_KNOTS ( 'NONE', 3,
 ( #4257, #1073, #3948, #8114, #3814, #1115, #6645, #8209, #3175, #3260, #8075, #8752, #5964, #5360, #2490, #1811, #1199, #4594, #1026, #7378, #1846, #5229, #8161, #4638, #4501, #3992, #4685, #341 ),
 .UNSPECIFIED., .F., .F.,
 ( 4, 2, 2, 2, 2, 2, 2, 2, 2, 2, 2, 2, 2, 4 ),
 ( 0.000000000000000000, 0.06249999999999977796, 0.09374999999999951428, 0.1249999999999992506, 0.1874999999999992784, 0.2499999999999993339, 0.3749999999999988898, 0.4374999999999990008, 0.4999999999999991118, 0.5624999999999992228, 0.6249999999999993339, 0.7499999999999995559, 0.8749999999999997780, 1.000000000000000000 ),
 .UNSPECIFIED. ) ;
#5901 = AXIS2_PLACEMENT_3D ( 'NONE', #4280, #2271, #2317 ) ;
#5902 = CARTESIAN_POINT ( 'NONE',  ( -11.95008581050186969, 17.50000000000000000, -54.96225967836388548 ) ) ;
#5903 = ORIENTED_EDGE ( 'NONE', *, *, #2323, .T. ) ;
#5904 = ADVANCED_FACE ( 'NONE', ( #6819 ), #2753, .F. ) ;
#5905 = CC_DESIGN_PERSON_AND_ORGANIZATION_ASSIGNMENT ( #1232, #2559, ( #5168 ) ) ;
#5906 = CARTESIAN_POINT ( 'NONE',  ( -7.500000000000000000, -2.499999999999998668, -4.000000000000000888 ) ) ;
#5907 = CARTESIAN_POINT ( 'NONE',  ( -14.67384495295064539, 17.47487114157505772, -27.99632414089144561 ) ) ;
#5908 = LINE ( 'NONE', #1877, #5080 ) ;
#5909 = ORIENTED_EDGE ( 'NONE', *, *, #7907, .T. ) ;
#5910 = CARTESIAN_POINT ( 'NONE',  ( -16.75337705576616187, 17.50000000000000000, -46.97318897266512749 ) ) ;
#5911 = ORIENTED_EDGE ( 'NONE', *, *, #591, .T. ) ;
#5912 = LINE ( 'NONE', #381, #6831 ) ;
#5913 = CARTESIAN_POINT ( 'NONE',  ( 6.536877719347771176, 15.50000000000001066, -60.57538309324023373 ) ) ;
#5914 = EDGE_CURVE ( 'NONE', #122, #3758, #1393, .T. ) ;
#5915 = CC_DESIGN_PERSON_AND_ORGANIZATION_ASSIGNMENT ( #4066, #3982, ( #478 ) ) ;
#5916 = CARTESIAN_POINT ( 'NONE',  ( -7.533022229834308803, 15.49999999999996625, -59.52868919538948234 ) ) ;
#5917 = CARTESIAN_POINT ( 'NONE',  ( -20.81225209381217667, -46.20557385210068446, -113.8958577766291000 ) ) ;
#5918 =( LENGTH_UNIT ( ) NAMED_UNIT ( * ) SI_UNIT ( .MILLI., .METRE. ) );
#5919 = CARTESIAN_POINT ( 'NONE',  ( 11.80629694628751736, 10.89855673892376053, -28.63879346918963265 ) ) ;
#5920 = CARTESIAN_POINT ( 'NONE',  ( -34.80568470344834253, -41.47729908272165744, -201.7407190344848971 ) ) ;
#5921 = CARTESIAN_POINT ( 'NONE',  ( -9.992001155381210253, 10.49999999999997158, -52.05200240161052250 ) ) ;
#5922 = CARTESIAN_POINT ( 'NONE',  ( 5.000000000000000000, -2.499999999999998668, -57.00000000000000000 ) ) ;
#5923 = DIRECTION ( 'NONE',  ( -0.000000000000000000, 1.000000000000000000, -0.000000000000000000 ) ) ;
#5924 = CARTESIAN_POINT ( 'NONE',  ( 9.998763685114743893, -24.60614944768831336, -68.51220999636157671 ) ) ;
#5925 = CARTESIAN_POINT ( 'NONE',  ( -19.98456066044519019, -30.09527961495492576, -168.7581651850782123 ) ) ;
#5926 = CARTESIAN_POINT ( 'NONE',  ( -11.00000000000000000, 8.184419670604349051, 25.52033206044445990 ) ) ;
#5927 = ADVANCED_FACE ( 'NONE', ( #5358 ), #7463, .F. ) ;
#5928 = DIRECTION ( 'NONE',  ( 1.000000000000000000, 0.000000000000000000, -0.000000000000000000 ) ) ;
#5929 = CARTESIAN_POINT ( 'NONE',  ( -25.09557645433996598, -51.44372215898569323, -171.3633855737510885 ) ) ;
#5930 = EDGE_CURVE ( 'NONE', #6357, #5454, #2737, .T. ) ;
#5931 = CARTESIAN_POINT ( 'NONE',  ( -34.82906823473418001, -76.43033530955105448, -187.9279663789392032 ) ) ;
#5932 = CARTESIAN_POINT ( 'NONE',  ( 35.00000000000000711, -47.44893420663393613, -214.4390003148688493 ) ) ;
#5933 = CARTESIAN_POINT ( 'NONE',  ( -12.18169147936902341, 10.96652757201554529, -45.04205394382126570 ) ) ;
#5934 = CARTESIAN_POINT ( 'NONE',  ( -7.500000000000000000, -2.499999999999998668, -30.54999999999999716 ) ) ;
#5935 = ORIENTED_EDGE ( 'NONE', *, *, #7345, .T. ) ;
#5936 = CARTESIAN_POINT ( 'NONE',  ( -2.370661744665771398, -17.50000000000000000, -64.99999999999958789 ) ) ;
#5937 = ORIENTED_EDGE ( 'NONE', *, *, #4278, .F. ) ;
#5938 = CARTESIAN_POINT ( 'NONE',  ( -12.32390211209323283, 13.85500351256230545, -27.74336944773708780 ) ) ;
#5939 = AXIS2_PLACEMENT_3D ( 'NONE', #577, #4094, #6885 ) ;
#5940 = EDGE_CURVE ( 'NONE', #8302, #1109, #2311, .T. ) ;
#5941 = DIRECTION ( 'NONE',  ( -1.000000000000000000, 0.000000000000000000, 0.000000000000000000 ) ) ;
#5942 = CARTESIAN_POINT ( 'NONE',  ( -22.74062984288865152, -55.77581798122270840, -146.4557937844769810 ) ) ;
#5943 = CARTESIAN_POINT ( 'NONE',  ( 9.578646745150329878, 17.50000000000000000, -61.97431250043312900 ) ) ;
#5944 = LINE ( 'NONE', #6059, #7721 ) ;
#5945 = CARTESIAN_POINT ( 'NONE',  ( 12.90792220573547411, 17.50000000000000000, -53.46070347379696841 ) ) ;
#5946 = ORIENTED_EDGE ( 'NONE', *, *, #3271, .T. ) ;
#5947 = CARTESIAN_POINT ( 'NONE',  ( 14.71667688328056656, 17.50000000000000000, -27.73411018966616126 ) ) ;
#5948 = CARTESIAN_POINT ( 'NONE',  ( -36.89913211749085065, -44.21019765643324462, -205.5127058867969367 ) ) ;
#5949 = CARTESIAN_POINT ( 'NONE',  ( 15.15126585653093549, -34.73604962604380120, -89.79665781939937119 ) ) ;
#5950 = CARTESIAN_POINT ( 'NONE',  ( -8.219966718658202609, 17.49999999999999645, -60.25850298762689050 ) ) ;
#5951 = ORIENTED_EDGE ( 'NONE', *, *, #1246, .T. ) ;
#5952 = EDGE_CURVE ( 'NONE', #5182, #7916, #948, .T. ) ;
#5953 = FACE_OUTER_BOUND ( 'NONE', #3515, .T. ) ;
#5954 = CARTESIAN_POINT ( 'NONE',  ( -14.20978825134407231, 17.01081432479427491, -27.86920849002521550 ) ) ;
#5955 = AXIS2_PLACEMENT_3D ( 'NONE', #792, #15, #3447 ) ;
#5956 = CARTESIAN_POINT ( 'NONE',  ( 16.27925181579083258, 17.49999999999999645, -50.12896937213567128 ) ) ;
#5957 = VERTEX_POINT ( 'NONE', #257 ) ;
#5958 = CARTESIAN_POINT ( 'NONE',  ( -14.54992548787603646, 17.50000000000000000, -54.10938495783877045 ) ) ;
#5959 = EDGE_LOOP ( 'NONE', ( #1696, #2002, #6941, #2003 ) ) ;
#5960 = LINE ( 'NONE', #4456, #4801 ) ;
#5961 = CARTESIAN_POINT ( 'NONE',  ( 10.32286042361300815, 15.50000000000000000, -56.34148106735774064 ) ) ;
#5962 = ORIENTED_EDGE ( 'NONE', *, *, #6798, .T. ) ;
#5963 = CARTESIAN_POINT ( 'NONE',  ( 35.56220943702489024, -43.39602156745083761, -202.0243170388685598 ) ) ;
#5964 = CARTESIAN_POINT ( 'NONE',  ( -10.58094752618974432, -17.50000000000000000, -60.75468418137815263 ) ) ;
#5965 = FACE_OUTER_BOUND ( 'NONE', #1433, .T. ) ;
#5966 = CARTESIAN_POINT ( 'NONE',  ( 2.628825013707253966, -2.499999999999995115, -60.19999999999958362 ) ) ;
#5967 = CARTESIAN_POINT ( 'NONE',  ( -11.32278640498102007, 10.49999999999996980, -48.37880042907810463 ) ) ;
#5968 = CARTESIAN_POINT ( 'NONE',  ( 16.66180088549403493, -24.60614944768832046, -68.51220999636150566 ) ) ;
#5969 = CARTESIAN_POINT ( 'NONE',  ( 5.000000000000000000, -2.499999999999998668, -54.00000000000000711 ) ) ;
#5970 = AXIS2_PLACEMENT_3D ( 'NONE', #6496, #1749, #7272 ) ;
#5971 = LINE ( 'NONE', #8762, #8617 ) ;
#5972 = CARTESIAN_POINT ( 'NONE',  ( -19.98506420117112725, -20.50791252862863345, -70.59450377995693771 ) ) ;
#5973 = AXIS2_PLACEMENT_3D ( 'NONE', #8296, #2022, #2704 ) ;
#5974 = CARTESIAN_POINT ( 'NONE',  ( 34.84440972380290447, -81.43846385692039291, -191.4260455206996028 ) ) ;
#5975 = CARTESIAN_POINT ( 'NONE',  ( -12.25849977426230630, 10.97205248649788167, -44.17712606107108542 ) ) ;
#5976 = AXIS2_PLACEMENT_3D ( 'NONE', #1866, #8094, #1177 ) ;
#5977 = LINE ( 'NONE', #5934, #1481 ) ;
#5978 = DIRECTION ( 'NONE',  ( 0.000000000000000000, 0.000000000000000000, 1.000000000000000000 ) ) ;
#5979 = ORIENTED_EDGE ( 'NONE', *, *, #7806, .F. ) ;
#5980 = CARTESIAN_POINT ( 'NONE',  ( 34.99999999999999289, -42.26803355772786830, -216.3246939377609976 ) ) ;
#5981 = LOCAL_TIME ( 17, 12, 35.00000000000000000, #5381 ) ;
#5982 = CARTESIAN_POINT ( 'NONE',  ( 10.53218133172742910, 17.49999999999999645, -57.85575892254446018 ) ) ;
#5983 = CARTESIAN_POINT ( 'NONE',  ( 15.00240574293442641, -6.001819538171618618, -75.75082822763786794 ) ) ;
#5984 = CARTESIAN_POINT ( 'NONE',  ( -29.68519738691396626, -80.89954601960856451, -186.3053977357444921 ) ) ;
#5985 = CARTESIAN_POINT ( 'NONE',  ( 2.628829549486175310, -17.50000000000000000, -64.99999999999771205 ) ) ;
#5986 = CARTESIAN_POINT ( 'NONE',  ( -2.088035936598881204, -3.305268473205142499, -68.34211506623603327 ) ) ;
#5987 = ORIENTED_EDGE ( 'NONE', *, *, #90, .T. ) ;
#5988 = ORIENTED_EDGE ( 'NONE', *, *, #545, .F. ) ;
#5989 = CARTESIAN_POINT ( 'NONE',  ( 34.80568470344832122, -78.60461873820719347, -188.2274798018022466 ) ) ;
#5990 = CARTESIAN_POINT ( 'NONE',  ( -39.03018177548702283, -45.51630583357015070, -211.0959140940191503 ) ) ;
#5991 = CARTESIAN_POINT ( 'NONE',  ( 20.81225209379353558, -46.20557385212833168, -113.8958577766258742 ) ) ;
#5992 = CARTESIAN_POINT ( 'NONE',  ( -13.40150192903716686, 17.50000000000000355, -51.64398730191300046 ) ) ;
#5993 = ADVANCED_FACE ( 'NONE', ( #5883 ), #4514, .F. ) ;
#5994 = CARTESIAN_POINT ( 'NONE',  ( 13.29785035942981253, 15.50000000000000000, -27.54217752243431505 ) ) ;
#5995 = DIRECTION ( 'NONE',  ( -1.000000000000000000, 0.000000000000000000, -1.263007877856806148E-13 ) ) ;
#5996 = ORIENTED_EDGE ( 'NONE', *, *, #1937, .T. ) ;
#5997 = VERTEX_POINT ( 'NONE', #6525 ) ;
#5998 = DIRECTION ( 'NONE',  ( -1.000000000000000000, 0.000000000000000000, -3.747383971338125757E-13 ) ) ;
#5999 = EDGE_CURVE ( 'NONE', #5608, #8857, #7166, .T. ) ;
#6000 = CARTESIAN_POINT ( 'NONE',  ( 9.927247869140133574, 15.50000000000000000, -56.96881320221196177 ) ) ;
#6001 = EDGE_LOOP ( 'NONE', ( #1204, #5004, #8068, #4646, #2299 ) ) ;
#6002 = CARTESIAN_POINT ( 'NONE',  ( -11.45062131748003686, 15.50000000000000355, -26.40884567536178551 ) ) ;
#6003 = DIRECTION ( 'NONE',  ( -9.060998465960400032E-07, 0.000000000000000000, 0.9999999999995894395 ) ) ;
#6004 = VECTOR ( 'NONE', #2506, 999.9999999999998863 ) ;
#6005 = CARTESIAN_POINT ( 'NONE',  ( 14.32782294323413552, 15.50000000000000178, -30.29998938949681531 ) ) ;
#6006 = CARTESIAN_POINT ( 'NONE',  ( -5.332707288648260935, 15.50000000000000178, -61.17845601242254361 ) ) ;
#6007 = EDGE_LOOP ( 'NONE', ( #1059, #5093, #4726, #2521 ) ) ;
#6008 = FACE_OUTER_BOUND ( 'NONE', #2114, .T. ) ;
#6009 = DIRECTION ( 'NONE',  ( 0.000000000000000000, 0.000000000000000000, 1.000000000000000000 ) ) ;
#6010 = B_SPLINE_CURVE_WITH_KNOTS ( 'NONE', 3,
 ( #3947, #8113, #1071, #4385 ),
 .UNSPECIFIED., .F., .F.,
 ( 4, 4 ),
 ( 0.000000000000000000, 2.405718860648205852E-06 ),
 .UNSPECIFIED. ) ;
#6011 = CARTESIAN_POINT ( 'NONE',  ( -11.22757011125841053, 10.49999999999996803, -28.56817339811745171 ) ) ;
#6012 = CARTESIAN_POINT ( 'NONE',  ( 34.84392767575938166, -75.98727732708331928, -188.0892262966105193 ) ) ;
#6013 = LINE ( 'NONE', #8808, #450 ) ;
#6014 = CARTESIAN_POINT ( 'NONE',  ( 7.500000000000000000, -15.00000000000000000, -2.450000000000003286 ) ) ;
#6015 = VERTEX_POINT ( 'NONE', #6570 ) ;
#6016 = CARTESIAN_POINT ( 'NONE',  ( 33.31414624847597139, -40.37264582050399042, -209.0214594701731130 ) ) ;
#6017 = CARTESIAN_POINT ( 'NONE',  ( 7.625137132356675451, 17.49999999999999645, -60.99715155558865121 ) ) ;
#6018 = CARTESIAN_POINT ( 'NONE',  ( 20.00000000000000355, -20.08771321875350679, -70.62577140457949554 ) ) ;
#6019 = CARTESIAN_POINT ( 'NONE',  ( 2.628829549486175310, 17.50000000000000000, -64.99999999999771205 ) ) ;
#6020 = CARTESIAN_POINT ( 'NONE',  ( -19.99999999999999645, -5.569980492216207502, -59.94533819922087758 ) ) ;
#6021 = ORIENTED_EDGE ( 'NONE', *, *, #8049, .F. ) ;
#6022 = ORIENTED_EDGE ( 'NONE', *, *, #101, .F. ) ;
#6023 = CARTESIAN_POINT ( 'NONE',  ( -2.496385651772890402, 15.50000000000000000, -61.99999457710654838 ) ) ;
#6024 = CARTESIAN_POINT ( 'NONE',  ( -37.60503081567537720, -40.44339918334740247, -209.5393751389043189 ) ) ;
#6025 = CARTESIAN_POINT ( 'NONE',  ( 19.39509681160230059, -64.82863490585252464, -152.9426571329644844 ) ) ;
#6026 = AXIS2_PLACEMENT_3D ( 'NONE', #7321, #1060, #7189 ) ;
#6027 = CARTESIAN_POINT ( 'NONE',  ( -12.81294799127019957, 17.50000000000000000, -53.09066714287029498 ) ) ;
#6028 = DIRECTION ( 'NONE',  ( 1.000000000000000000, -0.000000000000000000, 0.000000000000000000 ) ) ;
#6029 = CARTESIAN_POINT ( 'NONE',  ( 14.06693661980845889, 16.86791291158742823, -27.07138807506009925 ) ) ;
#6030 = APPROVAL_DATE_TIME ( #8149, #5243 ) ;
#6031 = AXIS2_PLACEMENT_3D ( 'NONE', #7727, #6952, #691 ) ;
#6032 = DIRECTION ( 'NONE',  ( 0.000000000000000000, -0.9396926207859087610, 0.3420201433256677137 ) ) ;
#6033 = B_SPLINE_CURVE_WITH_KNOTS ( 'NONE', 3,
 ( #7390, #4478, #7264, #3752 ),
 .UNSPECIFIED., .F., .F.,
 ( 4, 4 ),
 ( 0.6881731212289936561, 1.000000000000000000 ),
 .UNSPECIFIED. ) ;
#6034 = VERTEX_POINT ( 'NONE', #8680 ) ;
#6035 = CARTESIAN_POINT ( 'NONE',  ( 12.69660028920157124, 14.71082538044829313, -27.38424452530649233 ) ) ;
#6036 = EDGE_LOOP ( 'NONE', ( #8288, #2441 ) ) ;
#6037 = CARTESIAN_POINT ( 'NONE',  ( -12.26967145349126653, 11.09159961416719753, -43.29999102047115400 ) ) ;
#6038 = AXIS2_PLACEMENT_3D ( 'NONE', #5162, #5941, #1658 ) ;
#6039 = CARTESIAN_POINT ( 'NONE',  ( 3.499424974563744684, 15.50000000000000000, -61.92980032768974041 ) ) ;
#6040 = ORIENTED_EDGE ( 'NONE', *, *, #396, .F. ) ;
#6041 = CARTESIAN_POINT ( 'NONE',  ( -11.91649198606180349, 15.49999999999996447, -26.48298266444313498 ) ) ;
#6042 = CARTESIAN_POINT ( 'NONE',  ( 7.500000000000000000, -15.00000000000000000, -29.00000000000000000 ) ) ;
#6043 = CARTESIAN_POINT ( 'NONE',  ( -12.56594084443475445, 15.50000000000000178, -51.03115948850214068 ) ) ;
#6044 = EDGE_LOOP ( 'NONE', ( #2897, #6704, #8347, #7870 ) ) ;
#6045 = CARTESIAN_POINT ( 'NONE',  ( -9.313094180502871287E-16, -24.22710443528540480, -67.71577926683548299 ) ) ;
#6046 = DIRECTION ( 'NONE',  ( 0.000000000000000000, 0.000000000000000000, -1.000000000000000000 ) ) ;
#6047 = EDGE_CURVE ( 'NONE', #8048, #705, #8602, .T. ) ;
#6048 = CARTESIAN_POINT ( 'NONE',  ( 10.89180416532562212, 10.49999999999996803, -28.23663506533856093 ) ) ;
#6049 = CARTESIAN_POINT ( 'NONE',  ( 34.94797589191988152, -46.09709989986411927, -209.6101389018120926 ) ) ;
#6050 = CARTESIAN_POINT ( 'NONE',  ( 13.09167419532784571, 15.49999999999996625, -27.32241891062135863 ) ) ;
#6051 = FACE_OUTER_BOUND ( 'NONE', #8098, .T. ) ;
#6052 = ORIENTED_EDGE ( 'NONE', *, *, #2656, .F. ) ;
#6053 = CARTESIAN_POINT ( 'NONE',  ( 15.00000000000000355, -7.011872312450474709, 25.70895527601439312 ) ) ;
#6054 = ORIENTED_EDGE ( 'NONE', *, *, #8426, .F. ) ;
#6055 = DIRECTION ( 'NONE',  ( 0.000000000000000000, 0.000000000000000000, -1.000000000000000000 ) ) ;
#6056 = CARTESIAN_POINT ( 'NONE',  ( 9.039248793406070348, 17.49999999999999289, -59.70048727184916260 ) ) ;
#6057 = CARTESIAN_POINT ( 'NONE',  ( 20.00000000000000355, -20.09971187473740883, -70.62740308180843840 ) ) ;
#6058 = LINE ( 'NONE', #8815, #2091 ) ;
#6059 = CARTESIAN_POINT ( 'NONE',  ( -35.00000000000000711, -5.000000000000000000, 24.00000000000000000 ) ) ;
#6060 = CARTESIAN_POINT ( 'NONE',  ( 2.628829549486178419, -17.50000000000000000, -64.99999999999771205 ) ) ;
#6061 = VERTEX_POINT ( 'NONE', #6091 ) ;
#6062 = CARTESIAN_POINT ( 'NONE',  ( 2.585786437626877987, 1.099358522526713511, -64.21489361127119366 ) ) ;
#6063 = LINE ( 'NONE', #4668, #3809 ) ;
#6064 = CARTESIAN_POINT ( 'NONE',  ( 20.81573672846502632, -48.06091451237325174, -130.4469170511258085 ) ) ;
#6065 = CARTESIAN_POINT ( 'NONE',  ( -6.514008745757507768, 17.50000000000000000, -61.62871104660980137 ) ) ;
#6066 = CARTESIAN_POINT ( 'NONE',  ( -5.176430753637890625, 15.49999999999997335, -61.26138567387385336 ) ) ;
#6067 = EDGE_CURVE ( 'NONE', #3042, #7808, #8803, .T. ) ;
#6068 = LINE ( 'NONE', #8283, #484 ) ;
#6069 = FACE_OUTER_BOUND ( 'NONE', #5054, .T. ) ;
#6070 = CALENDAR_DATE ( 2026, 29, 5 ) ;
#6071 = CIRCLE ( 'NONE', #1258, 1.549999999999997602 ) ;
#6072 = CARTESIAN_POINT ( 'NONE',  ( -14.69894768512086181, 17.50000000000000000, -56.83007210938727383 ) ) ;
#6073 = ORIENTED_EDGE ( 'NONE', *, *, #2948, .F. ) ;
#6074 = CARTESIAN_POINT ( 'NONE',  ( -19.41335343439592620, -64.86131375224795192, -153.0107294116360492 ) ) ;
#6075 = VERTEX_POINT ( 'NONE', #6140 ) ;
#6076 = CARTESIAN_POINT ( 'NONE',  ( 14.05533109952164139, -17.50000000000000000, -55.74763642950238562 ) ) ;
#6077 = CARTESIAN_POINT ( 'NONE',  ( -34.84440972380290447, -81.43846385692033607, -191.4260455206994891 ) ) ;
#6078 = CARTESIAN_POINT ( 'NONE',  ( 20.36366392597369313, -34.19821521915056906, -150.1681125939362005 ) ) ;
#6079 = ORIENTED_EDGE ( 'NONE', *, *, #2353, .T. ) ;
#6080 = VECTOR ( 'NONE', #4950, 1000.000000000000227 ) ;
#6081 = CARTESIAN_POINT ( 'NONE',  ( -15.06971349694538453, 17.50000000000000000, -30.30001151662691683 ) ) ;
#6082 = CARTESIAN_POINT ( 'NONE',  ( -35.00000000000000711, 5.000000000000000000, 24.00000000000000000 ) ) ;
#6083 = CARTESIAN_POINT ( 'NONE',  ( 7.500000000000000000, -15.00000000000000000, -1.000000000000001776 ) ) ;
#6084 = VERTEX_POINT ( 'NONE', #1123 ) ;
#6085 = DIRECTION ( 'NONE',  ( 0.000000000000000000, 0.000000000000000000, -1.000000000000000000 ) ) ;
#6086 = EDGE_CURVE ( 'NONE', #3767, #7625, #8082, .T. ) ;
#6087 = CIRCLE ( 'NONE', #1585, 160.2684435961459428 ) ;
#6088 = CARTESIAN_POINT ( 'NONE',  ( 10.89905067253805271, -2.499999999999995115, -56.83004891504475609 ) ) ;
#6089 = ADVANCED_FACE ( 'NONE', ( #2626 ), #1086, .F. ) ;
#6090 = CARTESIAN_POINT ( 'NONE',  ( 10.65842710451016018, 10.49999999999996980, -28.16461199702683516 ) ) ;
#6091 = CARTESIAN_POINT ( 'NONE',  ( 12.69940333415550704, 15.50038007851258826, -26.57190902770583207 ) ) ;
#6092 = CARTESIAN_POINT ( 'NONE',  ( -6.512030715900613664, 10.94672071724447093, -57.99434839851680579 ) ) ;
#6093 = CARTESIAN_POINT ( 'NONE',  ( -8.596159847228866724, 0.6036601424308946084, -59.32673158390839063 ) ) ;
#6094 = CARTESIAN_POINT ( 'NONE',  ( 6.854269412690277896, 15.49999999999997868, -60.33198562682375865 ) ) ;
#6095 = AXIS2_PLACEMENT_3D ( 'NONE', #7627, #617, #4736 ) ;
#6096 = EDGE_CURVE ( 'NONE', #5729, #6712, #8842, .T. ) ;
#6097 = ORIENTED_EDGE ( 'NONE', *, *, #3532, .F. ) ;
#6098 = FACE_OUTER_BOUND ( 'NONE', #7635, .T. ) ;
#6099 = CARTESIAN_POINT ( 'NONE',  ( -2.972293729198319134, 17.50000000000000000, -65.00000020697903835 ) ) ;
#6100 = CARTESIAN_POINT ( 'NONE',  ( 12.30151488512836977, 17.49999999999999645, -54.77124834955274935 ) ) ;
#6101 = CARTESIAN_POINT ( 'NONE',  ( 20.86064723394891374, -19.23637148641074290, -126.7456901512457392 ) ) ;
#6102 = AXIS2_PLACEMENT_3D ( 'NONE', #3272, #6826, #7472 ) ;
#6103 = AXIS2_PLACEMENT_3D ( 'NONE', #6973, #8221, #620 ) ;
#6104 = CARTESIAN_POINT ( 'NONE',  ( 9.216356856606287451, 17.50000000000000355, -59.50741443225589933 ) ) ;
#6105 = CARTESIAN_POINT ( 'NONE',  ( -2.585786437626906409, 1.099358522526718618, -64.21489361127117945 ) ) ;
#6106 = ADVANCED_FACE ( 'NONE', ( #8889 ), #5418, .F. ) ;
#6107 = ORIENTED_EDGE ( 'NONE', *, *, #1069, .F. ) ;
#6108 = EDGE_LOOP ( 'NONE', ( #3788, #1443, #143, #7735 ) ) ;
#6109 = CARTESIAN_POINT ( 'NONE',  ( -6.715942950174989434, 15.50000000000000000, -60.23707731224095596 ) ) ;
#6110 = DIRECTION ( 'NONE',  ( -0.000000000000000000, 1.000000000000000000, -0.000000000000000000 ) ) ;
#6111 = CARTESIAN_POINT ( 'NONE',  ( 6.121320343559611743, -2.389880768162973901, -65.82710801658625144 ) ) ;
#6112 = CARTESIAN_POINT ( 'NONE',  ( 15.43939209603072449, -47.78870517414818408, -117.2222554140653870 ) ) ;
#6113 = EDGE_CURVE ( 'NONE', #2475, #5221, #8123, .T. ) ;
#6114 = CARTESIAN_POINT ( 'NONE',  ( -6.816957383017464345, 17.50000000000000000, -61.41674023659796688 ) ) ;
#6115 = CARTESIAN_POINT ( 'NONE',  ( -2.819002020825384758, 15.49999999999997335, -61.98570065359121628 ) ) ;
#6116 = CARTESIAN_POINT ( 'NONE',  ( 7.487750580863825611, 1.504017256981950990, -59.24431934128932653 ) ) ;
#6117 = CARTESIAN_POINT ( 'NONE',  ( 13.45162265494124654, 15.50000000000000355, -27.72968907664560589 ) ) ;
#6118 = COORDINATED_UNIVERSAL_TIME_OFFSET ( 8, 0, .AHEAD. ) ;
#6119 = CARTESIAN_POINT ( 'NONE',  ( 9.321145082770220469, 17.50000000000000000, -62.18700105049420301 ) ) ;
#6120 = EDGE_LOOP ( 'NONE', ( #4166, #4914, #4540, #8684 ) ) ;
#6121 = CARTESIAN_POINT ( 'NONE',  ( -27.78144420010136173, -78.64463247784257760, -181.6595264419992475 ) ) ;
#6122 = EDGE_CURVE ( 'NONE', #7919, #3481, #8936, .T. ) ;
#6123 = CARTESIAN_POINT ( 'NONE',  ( 8.180775553648047094, -17.50000000000000000, -63.10280986974474615 ) ) ;
#6124 = CARTESIAN_POINT ( 'NONE',  ( -34.92220486190140605, -42.65083887231789106, -210.8644753353492547 ) ) ;
#6125 = B_SPLINE_CURVE_WITH_KNOTS ( 'NONE', 3,
 ( #5246, #1780, #8845, #7427, #8174, #6698, #3227, #8124, #3962, #6742 ),
 .UNSPECIFIED., .F., .F.,
 ( 4, 2, 2, 2, 4 ),
 ( 0.000000000000000000, 0.0005607929208794685530, 0.001121585841758937106, 0.001682378762638405550, 0.002243171683517874212 ),
 .UNSPECIFIED. ) ;
#6126 = CARTESIAN_POINT ( 'NONE',  ( 20.27750344803643046, -11.48658698652370624, -92.73470690125620308 ) ) ;
#6127 = ORIENTED_EDGE ( 'NONE', *, *, #4555, .F. ) ;
#6128 = EDGE_CURVE ( 'NONE', #7219, #6256, #2189, .T. ) ;
#6129 =( NAMED_UNIT ( * ) SI_UNIT ( $, .STERADIAN. ) SOLID_ANGLE_UNIT ( ) );
#6130 = DIRECTION ( 'NONE',  ( 0.000000000000000000, 0.000000000000000000, 1.000000000000000000 ) ) ;
#6131 = CARTESIAN_POINT ( 'NONE',  ( -13.39265409693881459, 17.49999999999999645, -26.47519753837663004 ) ) ;
#6132 = CARTESIAN_POINT ( 'NONE',  ( 20.43586528496511789, -43.34714623733795946, -120.5004148487713138 ) ) ;
#6133 = CARTESIAN_POINT ( 'NONE',  ( -12.89158422369121837, 15.50000000000000178, -50.10082689560307045 ) ) ;
#6134 = EDGE_LOOP ( 'NONE', ( #3748, #4665, #7789, #8905 ) ) ;
#6135 = CIRCLE ( 'NONE', #2204, 20.00000000000000000 ) ;
#6136 = CARTESIAN_POINT ( 'NONE',  ( -9.794850770317291122, 4.886110965257663530, 29.68711580811065431 ) ) ;
#6137 = AXIS2_PLACEMENT_3D ( 'NONE', #3967, #4653, #575 ) ;
#6138 = CARTESIAN_POINT ( 'NONE',  ( -2.585786437626905965, 1.099358522526704185, -64.21489361127119366 ) ) ;
#6139 = CARTESIAN_POINT ( 'NONE',  ( 11.20443224755814882, 10.49999999999996803, -28.38042721185640715 ) ) ;
#6140 = CARTESIAN_POINT ( 'NONE',  ( -29.68410705484147272, -38.48283812885057387, -201.7397258176119124 ) ) ;
#6141 = CARTESIAN_POINT ( 'NONE',  ( 15.00000000000000355, 3.234777356430490247, 24.81248959086564199 ) ) ;
#6142 = CARTESIAN_POINT ( 'NONE',  ( -9.522096153077109548, -0.8715173882866636967, -61.65543891584922420 ) ) ;
#6143 = CARTESIAN_POINT ( 'NONE',  ( 12.49349327153314704, 15.49999999999997335, -51.87757372915415033 ) ) ;
#6144 = AXIS2_PLACEMENT_3D ( 'NONE', #6658, #261, #953 ) ;
#6145 = VERTEX_POINT ( 'NONE', #6923 ) ;
#6146 = EDGE_LOOP ( 'NONE', ( #4857, #2335, #4365, #5996 ) ) ;
#6147 = DIRECTION ( 'NONE',  ( -1.000000000000000000, -0.000000000000000000, -0.000000000000000000 ) ) ;
#6148 = CARTESIAN_POINT ( 'NONE',  ( 29.91050379244916257, -38.54032489095537528, -201.9612315782472933 ) ) ;
#6149 = CARTESIAN_POINT ( 'NONE',  ( 10.79195559758684730, 17.49999999999999645, -57.47084747462828602 ) ) ;
#6150 = DIRECTION ( 'NONE',  ( 0.000000000000000000, -0.9396926207859103153, 0.3420201433256636614 ) ) ;
#6151 = CARTESIAN_POINT ( 'NONE',  ( 10.24078117863032666, 17.50000000000000000, -58.26243167394224542 ) ) ;
#6152 = FACE_OUTER_BOUND ( 'NONE', #2338, .T. ) ;
#6153 = CARTESIAN_POINT ( 'NONE',  ( -6.121320343559649046, -2.389880768162972124, -65.82710801658623723 ) ) ;
#6154 = ORIENTED_EDGE ( 'NONE', *, *, #8399, .F. ) ;
#6155 = ORIENTED_EDGE ( 'NONE', *, *, #7914, .T. ) ;
#6156 = CARTESIAN_POINT ( 'NONE',  ( 34.99999999999999289, 5.000000000000000000, 24.00000000000000000 ) ) ;
#6157 = CARTESIAN_POINT ( 'NONE',  ( 16.98941819139303178, -58.33339424804501760, -139.3551180157678004 ) ) ;
#6158 = CARTESIAN_POINT ( 'NONE',  ( 11.63986663021758083, 15.50000000000000000, -53.83419801639397662 ) ) ;
#6159 = CARTESIAN_POINT ( 'NONE',  ( 7.500000000000000000, -15.00000000000000000, -30.55000000000000071 ) ) ;
#6160 = CARTESIAN_POINT ( 'NONE',  ( 6.745006416667588489, 2.432728123914987162, -59.30343731255762663 ) ) ;
#6161 = CARTESIAN_POINT ( 'NONE',  ( 12.70798033993772336, 14.74134462837684190, -27.37793825496077460 ) ) ;
#6162 = DATE_AND_TIME ( #6070, #6276 ) ;
#6163 = ADVANCED_FACE ( 'NONE', ( #7699 ), #6971, .T. ) ;
#6164 = CARTESIAN_POINT ( 'NONE',  ( 13.62859902082432484, 17.50000000000000000, -56.57848687999777582 ) ) ;
#6165 = ORIENTED_EDGE ( 'NONE', *, *, #7172, .T. ) ;
#6166 = CARTESIAN_POINT ( 'NONE',  ( -12.26965967419326198, -2.499999999999995115, -30.29999102047650084 ) ) ;
#6167 = VECTOR ( 'NONE', #493, 1000.000000000000114 ) ;
#6168 = VERTEX_POINT ( 'NONE', #1303 ) ;
#6169 = CARTESIAN_POINT ( 'NONE',  ( -7.401879040722716852, 11.09159961416719753, -57.56321300287648768 ) ) ;
#6170 = EDGE_CURVE ( 'NONE', #5025, #880, #6087, .T. ) ;
#6171 = CARTESIAN_POINT ( 'NONE',  ( 2.628826828018822503, 15.50000000000000178, -61.99999999999894840 ) ) ;
#6172 = CARTESIAN_POINT ( 'NONE',  ( 20.00000000000000355, -22.25848969181438974, -69.83388418342812543 ) ) ;
#6173 = EDGE_LOOP ( 'NONE', ( #4763, #8919 ) ) ;
#6174 = CARTESIAN_POINT ( 'NONE',  ( -15.43343724339529821, -47.54243059058514831, -116.7047953767799839 ) ) ;
#6175 = PERSON_AND_ORGANIZATION ( #5299, #8168 ) ;
#6176 = AXIS2_PLACEMENT_3D ( 'NONE', #4209, #4903, #6267 ) ;
#6177 = CARTESIAN_POINT ( 'NONE',  ( -14.62087425246843253, 17.50000000000000355, -28.18638981690552825 ) ) ;
#6178 = CARTESIAN_POINT ( 'NONE',  ( 29.68410705484173917, -80.89787048455848151, -186.3019165546994032 ) ) ;
#6179 = CARTESIAN_POINT ( 'NONE',  ( -11.10543080211508915, 15.50000000000000355, -54.41491062878348828 ) ) ;
#6180 = ORIENTED_EDGE ( 'NONE', *, *, #4313, .F. ) ;
#6181 = EDGE_CURVE ( 'NONE', #6084, #1285, #8305, .T. ) ;
#6182 = CARTESIAN_POINT ( 'NONE',  ( 30.08238769530782264, -81.11546978712416944, -186.7591255024923669 ) ) ;
#6183 = APPROVAL ( #2244, 'UNKNOWN' ) ;
#6184 = CARTESIAN_POINT ( 'NONE',  ( -5.134986138358408780, 17.49999999999998934, -62.39164815018975219 ) ) ;
#6185 = AXIS2_PLACEMENT_3D ( 'NONE', #6782, #8303, #7648 ) ;
#6186 = CARTESIAN_POINT ( 'NONE',  ( -10.76891266049859297, 10.49999999999996980, -28.29210550017432269 ) ) ;
#6187 = CARTESIAN_POINT ( 'NONE',  ( 10.70048106050638737, 10.49999999999997513, -28.17590031036745657 ) ) ;
#6188 = CARTESIAN_POINT ( 'NONE',  ( 34.91274668264620828, -41.14005366794153673, -211.6649242210554291 ) ) ;
#6189 = CYLINDRICAL_SURFACE ( 'NONE', #7603, 2.999999999999995559 ) ;
#6190 = FACE_OUTER_BOUND ( 'NONE', #6455, .T. ) ;
#6191 = CARTESIAN_POINT ( 'NONE',  ( 7.424271288113958533, 15.49999999999996980, -59.86167955104000526 ) ) ;
#6192 = CARTESIAN_POINT ( 'NONE',  ( 4.894215919573015050, 10.92562948101555342, -59.47186186713685174 ) ) ;
#6193 = VERTEX_POINT ( 'NONE', #2906 ) ;
#6194 = DIRECTION ( 'NONE',  ( -0.000000000000000000, -0.3420201433256637169, -0.9396926207859102043 ) ) ;
#6195 = EDGE_CURVE ( 'NONE', #6575, #8152, #8446, .T. ) ;
#6196 = CARTESIAN_POINT ( 'NONE',  ( -4.717761877442185003, 17.50000000000000000, -64.67135549331895561 ) ) ;
#6197 = CARTESIAN_POINT ( 'NONE',  ( -6.681339677352928774, 17.50000000000000711, -61.51295069200676835 ) ) ;
#6198 = CARTESIAN_POINT ( 'NONE',  ( 30.80137401086659565, -40.35335060263153650, -188.9456659533702805 ) ) ;
#6199 = LINE ( 'NONE', #5521, #3514 ) ;
#6200 = CARTESIAN_POINT ( 'NONE',  ( 13.33996820248068893, 17.49999999999999645, -26.21078295898503185 ) ) ;
#6201 = ORIENTED_EDGE ( 'NONE', *, *, #2575, .T. ) ;
#6202 = EDGE_LOOP ( 'NONE', ( #402, #6390 ) ) ;
#6203 = CARTESIAN_POINT ( 'NONE',  ( -32.22802183744434501, -83.86782332355599578, -192.4209681834469166 ) ) ;
#6204 = ORIENTED_EDGE ( 'NONE', *, *, #4571, .T. ) ;
#6205 = CARTESIAN_POINT ( 'NONE',  ( 1.171572875253778401, -2.507835412820889065, -66.15118573930365642 ) ) ;
#6206 = FACE_BOUND ( 'NONE', #2513, .T. ) ;
#6207 = EDGE_CURVE ( 'NONE', #4187, #3671, #4645, .T. ) ;
#6208 = CARTESIAN_POINT ( 'NONE',  ( 21.98442188496627736, -69.98121549877500058, -163.6872867862274745 ) ) ;
#6209 = CARTESIAN_POINT ( 'NONE',  ( -7.055232130781146971, 17.50000000000000000, -61.24076299492262621 ) ) ;
#6210 = CARTESIAN_POINT ( 'NONE',  ( -4.730310202229061289, 15.49999999999996270, -61.47714957988983286 ) ) ;
#6211 = DIRECTION ( 'NONE',  ( 0.000000000000000000, 0.000000000000000000, -1.000000000000000000 ) ) ;
#6212 = CARTESIAN_POINT ( 'NONE',  ( 16.84820845646925136, 17.50000000000000000, -47.98695618760326198 ) ) ;
#6213 = APPROVAL_ROLE ( '' ) ;
#6214 = B_SPLINE_CURVE_WITH_KNOTS ( 'NONE', 3,
 ( #1564, #4303, #7127, #2978 ),
 .UNSPECIFIED., .F., .F.,
 ( 4, 4 ),
 ( 0.000000000000000000, 1.000000000000000000 ),
 .UNSPECIFIED. ) ;
#6215 = EDGE_CURVE ( 'NONE', #3617, #3486, #7099, .T. ) ;
#6216 = CARTESIAN_POINT ( 'NONE',  ( 13.74418422530875183, 17.50000000000000000, -56.35770891861618281 ) ) ;
#6217 = ORIENTED_EDGE ( 'NONE', *, *, #3271, .F. ) ;
#6218 = CARTESIAN_POINT ( 'NONE',  ( 34.82906823473425817, -42.95037330385847696, -200.1136759933738745 ) ) ;
#6219 = EDGE_LOOP ( 'NONE', ( #3110, #75 ) ) ;
#6220 = CARTESIAN_POINT ( 'NONE',  ( 6.000000000000000000, 46.90830655305971675, -3.100125211048226692 ) ) ;
#6221 = B_SPLINE_CURVE_WITH_KNOTS ( 'NONE', 3,
 ( #7002, #5636, #748, #1396, #3534, #6321, #4267, #703, #6132, #5592, #1491, #62, #2661, #7049, #8435, #4171, #2706, #4126, #3492, #7554, #4958, #2026, #5545, #4819 ),
 .UNSPECIFIED., .F., .F.,
 ( 4, 2, 2, 2, 2, 2, 2, 2, 2, 2, 2, 4 ),
 ( 0.000000000000000000, 0.03302165192392598342, 0.04953247788588900635, 0.05366018437637975341, 0.05572403762162511653, 0.05778789086687047966, 0.06604330384785209174, 0.08255412980981538529, 0.09080954279079697655, 0.09906495577177856782, 0.1155757817337416810, 0.1320866076957047941 ),
 .UNSPECIFIED. ) ;
#6222 = CARTESIAN_POINT ( 'NONE',  ( -34.97714906870680096, -74.54308601797751521, -199.2566466704720938 ) ) ;
#6223 = EDGE_CURVE ( 'NONE', #8302, #7040, #3383, .T. ) ;
#6224 = CARTESIAN_POINT ( 'NONE',  ( 20.16302335543610269, -33.88377334773858252, -103.5629685011517296 ) ) ;
#6225 = ORIENTED_EDGE ( 'NONE', *, *, #5468, .T. ) ;
#6226 =( LENGTH_UNIT ( ) NAMED_UNIT ( * ) SI_UNIT ( .MILLI., .METRE. ) );
#6227 = AXIS2_PLACEMENT_3D ( 'NONE', #3387, #2738, #1968 ) ;
#6228 = CARTESIAN_POINT ( 'NONE',  ( -7.500000000000000000, -2.499999999999998668, -29.00000000000000000 ) ) ;
#6229 = CARTESIAN_POINT ( 'NONE',  ( 15.25002437786937826, 17.50000000000000000, -45.01033458288743816 ) ) ;
#6230 = CARTESIAN_POINT ( 'NONE',  ( -13.81128433816885881, 15.49999999999997868, -28.84901690385340345 ) ) ;
#6231 = PLANE ( 'NONE',  #8442 ) ;
#6232 = CARTESIAN_POINT ( 'NONE',  ( -10.04959639122359327, 15.50000000000000355, -56.36651830574331257 ) ) ;
#6233 = VERTEX_POINT ( 'NONE', #3053 ) ;
#6234 = DIRECTION ( 'NONE',  ( 0.000000000000000000, 0.000000000000000000, 1.000000000000000000 ) ) ;
#6235 = CARTESIAN_POINT ( 'NONE',  ( -30.08418492239224662, -38.74566995212242659, -202.7853428602278143 ) ) ;
#6236 = AXIS2_PLACEMENT_3D ( 'NONE', #5350, #377, #8870 ) ;
#6237 = CARTESIAN_POINT ( 'NONE',  ( 10.81775580483354027, 10.49999999999996803, -28.21092351714560564 ) ) ;
#6238 = CARTESIAN_POINT ( 'NONE',  ( 34.99999999999999289, -42.95207384437923537, -218.2040791793328651 ) ) ;
#6239 = CARTESIAN_POINT ( 'NONE',  ( -15.41218078196932950, -18.77956823122882923, -124.9855535772880728 ) ) ;
#6240 = CARTESIAN_POINT ( 'NONE',  ( -7.500000000000000000, -15.00000000000000000, -4.000000000000000888 ) ) ;
#6241 = CARTESIAN_POINT ( 'NONE',  ( 15.41224798084164327, -18.78122390011177245, -124.9919331363701644 ) ) ;
#6242 = AXIS2_PLACEMENT_3D ( 'NONE', #1197, #1489, #7997 ) ;
#6243 = CARTESIAN_POINT ( 'NONE',  ( 12.85951199980558002, 15.49999999999997158, -50.92551569943712053 ) ) ;
#6244 = DIRECTION ( 'NONE',  ( 0.000000000000000000, -0.08715574274765917895, -0.9961946980917455452 ) ) ;
#6245 = VERTEX_POINT ( 'NONE', #3734 ) ;
#6246 = DIRECTION ( 'NONE',  ( 0.000000000000000000, 0.08715574274765917895, 0.9961946980917454342 ) ) ;
#6247 = CARTESIAN_POINT ( 'NONE',  ( -15.62201421180483152, 17.50000000000000000, -51.45126163740832936 ) ) ;
#6248 = CARTESIAN_POINT ( 'NONE',  ( -7.135777867847719058, 17.50000000000001066, -61.17898715007510901 ) ) ;
#6249 = CARTESIAN_POINT ( 'NONE',  ( 30.01735572801322860, -38.70205173035153479, -202.6118176170341201 ) ) ;
#6250 = EDGE_CURVE ( 'NONE', #3833, #6669, #6514, .T. ) ;
#6251 = CARTESIAN_POINT ( 'NONE',  ( 11.12329351938003263, 17.50000000000000711, -56.94772411234684029 ) ) ;
#6252 = APPROVAL_DATE_TIME ( #3654, #8376 ) ;
#6253 = CARTESIAN_POINT ( 'NONE',  ( 10.50524704786322516, -0.4483730311880859687, -60.48341561896668139 ) ) ;
#6254 = CARTESIAN_POINT ( 'NONE',  ( -3.690597372705125778, -1.753024956440107474, -64.07736105442918983 ) ) ;
#6255 = CARTESIAN_POINT ( 'NONE',  ( -32.94873743523491072, -74.08551065792718759, -183.3192684795123455 ) ) ;
#6256 = VERTEX_POINT ( 'NONE', #160 ) ;
#6257 = CARTESIAN_POINT ( 'NONE',  ( -11.57501286595978129, 15.50000000000000178, -53.41357247438273248 ) ) ;
#6258 = DIRECTION ( 'NONE',  ( 1.000000000000000000, -0.000000000000000000, 0.000000000000000000 ) ) ;
#6259 = CARTESIAN_POINT ( 'NONE',  ( -30.39505417601015225, -81.36334310202700237, -187.2799447154048380 ) ) ;
#6260 = CARTESIAN_POINT ( 'NONE',  ( -17.06974095178198070, 17.50000000000000000, 0.000000000000000000 ) ) ;
#6261 = CIRCLE ( 'NONE', #3491, 1.549999999999996714 ) ;
#6262 = CARTESIAN_POINT ( 'NONE',  ( -34.81962382432921999, -81.24145390108296283, -190.2748799409658602 ) ) ;
#6263 = CARTESIAN_POINT ( 'NONE',  ( 14.32782294323413907, 15.50000000000000178, -30.29998938949681531 ) ) ;
#6264 = CARTESIAN_POINT ( 'NONE',  ( -12.19685835431131515, 15.50000000000000000, -26.80205124516475834 ) ) ;
#6265 = CARTESIAN_POINT ( 'NONE',  ( 16.26315605642377093, 17.50000000000000355, -50.18322190694546947 ) ) ;
#6266 = ORIENTED_EDGE ( 'NONE', *, *, #1062, .F. ) ;
#6267 = DIRECTION ( 'NONE',  ( 0.000000000000000000, 0.000000000000000000, -1.000000000000000000 ) ) ;
#6268 = AXIS2_PLACEMENT_3D ( 'NONE', #5416, #4039, #6738 ) ;
#6269 = ORIENTED_EDGE ( 'NONE', *, *, #2880, .F. ) ;
#6270 = CARTESIAN_POINT ( 'NONE',  ( -7.500000000000000000, -2.499999999999998668, -32.00000000000000000 ) ) ;
#6271 = LINE ( 'NONE', #1484, #3616 ) ;
#6272 = CARTESIAN_POINT ( 'NONE',  ( 20.00000000000001776, -26.54932397785254850, -106.2324897565227104 ) ) ;
#6273 = ORIENTED_EDGE ( 'NONE', *, *, #7834, .T. ) ;
#6274 = ADVANCED_FACE ( 'NONE', ( #7989 ), #2219, .F. ) ;
#6275 = PERSON_AND_ORGANIZATION_ROLE ( 'classification_officer' ) ;
#6276 = LOCAL_TIME ( 17, 12, 35.00000000000000000, #6857 ) ;
#6277 = CARTESIAN_POINT ( 'NONE',  ( -2.370661744665629733, 13.99999999999998757, -61.39999999999957936 ) ) ;
#6278 = EDGE_CURVE ( 'NONE', #6774, #8247, #7270, .T. ) ;
#6279 = DIRECTION ( 'NONE',  ( -9.060998507041312686E-07, 0.000000000000000000, 0.9999999999995895505 ) ) ;
#6280 = CARTESIAN_POINT ( 'NONE',  ( -7.996425667088123745, 17.50000000000000000, -63.03855554797553395 ) ) ;
#6281 = EDGE_LOOP ( 'NONE', ( #6489, #2463, #887, #8615 ) ) ;
#6282 = CARTESIAN_POINT ( 'NONE',  ( -6.000000000000001776, 57.18184671051506029, -30.39443944768758854 ) ) ;
#6283 = CARTESIAN_POINT ( 'NONE',  ( -34.85886516022439707, -42.96830901834298544, -200.1913630158061892 ) ) ;
#6284 = DIRECTION ( 'NONE',  ( 1.000000000000000000, 0.000000000000000000, 0.000000000000000000 ) ) ;
#6285 = CARTESIAN_POINT ( 'NONE',  ( -10.72986197370035555, 10.49999999999996803, -28.27507032225648231 ) ) ;
#6286 = CARTESIAN_POINT ( 'NONE',  ( 13.21761924747403150, 15.50000000000000178, -27.45257624195111035 ) ) ;
#6287 = DIRECTION ( 'NONE',  ( 0.000000000000000000, 0.000000000000000000, 1.000000000000000000 ) ) ;
#6288 = CARTESIAN_POINT ( 'NONE',  ( -15.45704984779096058, -19.81557683233132039, -128.9774617107507027 ) ) ;
#6289 = CARTESIAN_POINT ( 'NONE',  ( -10.50524704786323404, -0.4483730311880686492, -60.48341561896673824 ) ) ;
#6290 = CARTESIAN_POINT ( 'NONE',  ( 18.45093677310542901, -28.01958147263586696, -160.6872464015722812 ) ) ;
#6291 = CARTESIAN_POINT ( 'NONE',  ( 6.998729180018618656, 15.49999999999996803, -60.21764296029172669 ) ) ;
#6292 = CARTESIAN_POINT ( 'NONE',  ( -15.40991172796190689, -18.72258120586140961, -124.7659733828535025 ) ) ;
#6293 = CARTESIAN_POINT ( 'NONE',  ( 3.061476349555740217, 10.90635582273615789, -60.16254642249913331 ) ) ;
#6294 = ORIENTED_EDGE ( 'NONE', *, *, #2014, .F. ) ;
#6295 = APPROVAL ( #7046, 'ๆช' ) ;
#6296 = CARTESIAN_POINT ( 'NONE',  ( -7.056524854631732957, 17.50000000000000000, -61.23958571522876326 ) ) ;
#6297 = CARTESIAN_POINT ( 'NONE',  ( 34.85886516022591763, -42.96830901834059091, -200.1913630158122714 ) ) ;
#6298 = COORDINATED_UNIVERSAL_TIME_OFFSET ( 8, 0, .AHEAD. ) ;
#6299 = CYLINDRICAL_SURFACE ( 'NONE', #1904, 5.000000000000000888 ) ;
#6300 = CARTESIAN_POINT ( 'NONE',  ( 15.32782294323374295, 17.50000000000000000, -30.29998848339698725 ) ) ;
#6301 = AXIS2_PLACEMENT_3D ( 'NONE', #669, #3414, #6244 ) ;
#6302 = CARTESIAN_POINT ( 'NONE',  ( 14.32783472253220935, 15.50000000000000178, -43.29998938949142939 ) ) ;
#6303 = EDGE_CURVE ( 'NONE', #4719, #8088, #3769, .T. ) ;
#6304 = ORIENTED_EDGE ( 'NONE', *, *, #3960, .T. ) ;
#6305 = ORIENTED_EDGE ( 'NONE', *, *, #7845, .T. ) ;
#6306 = CARTESIAN_POINT ( 'NONE',  ( -12.01925965605466295, 15.50000000000000711, -52.40112032938068154 ) ) ;
#6307 = FACE_OUTER_BOUND ( 'NONE', #6504, .T. ) ;
#6308 = CARTESIAN_POINT ( 'NONE',  ( 30.08418492239218267, -81.36863930633688824, -187.2718507192565198 ) ) ;
#6309 = CARTESIAN_POINT ( 'NONE',  ( 9.277041029735993760, 15.50000000000000178, -57.88048254281541460 ) ) ;
#6310 = DIRECTION ( 'NONE',  ( 0.000000000000000000, 0.9396926207859087610, -0.3420201433256677692 ) ) ;
#6311 = B_SPLINE_CURVE_WITH_KNOTS ( 'NONE', 3,
 ( #8322, #7622, #80, #1370 ),
 .UNSPECIFIED., .F., .F.,
 ( 4, 4 ),
 ( 0.000000000000000000, 2.405718860677649564E-06 ),
 .UNSPECIFIED. ) ;
#6312 = CARTESIAN_POINT ( 'NONE',  ( 15.04515657873359480, 17.49999999999999645, -53.55651209941243707 ) ) ;
#6313 = DIRECTION ( 'NONE',  ( -0.000000000000000000, 0.000000000000000000, 1.000000000000000000 ) ) ;
#6314 = ORIENTED_EDGE ( 'NONE', *, *, #2403, .F. ) ;
#6315 = CARTESIAN_POINT ( 'NONE',  ( 2.628829549486175310, -17.50000000000000000, -64.99999999999771205 ) ) ;
#6316 = CARTESIAN_POINT ( 'NONE',  ( -7.500000000000000000, -2.499999999999998668, -1.000000000000005329 ) ) ;
#6317 = CARTESIAN_POINT ( 'NONE',  ( 15.00160381514496244, -6.001819028029205860, -75.75082626197695390 ) ) ;
#6318 = VERTEX_POINT ( 'NONE', #2268 ) ;
#6319 = COORDINATED_UNIVERSAL_TIME_OFFSET ( 8, 0, .AHEAD. ) ;
#6320 = CARTESIAN_POINT ( 'NONE',  ( 12.25659752704728511, 17.50000000000000000, -54.86304884255198289 ) ) ;
#6321 = CARTESIAN_POINT ( 'NONE',  ( 20.39217603954496028, -41.59323018972947494, -116.7641511350406205 ) ) ;
#6322 = CARTESIAN_POINT ( 'NONE',  ( -9.943792422281452659, 17.50000000000000000, -61.39399690780718544 ) ) ;
#6323 = ORIENTED_EDGE ( 'NONE', *, *, #1770, .F. ) ;
#6324 = CARTESIAN_POINT ( 'NONE',  ( -7.500000000000000000, -2.499999999999998668, -4.000000000000000888 ) ) ;
#6325 = CARTESIAN_POINT ( 'NONE',  ( 4.631483886409463402, 10.49999999999996803, -59.42328273263825622 ) ) ;
#6326 = AXIS2_PLACEMENT_3D ( 'NONE', #329, #7934, #968 ) ;
#6327 = CARTESIAN_POINT ( 'NONE',  ( -6.000000000000000000, 13.13406198477822251, 26.22817453002327781 ) ) ;
#6328 = CARTESIAN_POINT ( 'NONE',  ( -10.66380646403371557, 10.49999999999996803, -28.24792216397889177 ) ) ;
#6329 = CARTESIAN_POINT ( 'NONE',  ( 11.20969408025750447, 15.50000000000000178, -26.24178657378148216 ) ) ;
#6330 = DIRECTION ( 'NONE',  ( 0.000000000000000000, -0.9396926207859102043, 0.3420201433256637169 ) ) ;
#6331 = CARTESIAN_POINT ( 'NONE',  ( 27.78144419671890830, -37.22484773944922409, -196.7350951978067997 ) ) ;
#6332 = FACE_OUTER_BOUND ( 'NONE', #5284, .T. ) ;
#6333 = CIRCLE ( 'NONE', #1532, 1.549999999999995826 ) ;
#6334 = CARTESIAN_POINT ( 'NONE',  ( -35.00000000000000711, -42.95207384437923537, -218.2040791793328651 ) ) ;
#6335 = ORIENTED_EDGE ( 'NONE', *, *, #6855, .F. ) ;
#6336 = CARTESIAN_POINT ( 'NONE',  ( -15.62201421180483152, -17.50000000000000000, -51.45126163740832936 ) ) ;
#6337 = EDGE_CURVE ( 'NONE', #4250, #411, #7703, .T. ) ;
#6338 = CARTESIAN_POINT ( 'NONE',  ( -6.352222716195427665, 17.49999999999999289, -61.73392787252528535 ) ) ;
#6339 = CARTESIAN_POINT ( 'NONE',  ( 17.80641696536051555, -27.10119640306325905, -157.1190047124252089 ) ) ;
#6340 = CARTESIAN_POINT ( 'NONE',  ( 10.74690912957396804, 17.50000000000000000, -57.54497282037023353 ) ) ;
#6341 = DIRECTION ( 'NONE',  ( -0.000000000000000000, 1.000000000000000000, -0.000000000000000000 ) ) ;
#6342 = CARTESIAN_POINT ( 'NONE',  ( 9.999999999999994671, -6.001819538171608848, -75.75082822763792478 ) ) ;
#6343 = ORIENTED_EDGE ( 'NONE', *, *, #1268, .T. ) ;
#6344 = CARTESIAN_POINT ( 'NONE',  ( -13.43896993456027467, 15.50000000000000000, -48.19532528056708998 ) ) ;
#6345 = CARTESIAN_POINT ( 'NONE',  ( -11.00000000000000178, 3.670556070168784046, 29.79346308132436860 ) ) ;
#6346 = PLANE ( 'NONE',  #8067 ) ;
#6347 = CARTESIAN_POINT ( 'NONE',  ( 2.628826828018821615, 15.50000000000000178, -61.99999999999894840 ) ) ;
#6348 = DIRECTION ( 'NONE',  ( -0.000000000000000000, 1.000000000000000000, -0.000000000000000000 ) ) ;
#6349 = PERSON_AND_ORGANIZATION ( #7044, #7894 ) ;
#6350 = DIRECTION ( 'NONE',  ( -5.898059818321143332E-15, -1.000000000000000000, 0.000000000000000000 ) ) ;
#6351 = LINE ( 'NONE', #4945, #7212 ) ;
#6352 = CARTESIAN_POINT ( 'NONE',  ( -12.37500501857227775, 17.50000000000001066, -54.06911747438596905 ) ) ;
#6353 = ORIENTED_EDGE ( 'NONE', *, *, #2865, .T. ) ;
#6354 = DIRECTION ( 'NONE',  ( 0.000000000000000000, -0.000000000000000000, -1.000000000000000000 ) ) ;
#6355 = CYLINDRICAL_SURFACE ( 'NONE', #7119, 180.2684435961459712 ) ;
#6356 = CARTESIAN_POINT ( 'NONE',  ( -14.70351265958596620, 17.50000000000000355, -47.09229549525861813 ) ) ;
#6357 = VERTEX_POINT ( 'NONE', #3816 ) ;
#6358 = APPROVAL_ROLE ( '' ) ;
#6359 = CARTESIAN_POINT ( 'NONE',  ( 13.73367255382341767, 17.50000000000000000, -51.44339451495763882 ) ) ;
#6360 = CARTESIAN_POINT ( 'NONE',  ( 15.48619206666383263, -49.01752822611732796, -119.8040657732177863 ) ) ;
#6362 = VECTOR ( 'NONE', #896, 1000.000000000000000 ) ;
#6361 = CARTESIAN_POINT ( 'NONE',  ( -13.10588907811458625, 17.49999999999999645, -57.06915551259449160 ) ) ;
#6363 = VERTEX_POINT ( 'NONE', #293 ) ;
#6364 = VERTEX_POINT ( 'NONE', #343 ) ;
#6365 = CARTESIAN_POINT ( 'NONE',  ( -12.26965967419325665, -2.499999999999995115, -30.29999102047650084 ) ) ;
#6366 = CARTESIAN_POINT ( 'NONE',  ( -30.28533802556579602, -38.87646434712262078, -203.3056788179838748 ) ) ;
#6367 = CARTESIAN_POINT ( 'NONE',  ( 7.076275137393134074, 10.49999999999996803, -57.40438969051033524 ) ) ;
#6368 = CIRCLE ( 'NONE', #828, 1.299999999999988720 ) ;
#6369 = CARTESIAN_POINT ( 'NONE',  ( -13.59286549832494728, 15.49999999999996803, -47.53258620031026283 ) ) ;
#6370 = CARTESIAN_POINT ( 'NONE',  ( 11.18419043657808842, 15.50000000000000178, -26.23494108187209761 ) ) ;
#6371 = CARTESIAN_POINT ( 'NONE',  ( 34.80779291230032868, -40.98653521679498368, -203.3516060298361197 ) ) ;
#6372 = CARTESIAN_POINT ( 'NONE',  ( -19.99999999999999645, -10.70278566687885302, -74.04760451506658114 ) ) ;
#6373 = CARTESIAN_POINT ( 'NONE',  ( -2.524389191876923011, 10.49999999999996803, -59.99715796053337158 ) ) ;
#6374 = DIRECTION ( 'NONE',  ( -9.060998566657749915E-07, 0.000000000000000000, 0.9999999999995894395 ) ) ;
#6375 = CARTESIAN_POINT ( 'NONE',  ( 11.00000000000000000, 8.184419670604349051, 25.52033206044445990 ) ) ;
#6376 = CARTESIAN_POINT ( 'NONE',  ( 14.32783478922126896, 15.49999999999995559, -43.80214572429741793 ) ) ;
#6377 = DIRECTION ( 'NONE',  ( 0.000000000000000000, -0.9029519115234984072, 0.4297416031478220599 ) ) ;
#6378 = CARTESIAN_POINT ( 'NONE',  ( -7.500000000000000000, -2.499999999999998668, -32.00000000000000000 ) ) ;
#6379 = EDGE_LOOP ( 'NONE', ( #8212, #4844 ) ) ;
#6380 = CARTESIAN_POINT ( 'NONE',  ( -7.370935403113763940, 17.50000000000000000, -60.99402066342706519 ) ) ;
#6381 = EDGE_CURVE ( 'NONE', #6364, #2793, #5016, .T. ) ;
#6382 = CARTESIAN_POINT ( 'NONE',  ( 30.08418492239521669, -38.74566995212622800, -202.7853428602425936 ) ) ;
#6383 = VECTOR ( 'NONE', #7042, 999.9999999999998863 ) ;
#6384 =( REPRESENTATION_RELATIONSHIP ('NONE','NONE', #4621, #4729 ) REPRESENTATION_RELATIONSHIP_WITH_TRANSFORMATION ( #3434 )SHAPE_REPRESENTATION_RELATIONSHIP( ) );
#6385 = CARTESIAN_POINT ( 'NONE',  ( 2.628825013707253966, -2.499999999999995115, -60.19999999999958362 ) ) ;
#6386 = CARTESIAN_POINT ( 'NONE',  ( 12.57569924391160399, 17.49999999999999645, -25.61913248653398156 ) ) ;
#6387 = FACE_OUTER_BOUND ( 'NONE', #3086, .T. ) ;
#6388 = EDGE_CURVE ( 'NONE', #7545, #633, #1939, .T. ) ;
#6389 = CARTESIAN_POINT ( 'NONE',  ( 6.601839938082056698E-14, -26.08180391718211766, -153.1222447169147642 ) ) ;
#6390 = ORIENTED_EDGE ( 'NONE', *, *, #8177, .F. ) ;
#6391 = CARTESIAN_POINT ( 'NONE',  ( -13.75387981752197142, 15.50000000000000000, -46.74428976434256811 ) ) ;
#6392 = LINE ( 'NONE', #1607, #1422 ) ;
#6393 = CARTESIAN_POINT ( 'NONE',  ( -31.63372036219282180, -82.48117086840292700, -189.6286694165039250 ) ) ;
#6394 = ORIENTED_EDGE ( 'NONE', *, *, #412, .T. ) ;
#6395 = CARTESIAN_POINT ( 'NONE',  ( 5.707249507397505361, 15.50000000000000355, -61.11300264274123606 ) ) ;
#6396 = CARTESIAN_POINT ( 'NONE',  ( -2.370661744665571113, 16.83333333333332504, -62.66666666666624508 ) ) ;
#6397 = EDGE_CURVE ( 'NONE', #469, #3199, #3079, .T. ) ;
#6398 = ADVANCED_FACE ( 'NONE', ( #2493 ), #1922, .F. ) ;
#6399 = CARTESIAN_POINT ( 'NONE',  ( -13.58769441952943424, 15.49999999999997868, -28.34420823727213801 ) ) ;
#6400 = LINE ( 'NONE', #7636, #8092 ) ;
#6401 = EDGE_CURVE ( 'NONE', #5608, #909, #6676, .T. ) ;
#6402 = ORIENTED_EDGE ( 'NONE', *, *, #946, .F. ) ;
#6403 = CARTESIAN_POINT ( 'NONE',  ( -19.98506420117103133, -10.36893856068791031, -74.28478851028438612 ) ) ;
#6404 = CIRCLE ( 'NONE', #4949, 180.2684435961459712 ) ;
#6405 = DIRECTION ( 'NONE',  ( 1.000000000000000000, -0.000000000000000000, -0.000000000000000000 ) ) ;
#6406 = CARTESIAN_POINT ( 'NONE',  ( -14.17558552970066188, 17.50000000000000355, -49.31228968865716666 ) ) ;
#6407 = ORIENTED_EDGE ( 'NONE', *, *, #5496, .T. ) ;
#6408 = COORDINATED_UNIVERSAL_TIME_OFFSET ( 8, 0, .AHEAD. ) ;
#6409 = CARTESIAN_POINT ( 'NONE',  ( 13.29717762433560857, 17.50000000000000000, -52.55215361663945117 ) ) ;
#6410 = AXIS2_PLACEMENT_3D ( 'NONE', #291, #340, #247 ) ;
#6411 = AXIS2_PLACEMENT_3D ( 'NONE', #5500, #4913, #6414 ) ;
#6412 = EDGE_CURVE ( 'NONE', #3682, #2621, #7861, .T. ) ;
#6413 = CARTESIAN_POINT ( 'NONE',  ( 19.94049126887385270, -66.02098902244277667, -155.4320857412431565 ) ) ;
#6414 = DIRECTION ( 'NONE',  ( 0.000000000000000000, 0.000000000000000000, 1.000000000000000000 ) ) ;
#6415 = ORIENTED_EDGE ( 'NONE', *, *, #6803, .F. ) ;
#6416 = ORIENTED_EDGE ( 'NONE', *, *, #6602, .F. ) ;
#6417 = CARTESIAN_POINT ( 'NONE',  ( -11.00000000000000000, 3.234777356430490691, 24.81248959086564909 ) ) ;
#6418 = CARTESIAN_POINT ( 'NONE',  ( 4.874825105649685852, 10.49999999999996803, -59.28149058724814324 ) ) ;
#6419 = ADVANCED_FACE ( 'NONE', ( #2449 ), #5232, .T. ) ;
#6420 = CC_DESIGN_SECURITY_CLASSIFICATION ( #8037, ( #9054 ) ) ;
#6421 = CARTESIAN_POINT ( 'NONE',  ( -11.41297115634082182, 15.49999999999997158, -53.76707282445760683 ) ) ;
#6422 = CARTESIAN_POINT ( 'NONE',  ( 11.15504343872434490, 15.50000000000000178, -26.22711760584439133 ) ) ;
#6423 = CARTESIAN_POINT ( 'NONE',  ( -3.711977615941624897, 10.49999999999996803, -59.73557985291083838 ) ) ;
#6424 = PLANE ( 'NONE',  #4623 ) ;
#6425 = CARTESIAN_POINT ( 'NONE',  ( -11.07111080216540344, 10.80578460053142997, -28.29585051582087019 ) ) ;
#6426 = DIRECTION ( 'NONE',  ( 1.000000000000000000, 0.000000000000000000, 0.000000000000000000 ) ) ;
#6427 = CARTESIAN_POINT ( 'NONE',  ( -15.43939209602983809, -19.44237996865457774, -127.5394740396942836 ) ) ;
#6428 = CARTESIAN_POINT ( 'NONE',  ( -30.31886009189032194, -81.64195625097471520, -187.8349709389754310 ) ) ;
#6429 = ORIENTED_EDGE ( 'NONE', *, *, #2403, .T. ) ;
#6430 = CARTESIAN_POINT ( 'NONE',  ( -12.95554554620889576, 17.50000000000000000, -57.35020924114667906 ) ) ;
#6431 = CIRCLE ( 'NONE', #5852, 1.549999999999995826 ) ;
#6432 = CARTESIAN_POINT ( 'NONE',  ( 30.88856343383665148, -39.26886871450993510, -204.8667709605920777 ) ) ;
#6433 = CARTESIAN_POINT ( 'NONE',  ( -20.01560791557114882, -18.77474934961739450, -90.08203273859083993 ) ) ;
#6434 = CARTESIAN_POINT ( 'NONE',  ( 17.22382289771681130, -24.32104696532536181, -69.09655093303996409 ) ) ;
#6435 = CARTESIAN_POINT ( 'NONE',  ( -30.01669181243115503, -38.58153503900234682, -202.1200209213037340 ) ) ;
#6436 = CARTESIAN_POINT ( 'NONE',  ( 7.107514879387257130E-15, -5.780249058701938836, -74.89708145546902074 ) ) ;
#6437 = VECTOR ( 'NONE', #2316, 1000.000000000000000 ) ;
#6438 = VECTOR ( 'NONE', #2329, 1000.000000000000000 ) ;
#6439 = VERTEX_POINT ( 'NONE', #5321 ) ;
#6440 = FACE_OUTER_BOUND ( 'NONE', #7531, .T. ) ;
#6441 = DIRECTION ( 'NONE',  ( -0.000000000000000000, -0.9396926207859087610, 0.3420201433256677692 ) ) ;
#6442 = ORIENTED_EDGE ( 'NONE', *, *, #1549, .T. ) ;
#6443 = CARTESIAN_POINT ( 'NONE',  ( 6.930419308485719299, 15.50000000000000000, -60.27193418706201555 ) ) ;
#6444 = CARTESIAN_POINT ( 'NONE',  ( -34.82633725951536974, -76.56432322273923319, -187.8791987667872831 ) ) ;
#6445 = CIRCLE ( 'NONE', #8782, 2.999999999999995559 ) ;
#6446 = ITEM_DEFINED_TRANSFORMATION ( 'NONE', 'NONE', #7142,  #6410 ) ;
#6447 = CARTESIAN_POINT ( 'NONE',  ( -12.88293069869620311, 15.49999999999997335, -27.37380797722114067 ) ) ;
#6448 = EDGE_CURVE ( 'NONE', #234, #451, #256, .T. ) ;
#6449 = DIRECTION ( 'NONE',  ( -1.000000000000000000, -0.000000000000000000, -0.000000000000000000 ) ) ;
#6450 = CARTESIAN_POINT ( 'NONE',  ( -10.63798167640086589, 17.50000000000000711, -57.31075671787817782 ) ) ;
#6451 = VERTEX_POINT ( 'NONE', #7332 ) ;
#6452 = CARTESIAN_POINT ( 'NONE',  ( -19.99999999999999645, -10.70278566687885302, -74.04760451506658114 ) ) ;
#6453 = LINE ( 'NONE', #695, #7768 ) ;
#6454 = CARTESIAN_POINT ( 'NONE',  ( 2.628829549486175310, -17.50000000000000000, -64.99999999999771205 ) ) ;
#6455 = EDGE_LOOP ( 'NONE', ( #4907, #2042, #8687, #240 ) ) ;
#6456 = COORDINATED_UNIVERSAL_TIME_OFFSET ( 8, 0, .AHEAD. ) ;
#6457 = CARTESIAN_POINT ( 'NONE',  ( 19.96154496762325081, -10.14321105882617680, -74.38301265626188297 ) ) ;
#6458 = LINE ( 'NONE', #1625, #7856 ) ;
#6459 = CARTESIAN_POINT ( 'NONE',  ( -12.04544128957799032, 17.50000000000000000, -58.81039904992199041 ) ) ;
#6460 = ORIENTED_EDGE ( 'NONE', *, *, #2502, .T. ) ;
#6461 = ORIENTED_EDGE ( 'NONE', *, *, #5266, .T. ) ;
#6462 = DIRECTION ( 'NONE',  ( 1.000000000000000000, -0.000000000000000000, 0.000000000000000000 ) ) ;
#6463 = CARTESIAN_POINT ( 'NONE',  ( 6.412047240681653548, 10.49999999999996980, -58.08065298047028335 ) ) ;
#6464 = CARTESIAN_POINT ( 'NONE',  ( -10.74080096793898953, 15.49999999999997868, -55.13581416664749923 ) ) ;
#6465 = CARTESIAN_POINT ( 'NONE',  ( 14.04149850632139618, 15.50000000000000178, -28.77094497736550593 ) ) ;
#6466 = EDGE_CURVE ( 'NONE', #2430, #1291, #997, .T. ) ;
#6467 = CARTESIAN_POINT ( 'NONE',  ( -9.409030950891123624, 10.49999999999997158, -53.32883289841680607 ) ) ;
#6468 = FACE_OUTER_BOUND ( 'NONE', #373, .T. ) ;
#6469 = CC_DESIGN_DATE_AND_TIME_ASSIGNMENT ( #1187, #8243, ( #3354 ) ) ;
#6470 = CARTESIAN_POINT ( 'NONE',  ( 7.500000000000000000, -2.499999999999998668, -26.00000000000000711 ) ) ;
#6471 = DIRECTION ( 'NONE',  ( 0.000000000000000000, 0.000000000000000000, 1.000000000000000000 ) ) ;
#6472 = CARTESIAN_POINT ( 'NONE',  ( -20.87034348174342213, -19.38027288911419177, -127.3001654512343634 ) ) ;
#6473 = CARTESIAN_POINT ( 'NONE',  ( -36.89913211752332955, -78.93568338481011892, -192.8736627113262898 ) ) ;
#6474 = AXIS2_PLACEMENT_3D ( 'NONE', #4816, #1243, #4770 ) ;
#6475 = CARTESIAN_POINT ( 'NONE',  ( 20.27750344803643756, -31.51112310410098516, -85.44637179946924732 ) ) ;
#6476 = ORIENTED_EDGE ( 'NONE', *, *, #2485, .T. ) ;
#6477 = VECTOR ( 'NONE', #8324, 999.9999999999998863 ) ;
#6478 = CARTESIAN_POINT ( 'NONE',  ( 34.36503048082868617, -41.53689408503488067, -213.8895976144779638 ) ) ;
#6479 = CARTESIAN_POINT ( 'NONE',  ( -21.23808018935942243, -57.83366655484983454, -141.5655118342934031 ) ) ;
#6480 = PRODUCT_DEFINITION_SHAPE ( 'NONE', 'NONE',  #9056 ) ;
#6481 = CIRCLE ( 'NONE', #2100, 5.000000000000000888 ) ;
#6482 = CARTESIAN_POINT ( 'NONE',  ( 18.77465747378652594, -23.21383430487592747, -69.54806925044974264 ) ) ;
#6483 = CARTESIAN_POINT ( 'NONE',  ( -6.000000000000000000, 64.03012059312736426, 21.79740610003051060 ) ) ;
#6484 = CARTESIAN_POINT ( 'NONE',  ( 13.43080738908729188, 15.49999999999996980, -27.70572074388696038 ) ) ;
#6485 = CARTESIAN_POINT ( 'NONE',  ( -20.27605822909567479, -36.34053309856441416, -105.5423299890609030 ) ) ;
#6486 = EDGE_LOOP ( 'NONE', ( #7640, #821, #1535, #5275, #2295, #2524 ) ) ;
#6487 = DIRECTION ( 'NONE',  ( -0.000000000000000000, 1.000000000000000000, -0.000000000000000000 ) ) ;
#6488 = DIRECTION ( 'NONE',  ( 0.000000000000000000, 0.000000000000000000, -1.000000000000000000 ) ) ;
#6489 = ORIENTED_EDGE ( 'NONE', *, *, #7227, .T. ) ;
#6490 = CARTESIAN_POINT ( 'NONE',  ( -11.03914523427770966, 11.35042750594749350, -27.53221982629980502 ) ) ;
#6491 = LINE ( 'NONE', #6661, #1959 ) ;
#6492 = CARTESIAN_POINT ( 'NONE',  ( -13.64917308935848261, 15.49999999999997158, -28.46756278953976604 ) ) ;
#6493 = CARTESIAN_POINT ( 'NONE',  ( 5.774243134804316391, 15.49999999999997158, -61.07325128026730710 ) ) ;
#6494 = EDGE_CURVE ( 'NONE', #2275, #919, #6820, .T. ) ;
#6495 = EDGE_LOOP ( 'NONE', ( #5301, #5946, #10 ) ) ;
#6496 = CARTESIAN_POINT ( 'NONE',  ( 15.00000000000000355, -170.2684435961459712, -6.522560269672794675E-13 ) ) ;
#6497 = CARTESIAN_POINT ( 'NONE',  ( -21.83572697117747197, -30.43366816698579669, -148.4014442866731542 ) ) ;
#6498 = CARTESIAN_POINT ( 'NONE',  ( -14.81718606035705044, 17.49999999999999645, -46.41898198111667284 ) ) ;
#6499 = EDGE_LOOP ( 'NONE', ( #8290, #7370 ) ) ;
#6500 = DIRECTION ( 'NONE',  ( 0.8944271909995489267, -0.4472135954999575946, 8.104403449723994617E-07 ) ) ;
#6501 = EDGE_CURVE ( 'NONE', #279, #8703, #4640, .T. ) ;
#6502 = CARTESIAN_POINT ( 'NONE',  ( 6.000000000000000000, 64.03012059312736426, 20.49740610003052055 ) ) ;
#6503 = CARTESIAN_POINT ( 'NONE',  ( -15.32740535145434535, 17.50000000000000355, -52.22462037288438097 ) ) ;
#6504 = EDGE_LOOP ( 'NONE', ( #509, #2388, #241, #1800 ) ) ;
#6505 = ORIENTED_EDGE ( 'NONE', *, *, #4960, .T. ) ;
#6506 = LINE ( 'NONE', #4915, #3567 ) ;
#6507 = ADVANCED_FACE ( 'NONE', ( #6733 ), #473, .F. ) ;
#6508 = CARTESIAN_POINT ( 'NONE',  ( 7.422787642047552481, 10.49999999999996803, -56.99946928375254629 ) ) ;
#6509 = CARTESIAN_POINT ( 'NONE',  ( -12.59447564051145463, 15.49999999999997513, -50.94387164723757166 ) ) ;
#6510 = CARTESIAN_POINT ( 'NONE',  ( -15.15126585603251996, -34.73604962624640535, -89.79665781982500050 ) ) ;
#6511 = CARTESIAN_POINT ( 'NONE',  ( -11.47111602039122147, 15.50000000000000000, -26.41723354414061120 ) ) ;
#6512 = CARTESIAN_POINT ( 'NONE',  ( -13.33706942659370043, 17.50000000000000000, -26.42445984789366165 ) ) ;
#6513 = EDGE_CURVE ( 'NONE', #4522, #7682, #2757, .T. ) ;
#6514 = LINE ( 'NONE', #6560, #3911 ) ;
#6515 = CARTESIAN_POINT ( 'NONE',  ( -10.26604669100389344, 10.49999999999996803, -51.40952520781661406 ) ) ;
#6516 = CARTESIAN_POINT ( 'NONE',  ( -35.00000000000000711, -42.95207384437923537, -218.2040791793328651 ) ) ;
#6517 = CARTESIAN_POINT ( 'NONE',  ( -5.000000000000000000, -15.00000000000000000, -54.00000000000000711 ) ) ;
#6518 = LINE ( 'NONE', #3547, #1090 ) ;
#6519 = CARTESIAN_POINT ( 'NONE',  ( -15.43343724339673884, -19.29842034439898057, -126.9847744026983634 ) ) ;
#6520 = CARTESIAN_POINT ( 'NONE',  ( -37.96589677135925456, -80.23009213140919371, -195.4313598974322872 ) ) ;
#6521 = DIRECTION ( 'NONE',  ( -0.7071067811865440200, 0.7044160264027622409, -0.06162841671622037998 ) ) ;
#6522 = CARTESIAN_POINT ( 'NONE',  ( -19.99999999999995381, -19.95182050187960243, -70.67344310886322489 ) ) ;
#6523 = AXIS2_PLACEMENT_3D ( 'NONE', #4297, #3749, #1471 ) ;
#6524 =( BOUNDED_CURVE ( )  B_SPLINE_CURVE ( 3, ( #5008, #2302, #7787, #836 ),
 .UNSPECIFIED., .F., .F. ) 
 B_SPLINE_CURVE_WITH_KNOTS ( ( 4, 4 ),
 ( 0.8726646259971712061, 0.8764935947631766755 ),
 .UNSPECIFIED. ) 
 CURVE ( )  GEOMETRIC_REPRESENTATION_ITEM ( )  RATIONAL_B_SPLINE_CURVE ( ( 1.000000000000000000, 0.9999987782502222089, 0.9999987782502222089, 1.000000000000000000 ) ) 
 REPRESENTATION_ITEM ( '' )  );
#6525 = CARTESIAN_POINT ( 'NONE',  ( -17.06970171764654509, -17.50000000000000000, -43.30001332882125098 ) ) ;
#6526 = CARTESIAN_POINT ( 'NONE',  ( 6.000000000000000000, 61.85122702443587883, -4.407461352263108978 ) ) ;
#6527 = CARTESIAN_POINT ( 'NONE',  ( 13.17518719135076566, 17.50000000000000355, -26.08309401625577806 ) ) ;
#6528 = EDGE_CURVE ( 'NONE', #7938, #2772, #7645, .T. ) ;
#6529 = ORIENTED_EDGE ( 'NONE', *, *, #6401, .F. ) ;
#6530 = CARTESIAN_POINT ( 'NONE',  ( 12.68497478353347852, 15.48595153065807217, -26.56885508427025400 ) ) ;
#6531 = DIRECTION ( 'NONE',  ( 0.000000000000000000, 0.000000000000000000, 1.000000000000000000 ) ) ;
#6532 = ORIENTED_EDGE ( 'NONE', *, *, #4874, .F. ) ;
#6533 = EDGE_CURVE ( 'NONE', #1673, #8703, #8729, .T. ) ;
#6534 = CARTESIAN_POINT ( 'NONE',  ( -12.73018073757229551, 15.57801542493997715, -27.16173449635234505 ) ) ;
#6535 = FACE_OUTER_BOUND ( 'NONE', #8581, .T. ) ;
#6536 = CIRCLE ( 'NONE', #2151, 5.000000000000000888 ) ;
#6537 = CARTESIAN_POINT ( 'NONE',  ( -26.99289444785557279, -69.44450235582780806, -162.5700228195287309 ) ) ;
#6538 = CARTESIAN_POINT ( 'NONE',  ( -12.97792887752698654, 15.49999999999996980, -27.47497391977398351 ) ) ;
#6539 = CARTESIAN_POINT ( 'NONE',  ( 13.42101182419907701, 17.50000000000000711, -52.25142315993063136 ) ) ;
#6540 = AXIS2_PLACEMENT_3D ( 'NONE', #4548, #1892, #5410 ) ;
#6541 = ORIENTED_EDGE ( 'NONE', *, *, #1906, .T. ) ;
#6542 = DIRECTION ( 'NONE',  ( -0.000000000000000000, 1.000000000000000000, -0.000000000000000000 ) ) ;
#6543 = CARTESIAN_POINT ( 'NONE',  ( -21.26222726735803192, -29.08803784131553272, -143.1162130615558681 ) ) ;
#6544 = CARTESIAN_POINT ( 'NONE',  ( -8.777437106596005734, 17.50000000000000000, -59.70423840404839666 ) ) ;
#6545 = EDGE_LOOP ( 'NONE', ( #5205, #6269, #8571, #2642, #795 ) ) ;
#6546 = DIRECTION ( 'NONE',  ( -9.060998516074535786E-07, 0.000000000000000000, 0.9999999999995894395 ) ) ;
#6547 = CARTESIAN_POINT ( 'NONE',  ( -14.30595885602410888, 17.10698473460213975, -27.65414712316897550 ) ) ;
#6548 = PLANE ( 'NONE',  #4354 ) ;
#6549 = CARTESIAN_POINT ( 'NONE',  ( -1.171572875253815704, 67.79366450551655987, -28.27479610298017576 ) ) ;
#6550 = CIRCLE ( 'NONE', #276, 1.299999999999988720 ) ;
#6551 = ORIENTED_EDGE ( 'NONE', *, *, #8251, .T. ) ;
#6552 = CARTESIAN_POINT ( 'NONE',  ( -13.71506979326927400, 15.49999999999999822, -28.60731910471539763 ) ) ;
#6553 = EDGE_CURVE ( 'NONE', #6712, #7348, #613, .T. ) ;
#6554 = CARTESIAN_POINT ( 'NONE',  ( 10.69348583842536549, 15.50000000000000178, -55.70131430176980558 ) ) ;
#6555 = CARTESIAN_POINT ( 'NONE',  ( -13.89893329955227763, 15.49999999999996803, -45.79726499302692844 ) ) ;
#6556 = CARTESIAN_POINT ( 'NONE',  ( -15.42556103564598402, -47.21406424168667115, -116.0148481614160687 ) ) ;
#6557 = AXIS2_PLACEMENT_3D ( 'NONE', #653, #6867, #1345 ) ;
#6558 = CIRCLE ( 'NONE', #565, 2.999999999999995559 ) ;
#6559 = CARTESIAN_POINT ( 'NONE',  ( 14.30682447964543336, 15.50000000000000711, -29.81802508319221090 ) ) ;
#6560 = CARTESIAN_POINT ( 'NONE',  ( 1.171572875253773960, 69.73362886642219394, -6.100901992336143387 ) ) ;
#6561 = CARTESIAN_POINT ( 'NONE',  ( -6.519755626470803200, 15.50000000000000178, -60.39134073450483697 ) ) ;
#6562 = CARTESIAN_POINT ( 'NONE',  ( -7.500000000000000000, -17.50000000000000000, -5.549999999999998046 ) ) ;
#6563 = CARTESIAN_POINT ( 'NONE',  ( -10.74531443444989698, 10.61585119086387152, -27.83438793131258748 ) ) ;
#6564 = CARTESIAN_POINT ( 'NONE',  ( 9.996291055344212140, -24.22710443528538704, -67.71577926683562509 ) ) ;
#6565 = CARTESIAN_POINT ( 'NONE',  ( -29.68519738691019683, -38.48379225459508746, -201.7434695702413023 ) ) ;
#6566 = CC_DESIGN_APPROVAL ( #2774, ( #5835 ) ) ;
#6567 = CARTESIAN_POINT ( 'NONE',  ( 6.000000000000000000, 12.29785522679700094, 29.03867220827262940 ) ) ;
#6568 = CARTESIAN_POINT ( 'NONE',  ( -34.84392767575937455, -75.98727732708363192, -188.0892262966113435 ) ) ;
#6569 = EDGE_CURVE ( 'NONE', #4355, #426, #6221, .T. ) ;
#6570 = CARTESIAN_POINT ( 'NONE',  ( 7.500000000000000000, -17.50000000000000000, -30.54999999999999716 ) ) ;
#6571 = LINE ( 'NONE', #7766, #6438 ) ;
#6572 = ORIENTED_EDGE ( 'NONE', *, *, #1062, .T. ) ;
#6573 = APPROVAL ( #5049, 'ๆช' ) ;
#6574 = CARTESIAN_POINT ( 'NONE',  ( -12.89667502834921464, 15.45997732609501085, -27.41096773245717344 ) ) ;
#6575 = VERTEX_POINT ( 'NONE', #2118 ) ;
#6576 = CARTESIAN_POINT ( 'NONE',  ( -11.39753232174280306, 12.24639582131959514, -27.79561437790772516 ) ) ;
#6577 = CARTESIAN_POINT ( 'NONE',  ( 5.936094933166916832, 17.50000000000000000, -62.12748776238793624 ) ) ;
#6578 = CARTESIAN_POINT ( 'NONE',  ( -34.27413766959639219, -80.33545070743633687, -185.1431521433509886 ) ) ;
#6579 = CARTESIAN_POINT ( 'NONE',  ( 12.33133514734356062, -17.50000000000000000, -58.83742484714601773 ) ) ;
#6580 = CARTESIAN_POINT ( 'NONE',  ( -1.171572875253813040, 20.96722026436224695, -57.60696422506727288 ) ) ;
#6581 = AXIS2_PLACEMENT_3D ( 'NONE', #4737, #5601, #7609 ) ;
#6582 = EDGE_CURVE ( 'NONE', #7326, #9024, #2849, .T. ) ;
#6583 = CARTESIAN_POINT ( 'NONE',  ( 4.074482976925158262, 15.49999999999997868, -61.80443167904823554 ) ) ;
#6584 = PRODUCT_DEFINITION ( 'ๆ', '', #4070, #3850 ) ;
#6585 = EDGE_LOOP ( 'NONE', ( #7833, #903 ) ) ;
#6586 = CARTESIAN_POINT ( 'NONE',  ( -7.500000000000000000, -15.00000000000000000, -6.999999999999999112 ) ) ;
#6587 = CARTESIAN_POINT ( 'NONE',  ( 20.14734754502473635, -30.01243741053583136, -91.99989089751350946 ) ) ;
#6588 = CARTESIAN_POINT ( 'NONE',  ( -11.84813924654032569, 17.50000000000000355, -55.16605487661130525 ) ) ;
#6589 = ORIENTED_EDGE ( 'NONE', *, *, #3653, .T. ) ;
#6590 = AXIS2_PLACEMENT_3D ( 'NONE', #7019, #2174, #809 ) ;
#6591 = UNCERTAINTY_MEASURE_WITH_UNIT (LENGTH_MEASURE( 1.000000000000000082E-05 ), #3812, 'distance_accuracy_value', 'NONE');
#6592 = FACE_OUTER_BOUND ( 'NONE', #7670, .T. ) ;
#6593 = CARTESIAN_POINT ( 'NONE',  ( -14.55198138533990004, 17.21504559244505828, -28.34009986821384075 ) ) ;
#6594 = CARTESIAN_POINT ( 'NONE',  ( -34.93255404056739621, -41.34363852367938108, -212.7628508690614524 ) ) ;
#6595 = EDGE_LOOP ( 'NONE', ( #8606, #5353 ) ) ;
#6596 = CARTESIAN_POINT ( 'NONE',  ( -14.72376379428628113, 17.50000000000000355, -53.70581402226601853 ) ) ;
#6597 = VECTOR ( 'NONE', #7869, 999.9999999999998863 ) ;
#6598 =( BOUNDED_SURFACE ( )  B_SPLINE_SURFACE ( 3, 2, ( 
 ( #7322, #2995, #7277 ),
 ( #6635, #8622, #3802 ),
 ( #2352, #1669, #193 ),
 ( #3163, #5954, #6547 ),
 ( #6593, #330, #5907 ),
 ( #8700, #2439, #5218 ) ),
 .UNSPECIFIED., .F., .F., .F. ) 
 B_SPLINE_SURFACE_WITH_KNOTS ( ( 4, 2, 4 ),
 ( 3, 3 ),
 ( 0.002203578595128200934, 0.004042456855973338044, 0.005881335116818475588 ),
 ( 0.000000000000000000, 1.000000000000000000 ),
 .UNSPECIFIED. ) 
 GEOMETRIC_REPRESENTATION_ITEM ( )  RATIONAL_B_SPLINE_SURFACE ( (
 ( 1.000000000000000000, 0.9395737358196553091, 1.000000000000000000),
 ( 1.000000000000000000, 0.9488713308545584368, 1.000000000000000000),
 ( 1.000000000000000000, 0.9565823788003505745, 1.000000000000000000),
 ( 1.000000000000000000, 0.9698236489805786009, 1.000000000000000000),
 ( 1.000000000000000000, 0.9752963441003451583, 1.000000000000000000),
 ( 1.000000000000000000, 0.9793787390475765520, 1.000000000000000000) ) ) 
 REPRESENTATION_ITEM ( '' )  SURFACE ( )  );
#6599 = ORIENTED_EDGE ( 'NONE', *, *, #7471, .F. ) ;
#6600 = FACE_BOUND ( 'NONE', #8325, .T. ) ;
#6601 = CARTESIAN_POINT ( 'NONE',  ( 8.224262167774030630, 15.50000000000000355, -59.10536133136174186 ) ) ;
#6602 = EDGE_CURVE ( 'NONE', #1711, #2203, #8596, .T. ) ;
#6603 = CARTESIAN_POINT ( 'NONE',  ( -5.560512437638720940, 15.49999999999997158, -61.04701738343238304 ) ) ;
#6604 = CARTESIAN_POINT ( 'NONE',  ( -13.37813049798578646, 17.49999999999999645, -26.46187544050454932 ) ) ;
#6605 = CARTESIAN_POINT ( 'NONE',  ( -11.78521877300087262, 10.49999999999996803, -46.38860973363910034 ) ) ;
#6606 = DIRECTION ( 'NONE',  ( 0.000000000000000000, -0.9899284628347759796, -0.1415684939157633715 ) ) ;
#6607 = DIRECTION ( 'NONE',  ( 0.000000000000000000, 0.3420201433256680468, 0.9396926207859086499 ) ) ;
#6608 = DIRECTION ( 'NONE',  ( -2.775557561562890957E-15, -8.666684749742559937E-30, 1.000000000000000000 ) ) ;
#6609 = CARTESIAN_POINT ( 'NONE',  ( -20.40492298783713565, -24.22963493905844246, -124.4680681865153957 ) ) ;
#6610 = CARTESIAN_POINT ( 'NONE',  ( -20.55500689607284315, -39.11550935918592842, -101.6587723194449211 ) ) ;
#6611 = CARTESIAN_POINT ( 'NONE',  ( 20.00000000000000355, -20.18122265154091011, -70.64915746170643729 ) ) ;
#6612 = CARTESIAN_POINT ( 'NONE',  ( 34.98687346096911455, -54.28469015539843667, -195.9883220336718068 ) ) ;
#6613 = CARTESIAN_POINT ( 'NONE',  ( 11.96365651931412977, 15.49999999999996092, -26.40995718472398579 ) ) ;
#6614 = CIRCLE ( 'NONE', #2667, 4.999999999999997335 ) ;
#6615 = CARTESIAN_POINT ( 'NONE',  ( 6.000000000000000000, 12.29785522679700094, 29.03867220827262940 ) ) ;
#6616 = ORIENTED_EDGE ( 'NONE', *, *, #2286, .F. ) ;
#6617 = EDGE_CURVE ( 'NONE', #3041, #4346, #7739, .T. ) ;
#6618 = CYLINDRICAL_SURFACE ( 'NONE', #611, 1.299999999999988720 ) ;
#6619 = ORIENTED_EDGE ( 'NONE', *, *, #7416, .F. ) ;
#6620 = DIRECTION ( 'NONE',  ( -1.000000000000000000, 0.000000000000000000, -0.000000000000000000 ) ) ;
#6621 = CARTESIAN_POINT ( 'NONE',  ( 34.99999999999999289, -88.05731964210359308, -201.7871122997005955 ) ) ;
#6622 = VECTOR ( 'NONE', #6003, 1000.000000000000114 ) ;
#6623 = CARTESIAN_POINT ( 'NONE',  ( -29.10415005378295916, -73.18869815602788265, -170.3595840083640098 ) ) ;
#6624 = CARTESIAN_POINT ( 'NONE',  ( 10.84081228905051120, -17.50000000000000000, -60.70896344833107605 ) ) ;
#6625 = CARTESIAN_POINT ( 'NONE',  ( -6.000000000000000000, 46.90830655305971675, -3.100125211048226692 ) ) ;
#6626 = CARTESIAN_POINT ( 'NONE',  ( 4.514005525882298642, 15.49999999999996980, -61.66685920664341580 ) ) ;
#6627 = B_SPLINE_SURFACE_WITH_KNOTS ( 'NONE', 3, 1, ( 
 ( #4810, #6037 ),
 ( #7501, #2747 ),
 ( #7637, #2655 ),
 ( #4682, #6169 ),
 ( #1238, #1192 ),
 ( #9014, #6863 ) ),
 .UNSPECIFIED., .F., .F., .F.,
 ( 4, 1, 1, 4 ),
 ( 2, 2 ),
 ( 0.000000000000000000, 0.4650452245929229678, 0.7282382667798994458, 1.000000000000000000 ),
 ( 0.000000000000000000, 1.000000000000000000 ),
 .UNSPECIFIED. ) ;
#6628 = ORIENTED_EDGE ( 'NONE', *, *, #5914, .T. ) ;
#6629 = PLANE ( 'NONE',  #4221 ) ;
#6630 = CARTESIAN_POINT ( 'NONE',  ( -38.63746177732573273, -41.14858049873406998, -212.3447797204307221 ) ) ;
#6631 = CARTESIAN_POINT ( 'NONE',  ( -26.70509764715406220, -36.93193178825481482, -174.6270096789102126 ) ) ;
#6632 = AXIS2_PLACEMENT_3D ( 'NONE', #4238, #5691, #6471 ) ;
#6633 = CARTESIAN_POINT ( 'NONE',  ( -11.00218778378305196, 17.50000000000000000, -56.71914746519207284 ) ) ;
#6634 = ORIENTED_EDGE ( 'NONE', *, *, #4215, .F. ) ;
#6635 = CARTESIAN_POINT ( 'NONE',  ( -13.13001631243236922, 15.64900689310774773, -27.51747713073403290 ) ) ;
#6636 = CARTESIAN_POINT ( 'NONE',  ( 17.04727860683480500, 17.49999999999999645, -46.75342232171495738 ) ) ;
#6637 = ORIENTED_EDGE ( 'NONE', *, *, #7339, .T. ) ;
#6638 = CARTESIAN_POINT ( 'NONE',  ( 12.40866356138759841, 13.93872381649376990, -27.54397676404599338 ) ) ;
#6639 = VERTEX_POINT ( 'NONE', #655 ) ;
#6640 = FACE_OUTER_BOUND ( 'NONE', #8427, .T. ) ;
#6641 = CARTESIAN_POINT ( 'NONE',  ( 7.410397007306943173, 15.50000000000000178, -59.87353671526459209 ) ) ;
#6642 = ORIENTED_EDGE ( 'NONE', *, *, #5999, .T. ) ;
#6643 = CARTESIAN_POINT ( 'NONE',  ( -11.32280240653357062, 15.50000000000000000, -26.35684509327368374 ) ) ;
#6644 = CARTESIAN_POINT ( 'NONE',  ( -7.500000000000000000, -2.499999999999998668, -6.999999999999997335 ) ) ;
#6645 = CARTESIAN_POINT ( 'NONE',  ( -5.568481713940241384, -17.50000000000000000, -64.38227720309865276 ) ) ;
#6646 = CARTESIAN_POINT ( 'NONE',  ( -13.37416013961457040, 17.50000000000000000, -26.45825134400915957 ) ) ;
#6647 = DIRECTION ( 'NONE',  ( 0.7750859297768608602, 0.000000000000000000, -0.6318558391452429035 ) ) ;
#6648 = CARTESIAN_POINT ( 'NONE',  ( -6.069668468532967154, 15.50000000000000711, -60.72432673834463657 ) ) ;
#6649 = CARTESIAN_POINT ( 'NONE',  ( -32.99999999999996447, 41.46626550800819899, 26.48676697559362125 ) ) ;
#6650 = CARTESIAN_POINT ( 'NONE',  ( 10.00000000000000888, -24.79567195388977652, -68.91042536112455252 ) ) ;
#6651 = CARTESIAN_POINT ( 'NONE',  ( 11.03807457865005048, 10.49999999999996803, -50.08092800564776326 ) ) ;
#6652 = CARTESIAN_POINT ( 'NONE',  ( -11.88405078850914443, 10.49999999999996625, -29.41359490056597892 ) ) ;
#6653 = B_SPLINE_CURVE_WITH_KNOTS ( 'NONE', 3,
 ( #5039, #48, #5623, #4849, #1519, #4155 ),
 .UNSPECIFIED., .F., .F.,
 ( 4, 2, 4 ),
 ( -5.999999999993446870E-08, 0.001424027182283380466, 0.002848114364566760575 ),
 .UNSPECIFIED. ) ;
#6654 = CARTESIAN_POINT ( 'NONE',  ( 34.76661458570440999, -40.07405350717412063, -201.1605707835974499 ) ) ;
#6655 = CARTESIAN_POINT ( 'NONE',  ( 12.91319069039137801, 15.49999999999997158, -27.15602023859991476 ) ) ;
#6656 = DIRECTION ( 'NONE',  ( 0.000000000000000000, 0.000000000000000000, 1.000000000000000000 ) ) ;
#6657 = EDGE_CURVE ( 'NONE', #2028, #2804, #8297, .T. ) ;
#6658 = CARTESIAN_POINT ( 'NONE',  ( -19.99999999999999645, -6.001819538171618618, -75.75082822763786794 ) ) ;
#6659 = ORIENTED_EDGE ( 'NONE', *, *, #812, .F. ) ;
#6660 = DIRECTION ( 'NONE',  ( -1.000000000000000000, 0.000000000000000000, 0.000000000000000000 ) ) ;
#6661 = CARTESIAN_POINT ( 'NONE',  ( 34.99999999999999289, -88.05731964210359308, -201.7871122997005955 ) ) ;
#6662 = CARTESIAN_POINT ( 'NONE',  ( 20.67117900089167648, -16.40799853072942582, -115.8475132499151812 ) ) ;
#6663 = CARTESIAN_POINT ( 'NONE',  ( -34.37127695921789439, -75.86993416920374500, -186.8278136238393472 ) ) ;
#6664 = CARTESIAN_POINT ( 'NONE',  ( 7.573474003539714339, 17.50000000000000000, -61.03904846948205432 ) ) ;
#6665 = ADVANCED_FACE ( 'NONE', ( #5459, #2801 ), #6231, .F. ) ;
#6666 = CARTESIAN_POINT ( 'NONE',  ( -1.171572875253811263, -3.305268473201032009, -68.34211506622474985 ) ) ;
#6668 = ORIENTED_EDGE ( 'NONE', *, *, #744, .F. ) ;
#6667 = CARTESIAN_POINT ( 'NONE',  ( 7.790826456414202461, 15.49999999999996980, -59.52960533510916719 ) ) ;
#6669 = VERTEX_POINT ( 'NONE', #1441 ) ;
#6670 = CARTESIAN_POINT ( 'NONE',  ( 34.93255404056737490, -85.79189844232274709, -196.5850072937473954 ) ) ;
#6671 = CARTESIAN_POINT ( 'NONE',  ( -36.57609477614374782, -39.74106896108678910, -206.7453129847438902 ) ) ;
#6672 = CARTESIAN_POINT ( 'NONE',  ( 20.36438667086125065, -40.36521059977016535, -114.1419335852121861 ) ) ;
#6673 = VECTOR ( 'NONE', #6917, 1000.000000000000000 ) ;
#6674 = CARTESIAN_POINT ( 'NONE',  ( -13.23298499521832738, 17.50000000000000355, -52.07441816231506238 ) ) ;
#6675 = CARTESIAN_POINT ( 'NONE',  ( 10.82971450117163315, 10.82672606132445559, -27.47799011224634569 ) ) ;
#6676 = CIRCLE ( 'NONE', #5508, 4.999999999999999112 ) ;
#6677 = DIRECTION ( 'NONE',  ( 0.000000000000000000, -0.3420201433256652157, 0.9396926207859097602 ) ) ;
#6678 = APPLICATION_CONTEXT ( 'configuration controlled 3d designs of mechanical parts and assemblies' ) ;
#6679 = ORIENTED_EDGE ( 'NONE', *, *, #6223, .T. ) ;
#6680 = CARTESIAN_POINT ( 'NONE',  ( -7.500000000000000000, -2.499999999999998668, -2.450000000000003730 ) ) ;
#6681 = ORIENTED_EDGE ( 'NONE', *, *, #4600, .F. ) ;
#6682 = CARTESIAN_POINT ( 'NONE',  ( -2.205700842048680332, 0.1804199083606271570, -64.95383855639809667 ) ) ;
#6683 = CARTESIAN_POINT ( 'NONE',  ( 12.83651515059277237, 15.50000000000000178, -50.98809704713048774 ) ) ;
#6684 = ORIENTED_EDGE ( 'NONE', *, *, #4960, .F. ) ;
#6685 = CARTESIAN_POINT ( 'NONE',  ( -11.54949008427325197, 15.50000000000000355, -26.45047258171525328 ) ) ;
#6686 = CARTESIAN_POINT ( 'NONE',  ( 1.171572875253781953, -3.305268473201029789, -68.34211506622474985 ) ) ;
#6687 = EDGE_CURVE ( 'NONE', #3984, #6357, #109, .T. ) ;
#6688 = CARTESIAN_POINT ( 'NONE',  ( 11.58326045985629449, 10.88100613446544784, -28.44938194097724704 ) ) ;
#6689 = CARTESIAN_POINT ( 'NONE',  ( 6.000000000000000000, -170.2684435961459712, -6.522560269672794675E-13 ) ) ;
#6690 = CARTESIAN_POINT ( 'NONE',  ( -9.704696336243095800, 10.49999999999996980, -52.69497297528440072 ) ) ;
#6691 = ORIENTED_EDGE ( 'NONE', *, *, #990, .T. ) ;
#6692 = CARTESIAN_POINT ( 'NONE',  ( -9.997527370229466470, -24.41662694148684309, -68.11399463159858669 ) ) ;
#6693 = CARTESIAN_POINT ( 'NONE',  ( 8.945873279733234540, 10.49999999999996980, -54.72851329228083728 ) ) ;
#6694 = VECTOR ( 'NONE', #1634, 1000.000000000000227 ) ;
#6695 = CARTESIAN_POINT ( 'NONE',  ( -11.27185759307032598, 10.49999999999997158, -28.60380675999441635 ) ) ;
#6696 = CARTESIAN_POINT ( 'NONE',  ( -12.69898685773843283, 15.49998767889852935, 0.000000000000000000 ) ) ;
#6697 = AXIS2_PLACEMENT_3D ( 'NONE', #1163, #520, #3999 ) ;
#6698 = CARTESIAN_POINT ( 'NONE',  ( -11.88390593880472146, 10.89356725887293109, -29.06104443506584190 ) ) ;
#6699 = CARTESIAN_POINT ( 'NONE',  ( 12.20345169828979337, 15.49999999999996803, -26.59554179661271078 ) ) ;
#6700 = CARTESIAN_POINT ( 'NONE',  ( -17.06974095178198070, 17.50000000000000000, 0.000000000000000000 ) ) ;
#6701 = B_SPLINE_CURVE_WITH_KNOTS ( 'NONE', 3,
 ( #2965, #5837, #3824, #350, #3138, #5743, #1596, #8040 ),
 .UNSPECIFIED., .F., .F.,
 ( 4, 2, 2, 4 ),
 ( 0.000000000000000000, 0.0004722625751212588706, 0.0007083938626818847822, 0.0009445251502425108022 ),
 .UNSPECIFIED. ) ;
#6702 = CARTESIAN_POINT ( 'NONE',  ( 34.98687346096911455, -54.28469015539843667, -195.9883220336718068 ) ) ;
#6703 = DIRECTION ( 'NONE',  ( 1.000000000000000000, -0.000000000000000000, 0.000000000000000000 ) ) ;
#6704 = ORIENTED_EDGE ( 'NONE', *, *, #288, .T. ) ;
#6705 = CARTESIAN_POINT ( 'NONE',  ( -3.562125034031160542, -17.50000000000000000, -64.93474075469032414 ) ) ;
#6706 = LOCAL_TIME ( 17, 12, 35.00000000000000000, #4306 ) ;
#6707 = CARTESIAN_POINT ( 'NONE',  ( 8.082017713536318482, 17.50000000000000355, -60.61497395685186973 ) ) ;
#6708 = CARTESIAN_POINT ( 'NONE',  ( 15.05699896584065378, -8.741242913640149936, -86.30626805882528174 ) ) ;
#6709 = CARTESIAN_POINT ( 'NONE',  ( 7.180084917792225241, -17.50000000000000000, -63.74309684585509217 ) ) ;
#6710 = CARTESIAN_POINT ( 'NONE',  ( 7.500000000000000000, -17.50000000000000000, -4.000000000000000888 ) ) ;
#6711 = VERTEX_POINT ( 'NONE', #7837 ) ;
#6712 = VERTEX_POINT ( 'NONE', #3626 ) ;
#6713 = CARTESIAN_POINT ( 'NONE',  ( -6.271948799295507193, 15.50000000000000178, -60.58035159863396046 ) ) ;
#6714 = CARTESIAN_POINT ( 'NONE',  ( 12.89537197145553904, 15.46138498584874021, -27.15172479806536288 ) ) ;
#6715 = CARTESIAN_POINT ( 'NONE',  ( 23.12538325187861687, -60.57889774493692414, -144.0588497107793557 ) ) ;
#6716 = CARTESIAN_POINT ( 'NONE',  ( -7.828796431488508567, 17.50000000000000711, -60.61312454928678051 ) ) ;
#6717 = CARTESIAN_POINT ( 'NONE',  ( -14.99999999999999822, -20.09720884996023926, -70.62052607775282809 ) ) ;
#6718 = FACE_OUTER_BOUND ( 'NONE', #6001, .T. ) ;
#6719 = VECTOR ( 'NONE', #4235, 1000.000000000000114 ) ;
#6720 = COORDINATED_UNIVERSAL_TIME_OFFSET ( 8, 0, .AHEAD. ) ;
#6721 = ADVANCED_FACE ( 'NONE', ( #4316 ), #6548, .F. ) ;
#6722 = CARTESIAN_POINT ( 'NONE',  ( 17.18456861963707993, 17.50000000000000711, -45.77862231914593849 ) ) ;
#6723 = ORIENTED_EDGE ( 'NONE', *, *, #2034, .T. ) ;
#6724 = CARTESIAN_POINT ( 'NONE',  ( 34.93255404056737490, -85.79189844232274709, -196.5850072937473954 ) ) ;
#6725 = ORIENTED_EDGE ( 'NONE', *, *, #7199, .F. ) ;
#6726 = CARTESIAN_POINT ( 'NONE',  ( -14.00217872208738079, 15.50000000000000178, -29.54283315986243963 ) ) ;
#6727 = CARTESIAN_POINT ( 'NONE',  ( 7.124145734046298806, 15.50000000000000178, -60.11522865323706810 ) ) ;
#6728 = ORIENTED_EDGE ( 'NONE', *, *, #969, .T. ) ;
#6729 = LINE ( 'NONE', #6644, #3847 ) ;
#6730 = B_SPLINE_CURVE_WITH_KNOTS ( 'NONE', 3,
 ( #6825, #8214, #1399, #659, #1250, #3359, #4776, #2760, #563, #7557, #6136, #4733, #7470, #8349 ),
 .UNSPECIFIED., .F., .F.,
 ( 4, 2, 2, 2, 2, 2, 4 ),
 ( 5.275955480050202716E-18, 0.002559349187146942300, 0.005118698374293879395, 0.006398372967867349027, 0.007678047561440819527, 0.008957722155014289159, 0.01023739674858775879 ),
 .UNSPECIFIED. ) ;
#6731 = VECTOR ( 'NONE', #190, 1000.000000000000000 ) ;
#6732 = CARTESIAN_POINT ( 'NONE',  ( -13.56044625986878138, 17.50000000000001066, -26.63641946956541773 ) ) ;
#6733 = FACE_OUTER_BOUND ( 'NONE', #1559, .T. ) ;
#6734 = CARTESIAN_POINT ( 'NONE',  ( -8.924830578525565272, 15.50000000000000355, -58.00171587681295193 ) ) ;
#6735 = VERTEX_POINT ( 'NONE', #4362 ) ;
#6736 = DIRECTION ( 'NONE',  ( -0.000000000000000000, 1.000000000000000000, -0.000000000000000000 ) ) ;
#6737 = CARTESIAN_POINT ( 'NONE',  ( 8.723627461236281633, 10.49999999999996980, -55.11742251714219520 ) ) ;
#6738 = DIRECTION ( 'NONE',  ( 0.000000000000000000, -0.9899284628347759796, -0.1415684939157633715 ) ) ;
#6739 = CARTESIAN_POINT ( 'NONE',  ( 10.78029123014049517, 10.49999999999996803, -28.19898623827731754 ) ) ;
#6740 = APPROVAL ( #1477, 'UNKNOWN' ) ;
#6741 = DIRECTION ( 'NONE',  ( 9.060998566657750974E-07, 0.000000000000000000, -0.9999999999995894395 ) ) ;
#6742 = CARTESIAN_POINT ( 'NONE',  ( -11.23360035181207017, 10.86465884945505778, -28.39146837946267965 ) ) ;
#6743 = CARTESIAN_POINT ( 'NONE',  ( 12.61110350254843127, 15.49999999999997335, -26.91103563682353439 ) ) ;
#6744 = DIRECTION ( 'NONE',  ( -0.000000000000000000, 1.000000000000000000, -0.000000000000000000 ) ) ;
#6745 = ADVANCED_FACE ( 'NONE', ( #2894 ), #7278, .F. ) ;
#6746 = DIRECTION ( 'NONE',  ( 0.000000000000000000, 0.000000000000000000, 1.000000000000000000 ) ) ;
#6747 = ORIENTED_EDGE ( 'NONE', *, *, #7293, .T. ) ;
#6748 = CARTESIAN_POINT ( 'NONE',  ( 30.97249169936664259, -39.05015978993662884, -203.9257076239100002 ) ) ;
#6749 = CARTESIAN_POINT ( 'NONE',  ( 10.56987818809317581, 17.49999999999998934, -57.80125310296373442 ) ) ;
#6750 = CARTESIAN_POINT ( 'NONE',  ( -7.500000000000000000, -15.00000000000000000, -29.00000000000000000 ) ) ;
#6751 = CARTESIAN_POINT ( 'NONE',  ( 5.567018884351577768, 17.50000000000000000, -64.48042444362010883 ) ) ;
#6752 = CARTESIAN_POINT ( 'NONE',  ( -14.99999999999999645, -170.2684435961459712, -6.522560269672794675E-13 ) ) ;
#6753 = ORIENTED_EDGE ( 'NONE', *, *, #4040, .F. ) ;
#6754 = ORIENTED_EDGE ( 'NONE', *, *, #3660, .F. ) ;
#6755 = CARTESIAN_POINT ( 'NONE',  ( -7.422740736890721891, 15.50000000000000355, -59.63174734359387941 ) ) ;
#6756 = FACE_BOUND ( 'NONE', #4319, .T. ) ;
#6757 = CARTESIAN_POINT ( 'NONE',  ( 33.05902532310215491, -78.79123102411102764, -181.9573711511106069 ) ) ;
#6758 = AXIS2_PLACEMENT_3D ( 'NONE', #6717, #1969, #3934 ) ;
#6759 = CARTESIAN_POINT ( 'NONE',  ( 13.31458450712832864, 15.50000000000000355, -49.58552850231193787 ) ) ;
#6760 = CARTESIAN_POINT ( 'NONE',  ( -4.570549385945077425, 15.49999999999996803, -61.54547456293366281 ) ) ;
#6761 = CARTESIAN_POINT ( 'NONE',  ( -2.370661744665575554, -2.499999999999995115, -60.19999999999958362 ) ) ;
#6762 = DIRECTION ( 'NONE',  ( -0.000000000000000000, -1.000000000000000000, -0.000000000000000000 ) ) ;
#6763 = COORDINATED_UNIVERSAL_TIME_OFFSET ( 8, 0, .AHEAD. ) ;
#6764 = EDGE_CURVE ( 'NONE', #1935, #5729, #6458, .T. ) ;
#6765 = CARTESIAN_POINT ( 'NONE',  ( 16.77688151715399911, 17.50000000000000000, -48.24277048277932067 ) ) ;
#6766 = VERTEX_POINT ( 'NONE', #4493 ) ;
#6767 = CARTESIAN_POINT ( 'NONE',  ( -15.48636841285056143, -49.02066372541786166, -119.8106528430888602 ) ) ;
#6768 = ORIENTED_EDGE ( 'NONE', *, *, #4336, .F. ) ;
#6769 = CARTESIAN_POINT ( 'NONE',  ( 16.84820845646925136, -17.50000000000000000, -47.98695618760326198 ) ) ;
#6770 = B_SPLINE_CURVE_WITH_KNOTS ( 'NONE', 1,
 ( #5630, #8472 ),
 .UNSPECIFIED., .F., .F.,
 ( 2, 2 ),
 ( 0.000000000000000000, 1.000000000000000000 ),
 .UNSPECIFIED. ) ;
#6771 = AXIS2_PLACEMENT_3D ( 'NONE', #3909, #3267, #5462 ) ;
#6772 = CARTESIAN_POINT ( 'NONE',  ( -34.99999999999995737, -70.57955807856455976, -206.0201417254785667 ) ) ;
#6773 = CARTESIAN_POINT ( 'NONE',  ( 25.14440963406252294, -46.65190299344449443, -173.1074651179945647 ) ) ;
#6774 = VERTEX_POINT ( 'NONE', #5678 ) ;
#6775 = EDGE_CURVE ( 'NONE', #3806, #6711, #6524, .T. ) ;
#6776 = SHAPE_REPRESENTATION ( '\X2\64e662ed6d777ef5\X0\', ( #6410 ), #564 ) ;
#6777 = CARTESIAN_POINT ( 'NONE',  ( -14.65500626747456714, 17.49999999999999645, -28.26484867103139109 ) ) ;
#6778 = EDGE_CURVE ( 'NONE', #2772, #8757, #542, .T. ) ;
#6779 = CARTESIAN_POINT ( 'NONE',  ( -7.581996191760951298, -0.02355718692020680391, -59.30674613812963258 ) ) ;
#6780 = CARTESIAN_POINT ( 'NONE',  ( -14.06970171764777255, 15.50000000000000178, -43.30001061052171707 ) ) ;
#6781 = VERTEX_POINT ( 'NONE', #2257 ) ;
#6782 = CARTESIAN_POINT ( 'NONE',  ( 7.500000000000000000, -2.499999999999998668, -29.00000000000000000 ) ) ;
#6783 = ADVANCED_FACE ( 'NONE', ( #7143 ), #5091, .T. ) ;
#6784 = FACE_BOUND ( 'NONE', #6036, .T. ) ;
#6785 = CARTESIAN_POINT ( 'NONE',  ( 10.72354871293756950, 10.49999999999997158, -28.18223953169553297 ) ) ;
#6786 = DIRECTION ( 'NONE',  ( -3.747383971338125757E-13, 0.000000000000000000, 1.000000000000000000 ) ) ;
#6787 = CARTESIAN_POINT ( 'NONE',  ( 34.99562448698972617, -57.46939994154194409, -205.4709601914980226 ) ) ;
#6788 = PLANE ( 'NONE',  #3348 ) ;
#6789 = EDGE_CURVE ( 'NONE', #4056, #7556, #195, .T. ) ;
#6790 = CARTESIAN_POINT ( 'NONE',  ( -10.54339687652884905, -0.1749695939607067985, -59.75442867500621702 ) ) ;
#6791 = ORIENTED_EDGE ( 'NONE', *, *, #7697, .T. ) ;
#6792 = LINE ( 'NONE', #8314, #1570 ) ;
#6793 = CARTESIAN_POINT ( 'NONE',  ( 29.74349156899619118, -38.48959815482941593, -201.7657732873511236 ) ) ;
#6794 = CARTESIAN_POINT ( 'NONE',  ( 8.475651142108912239, 17.49999999999999645, -60.25837405990717599 ) ) ;
#6795 = CARTESIAN_POINT ( 'NONE',  ( 5.986562247144306070, 2.617721902403017165, -60.04322451053417353 ) ) ;
#6796 = B_SPLINE_CURVE_WITH_KNOTS ( 'NONE', 3,
 ( #2678, #7570, #3372, #6793, #1172, #5475, #8270, #7524, #6148, #3416, #8811, #3969, #1954, #4744, #6748, #3234, #5332, #6016, #1264, #1997 ),
 .UNSPECIFIED., .F., .F.,
 ( 4, 2, 2, 2, 2, 2, 2, 2, 2, 4 ),
 ( 4.510281037539699062E-17, 4.944798840840454397E-05, 9.889597681676398514E-05, 0.0001977919536335428509, 0.0003955839072671070065, 0.0007911678145342399254, 0.001582335629068509775, 0.003164671258137045570, 0.006329342516274120631, 0.01265868503254819616 ),
 .UNSPECIFIED. ) ;
#6797 = CARTESIAN_POINT ( 'NONE',  ( 8.477736587764606924, 17.50000000000000355, -60.25895376653564739 ) ) ;
#6798 = EDGE_CURVE ( 'NONE', #7919, #3582, #4192, .T. ) ;
#6799 = CARTESIAN_POINT ( 'NONE',  ( 15.26092232926038506, 17.50000000000000355, -29.46028105296904798 ) ) ;
#6800 = CARTESIAN_POINT ( 'NONE',  ( -20.71029801326594111, -46.86878742688503507, -127.9337185154877687 ) ) ;
#6801 = VERTEX_POINT ( 'NONE', #4453 ) ;
#6802 = CARTESIAN_POINT ( 'NONE',  ( -2.621255869074553324, 15.50000000000000000, -61.99533523578381988 ) ) ;
#6803 = EDGE_CURVE ( 'NONE', #2697, #7045, #6536, .T. ) ;
#6804 = DIRECTION ( 'NONE',  ( 0.000000000000000000, -1.000000000000000000, 0.000000000000000000 ) ) ;
#6805 = CARTESIAN_POINT ( 'NONE',  ( 20.87301888395036897, -47.76221809638589377, -117.1666020695361965 ) ) ;
#6806 = CARTESIAN_POINT ( 'NONE',  ( 12.09651829691801694, 15.50000000000000355, -52.82291842885442179 ) ) ;
#6807 = CARTESIAN_POINT ( 'NONE',  ( -3.590802748714131187, 15.49999999999996980, -61.86098068516884751 ) ) ;
#6808 = CARTESIAN_POINT ( 'NONE',  ( 8.017488487750911830, 1.017553980786006784, -59.26395620804859732 ) ) ;
#6809 = CARTESIAN_POINT ( 'NONE',  ( 14.15887493083913107, 15.50000000000000000, -29.11492812465138158 ) ) ;
#6810 = APPROVAL_STATUS ( 'not_yet_approved' ) ;
#6811 = CARTESIAN_POINT ( 'NONE',  ( 11.61993360072411363, 17.50000000000000711, -59.75417818967613215 ) ) ;
#6812 = ORIENTED_EDGE ( 'NONE', *, *, #8025, .T. ) ;
#6813 = CARTESIAN_POINT ( 'NONE',  ( 12.98774596236854784, 15.48340488093924883, -27.23317156393315130 ) ) ;
#6814 = ORIENTED_EDGE ( 'NONE', *, *, #2023, .F. ) ;
#6815 = CARTESIAN_POINT ( 'NONE',  ( -12.94007092368911316, 15.48168902858377827, -27.44489748111582372 ) ) ;
#6816 = CARTESIAN_POINT ( 'NONE',  ( -35.00000000000001421, -64.95257690594914379, -202.7473065187078589 ) ) ;
#6817 = CARTESIAN_POINT ( 'NONE',  ( 20.00000000000001776, -41.23663933105678581, -147.6063357210605034 ) ) ;
#6818 = ORIENTED_EDGE ( 'NONE', *, *, #3307, .T. ) ;
#6819 = FACE_OUTER_BOUND ( 'NONE', #7626, .T. ) ;
#6820 = CIRCLE ( 'NONE', #399, 1.549999999999999378 ) ;
#6821 = CARTESIAN_POINT ( 'NONE',  ( -14.87428902520431961, 17.50000000000000711, -28.88734021758612158 ) ) ;
#6822 = CARTESIAN_POINT ( 'NONE',  ( -11.00890574082714934, -0.2376377027452350188, -59.88519686715270041 ) ) ;
#6823 = CARTESIAN_POINT ( 'NONE',  ( -10.77307543069832718, 15.50000000000000355, -55.07400265023218822 ) ) ;
#6824 = ORIENTED_EDGE ( 'NONE', *, *, #3838, .F. ) ;
#6825 = CARTESIAN_POINT ( 'NONE',  ( -6.000000000000000000, 12.29785522679700094, 29.03867220827262940 ) ) ;
#6826 = DIRECTION ( 'NONE',  ( 0.000000000000000000, -0.1415684939157633992, 0.9899284628347760906 ) ) ;
#6827 = CARTESIAN_POINT ( 'NONE',  ( 10.72735227323105001, 10.49999999999996803, -28.18331125555804206 ) ) ;
#6828 = CARTESIAN_POINT ( 'NONE',  ( 6.033709196717248702, 4.514583802994931006, -59.30265050442955044 ) ) ;
#6829 = CARTESIAN_POINT ( 'NONE',  ( -2.370661744665575554, 10.99999999999972822, -60.19999999999958362 ) ) ;
#6830 = CARTESIAN_POINT ( 'NONE',  ( 6.564249883202433189, 15.49999999999995737, -60.55203169470268421 ) ) ;
#6831 = VECTOR ( 'NONE', #3169, 1000.000000000000114 ) ;
#6832 = LINE ( 'NONE', #8767, #4546 ) ;
#6833 = EDGE_LOOP ( 'NONE', ( #2357, #2210, #8798, #4210 ) ) ;
#6834 = CARTESIAN_POINT ( 'NONE',  ( 6.000000000000000000, 57.18184671051506029, -27.79443944768760844 ) ) ;
#6835 = DIRECTION ( 'NONE',  ( 0.000000000000000000, 0.000000000000000000, 1.000000000000000000 ) ) ;
#6836 = CARTESIAN_POINT ( 'NONE',  ( 12.74684312880300574, 17.50000000000000000, -53.82013976712146075 ) ) ;
#6837 = CARTESIAN_POINT ( 'NONE',  ( -37.00000000000001421, -41.07268860280741762, -218.8881194659842322 ) ) ;
#6838 = ADVANCED_FACE ( 'NONE', ( #283 ), #3084, .F. ) ;
#6839 = LOCAL_TIME ( 17, 12, 35.00000000000000000, #2157 ) ;
#6840 = CIRCLE ( 'NONE', #5248, 2.999999999999995559 ) ;
#6841 = CARTESIAN_POINT ( 'NONE',  ( 3.826753094821202961, -17.50000000000000000, -64.93433622679604866 ) ) ;
#6842 = DIRECTION ( 'NONE',  ( 0.000000000000000000, -1.000000000000000000, 0.000000000000000000 ) ) ;
#6843 = CARTESIAN_POINT ( 'NONE',  ( -2.178810835250315492, 0.2933909765622603194, -64.86299527426113798 ) ) ;
#6844 = ADVANCED_FACE ( 'NONE', ( #8151 ), #2440, .F. ) ;
#6845 = VERTEX_POINT ( 'NONE', #1188 ) ;
#6846 = VERTEX_POINT ( 'NONE', #5310 ) ;
#6847 = CARTESIAN_POINT ( 'NONE',  ( -19.99999999999999645, -20.07818333825522572, -70.62745079770516554 ) ) ;
#6848 = DIRECTION ( 'NONE',  ( -1.000000000000000000, -0.000000000000000000, -0.000000000000000000 ) ) ;
#6849 = LOCAL_TIME ( 17, 12, 35.00000000000000000, #7589 ) ;
#6850 = CARTESIAN_POINT ( 'NONE',  ( 15.84440810443212655, -53.11462424292029283, -128.4098439153121376 ) ) ;
#6851 = CARTESIAN_POINT ( 'NONE',  ( 13.70809605000078513, 15.50000000000000355, -48.16645748040624397 ) ) ;
#6852 = CARTESIAN_POINT ( 'NONE',  ( -6.378998612951765956, 15.49999999999997158, -60.49797657836642628 ) ) ;
#6853 = CARTESIAN_POINT ( 'NONE',  ( -35.00000000000001421, -87.37327935545148705, -199.9077270581289270 ) ) ;
#6854 = CARTESIAN_POINT ( 'NONE',  ( 14.21997145645841165, 15.50000000000000355, -29.34727583450565547 ) ) ;
#6855 = EDGE_CURVE ( 'NONE', #279, #4036, #1729, .T. ) ;
#6856 = CARTESIAN_POINT ( 'NONE',  ( -13.40805589125169384, 15.50000000000000355, -28.03484863807066674 ) ) ;
#6857 = COORDINATED_UNIVERSAL_TIME_OFFSET ( 8, 0, .AHEAD. ) ;
#6858 = CC_DESIGN_PERSON_AND_ORGANIZATION_ASSIGNMENT ( #3463, #5519, ( #8494 ) ) ;
#6859 = CARTESIAN_POINT ( 'NONE',  ( 11.64083676750309593, 17.50000000000000000, -59.72706916548862921 ) ) ;
#6860 = VERTEX_POINT ( 'NONE', #7369 ) ;
#6861 = CARTESIAN_POINT ( 'NONE',  ( -15.14331967374208077, -34.24963286083816172, -88.77462284600518672 ) ) ;
#6862 = ORIENTED_EDGE ( 'NONE', *, *, #6553, .F. ) ;
#6863 = CARTESIAN_POINT ( 'NONE',  ( -2.370661744665575110, 11.09159961416719753, -60.19999999999958362 ) ) ;
#6864 = CARTESIAN_POINT ( 'NONE',  ( 2.755054696695962591, 15.49999999999999645, -61.99999425281606591 ) ) ;
#6865 = CARTESIAN_POINT ( 'NONE',  ( 34.84392767575947403, -43.39343128632571478, -199.9524160757018478 ) ) ;
#6866 = EDGE_LOOP ( 'NONE', ( #6812, #2663, #2072, #3171, #4651 ) ) ;
#6867 = DIRECTION ( 'NONE',  ( 0.000000000000000000, 0.000000000000000000, 1.000000000000000000 ) ) ;
#6868 = CARTESIAN_POINT ( 'NONE',  ( -13.39001757602878584, 17.50000000000000000, -26.47277128198256690 ) ) ;
#6869 = CARTESIAN_POINT ( 'NONE',  ( -6.000000000000000000, -3.875915986123537937, -62.39241525616005646 ) ) ;
#6870 = DIRECTION ( 'NONE',  ( 0.000000000000000000, 0.000000000000000000, 1.000000000000000000 ) ) ;
#6871 = AXIS2_PLACEMENT_3D ( 'NONE', #4559, #3874, #2541 ) ;
#6872 = ORIENTED_EDGE ( 'NONE', *, *, #5564, .T. ) ;
#6873 = CARTESIAN_POINT ( 'NONE',  ( 30.39458486228788558, -81.36295037720501000, -187.2791195413325909 ) ) ;
#6874 = EDGE_CURVE ( 'NONE', #9024, #964, #692, .T. ) ;
#6875 = AXIS2_PLACEMENT_3D ( 'NONE', #7306, #6620, #1786 ) ;
#6876 = CARTESIAN_POINT ( 'NONE',  ( 11.31351181770008552, 10.49999999999997158, -28.44585960285771264 ) ) ;
#6877 = CARTESIAN_POINT ( 'NONE',  ( -19.49935818418840938, -22.20332607554519910, -69.95965339523195325 ) ) ;
#6878 = CARTESIAN_POINT ( 'NONE',  ( 6.214543403123196974, 3.667576173194161182, -59.41849632691283745 ) ) ;
#6879 = CARTESIAN_POINT ( 'NONE',  ( -19.99999999999999645, -24.79567195388979073, -68.91042536112450989 ) ) ;
#6880 = EDGE_CURVE ( 'NONE', #4036, #8907, #5908, .T. ) ;
#6881 = CARTESIAN_POINT ( 'NONE',  ( 7.142056687404799931, 15.49999999999997868, -60.10139203570662403 ) ) ;
#6882 = VECTOR ( 'NONE', #3528, 1000.000000000000000 ) ;
#6883 = DIRECTION ( 'NONE',  ( -0.000000000000000000, 1.000000000000000000, -0.000000000000000000 ) ) ;
#6884 = ORIENTED_EDGE ( 'NONE', *, *, #6067, .T. ) ;
#6885 = DIRECTION ( 'NONE',  ( 0.7750859297768606382, 0.000000000000000000, -0.6318558391452431255 ) ) ;
#6886 = CARTESIAN_POINT ( 'NONE',  ( -13.23618175602478964, 11.00000000000102851, -60.19999999999958362 ) ) ;
#6887 = CARTESIAN_POINT ( 'NONE',  ( 10.45619642890045498, 17.50000000000000711, -57.96425773536090986 ) ) ;
#6888 = EDGE_CURVE ( 'NONE', #3379, #3721, #2623, .T. ) ;
#6889 = CARTESIAN_POINT ( 'NONE',  ( 16.98941819132969044, -25.59140934649477117, -151.2722259309245771 ) ) ;
#6890 = MECHANICAL_CONTEXT ( 'NONE', #2180, 'mechanical' ) ;
#6891 = DIRECTION ( 'NONE',  ( 0.000000000000000000, -0.000000000000000000, -1.000000000000000000 ) ) ;
#6892 = CARTESIAN_POINT ( 'NONE',  ( 13.34890638775370419, 17.50000000000001066, -26.21781129860645621 ) ) ;
#6893 = EDGE_CURVE ( 'NONE', #2940, #9050, #1018, .T. ) ;
#6894 = ORIENTED_EDGE ( 'NONE', *, *, #5778, .F. ) ;
#6895 = EDGE_LOOP ( 'NONE', ( #8818, #1903, #5302, #3940, #43, #1621 ) ) ;
#6896 = CARTESIAN_POINT ( 'NONE',  ( -20.36366392597363983, -34.19821521915048379, -150.1681125939362857 ) ) ;
#6897 = ORIENTED_EDGE ( 'NONE', *, *, #3108, .F. ) ;
#6898 = CARTESIAN_POINT ( 'NONE',  ( 3.690597372705100465, -1.753024956440109916, -64.07736105442921826 ) ) ;
#6899 = DIRECTION ( 'NONE',  ( -0.000000000000000000, 1.000000000000000000, -0.000000000000000000 ) ) ;
#6900 = CARTESIAN_POINT ( 'NONE',  ( 26.34126268149206140, -68.18802129334029871, -159.9522252856556292 ) ) ;
#6901 = CARTESIAN_POINT ( 'NONE',  ( -5.464695524451663289, 17.49999999999999645, -62.23676641892497940 ) ) ;
#6902 = CARTESIAN_POINT ( 'NONE',  ( -6.305810089600991653, 15.49999999999997158, -60.55224770176720028 ) ) ;
#6903 = CARTESIAN_POINT ( 'NONE',  ( -6.000000000000001776, 61.85122702443587883, -4.407461352263108978 ) ) ;
#6904 = DIRECTION ( 'NONE',  ( -1.000000000000000000, 0.000000000000000000, 0.000000000000000000 ) ) ;
#6905 = CARTESIAN_POINT ( 'NONE',  ( -10.49338125607745198, 10.49999999999996447, -28.17858804015342500 ) ) ;
#6906 = APPROVAL_ROLE ( '' ) ;
#6907 = CARTESIAN_POINT ( 'NONE',  ( 13.52957145763367564, 17.49999999999999645, -56.76454612776885966 ) ) ;
#6908 = CARTESIAN_POINT ( 'NONE',  ( 14.85329799223474012, 17.50000000000000000, -28.12974348152554782 ) ) ;
#6909 = AXIS2_PLACEMENT_3D ( 'NONE', #281, #882, #5177 ) ;
#6910 = VERTEX_POINT ( 'NONE', #3125 ) ;
#6911 = CARTESIAN_POINT ( 'NONE',  ( 5.844673231011917380, -17.50000000000000000, -64.37508124497483664 ) ) ;
#6912 = CARTESIAN_POINT ( 'NONE',  ( -34.99562448698969774, -57.46939994154170250, -205.4709601914975110 ) ) ;
#6913 = CLOSED_SHELL ( 'NONE', ( #4283, #4634, #4519, #8410, #1052, #7558, #8982, #6163, #682, #3831 ) ) ;
#6914 = CARTESIAN_POINT ( 'NONE',  ( 20.18557547073168834, -13.36113709650640224, -92.05242645858206174 ) ) ;
#6915 = VERTEX_POINT ( 'NONE', #5267 ) ;
#6916 = CARTESIAN_POINT ( 'NONE',  ( -12.66888390172036338, 15.49999999999996980, -27.16848664379984868 ) ) ;
#6917 = DIRECTION ( 'NONE',  ( -0.000000000000000000, 1.000000000000000000, -0.000000000000000000 ) ) ;
#6918 = CARTESIAN_POINT ( 'NONE',  ( -14.06968505842763584, 15.50000000000000000, -43.79833629097610981 ) ) ;
#6919 = ORIENTED_EDGE ( 'NONE', *, *, #1943, .T. ) ;
#6920 = DIRECTION ( 'NONE',  ( 0.000000000000000000, 0.9961946980917455452, -0.08715574274765884588 ) ) ;
#6921 = CARTESIAN_POINT ( 'NONE',  ( -10.68274259825107464, 10.49999999999997158, -28.25562595551505751 ) ) ;
#6922 = CARTESIAN_POINT ( 'NONE',  ( 10.62199335719298432, 10.49999999999996980, -28.15483265199218366 ) ) ;
#6923 = CARTESIAN_POINT ( 'NONE',  ( -14.99999999999999822, -6.001819538171618618, -75.75082822763786794 ) ) ;
#6924 = CARTESIAN_POINT ( 'NONE',  ( -16.86910527530381998, -25.30477951466912501, -150.1631415589910148 ) ) ;
#6925 = CARTESIAN_POINT ( 'NONE',  ( -6.000000000000001776, 47.21989972959759996, -26.92288202021101995 ) ) ;
#6926 = CARTESIAN_POINT ( 'NONE',  ( -20.65676697838423337, -15.00327994369820139, -110.4349061084821386 ) ) ;
#6927 = CARTESIAN_POINT ( 'NONE',  ( 11.23320968919483320, 15.49999999999997868, -54.67663655236025733 ) ) ;
#6928 = CARTESIAN_POINT ( 'NONE',  ( -15.36385408904285299, -17.57090076038178950, -120.3283629879519054 ) ) ;
#6929 = CARTESIAN_POINT ( 'NONE',  ( 5.263156073845951077, 10.94695536643530787, -59.24601392829503510 ) ) ;
#6930 = ORIENTED_EDGE ( 'NONE', *, *, #2958, .F. ) ;
#6931 = DIRECTION ( 'NONE',  ( -1.000000000000000000, 0.000000000000000000, 0.000000000000000000 ) ) ;
#6932 = CARTESIAN_POINT ( 'NONE',  ( -14.52269608161637748, 17.50000000000000000, -54.18015594225478537 ) ) ;
#6933 = CARTESIAN_POINT ( 'NONE',  ( 34.46091077667059466, -38.29793817820578994, -201.0041431276274864 ) ) ;
#6934 = APPROVAL_DATE_TIME ( #7708, #3343 ) ;
#6935 = CARTESIAN_POINT ( 'NONE',  ( -6.000000000000001776, 49.08720012175118796, 23.10474224124539333 ) ) ;
#6936 = CARTESIAN_POINT ( 'NONE',  ( 14.04501319715894958, 17.50000000000000711, -26.87797493044275399 ) ) ;
#6937 =( BOUNDED_SURFACE ( )  B_SPLINE_SURFACE ( 3, 2, ( 
 ( #2339, #6534, #4524 ),
 ( #263, #8610, #7920 ),
 ( #3836, #7349, #5938 ),
 ( #4611, #6576, #5161 ),
 ( #6490, #3069, #5124 ),
 ( #2425, #1094, #5252 ) ),
 .UNSPECIFIED., .F., .F., .F. ) 
 B_SPLINE_SURFACE_WITH_KNOTS ( ( 4, 2, 4 ),
 ( 3, 3 ),
 ( 0.007216384209798584054, 0.009952153396339185470, 0.01268792258287978862 ),
 ( 0.000000000000000000, 1.000000000000000000 ),
 .UNSPECIFIED. ) 
 GEOMETRIC_REPRESENTATION_ITEM ( )  RATIONAL_B_SPLINE_SURFACE ( (
 ( 1.000000000000000000, 0.9408011119971279035, 1.000000000000000000),
 ( 1.000000000000000000, 0.9367938190855340519, 1.000000000000000000),
 ( 1.000000000000000000, 0.9320373557951474597, 1.000000000000000000),
 ( 1.000000000000000000, 0.9195409349223174766, 1.000000000000000000),
 ( 1.000000000000000000, 0.9118501168964111558, 1.000000000000000000),
 ( 1.000000000000000000, 0.9008927298446196552, 1.000000000000000000) ) ) 
 REPRESENTATION_ITEM ( '' )  SURFACE ( )  );
#6938 = EDGE_LOOP ( 'NONE', ( #1102, #7324, #5808, #5481 ) ) ;
#6939 = EDGE_CURVE ( 'NONE', #7625, #6846, #1760, .T. ) ;
#6940 = ORIENTED_EDGE ( 'NONE', *, *, #3074, .T. ) ;
#6941 = ORIENTED_EDGE ( 'NONE', *, *, #5056, .F. ) ;
#6942 = CARTESIAN_POINT ( 'NONE',  ( -11.36964360600237356, 15.50000000000000178, -53.86007414887984623 ) ) ;
#6943 = FACE_BOUND ( 'NONE', #4585, .T. ) ;
#6944 = CARTESIAN_POINT ( 'NONE',  ( -29.87359743213741936, -80.97285782111927688, -186.4594762566037502 ) ) ;
#6945 = CARTESIAN_POINT ( 'NONE',  ( 14.30604619673891875, 15.50000000000000000, -44.29339566832883435 ) ) ;
#6946 = CARTESIAN_POINT ( 'NONE',  ( -34.93255404056739621, -41.34363852367938108, -212.7628508690614524 ) ) ;
#6947 = CARTESIAN_POINT ( 'NONE',  ( 10.09332850402931747, -0.06587403336910760410, -59.63054903535304163 ) ) ;
#6948 = CARTESIAN_POINT ( 'NONE',  ( 16.07254796405597119, -17.50000000000000000, -50.81920450729415961 ) ) ;
#6949 = CARTESIAN_POINT ( 'NONE',  ( -12.01095163062589322, 15.50000000000000355, -26.68523515937448565 ) ) ;
#6950 = CARTESIAN_POINT ( 'NONE',  ( 9.906145988344858822, 17.50000000000000000, -61.66394969162904260 ) ) ;
#6951 = EDGE_LOOP ( 'NONE', ( #59, #3986, #3726, #607 ) ) ;
#6952 = DIRECTION ( 'NONE',  ( 7.850462293418875834E-17, 0.9396926207859095381, 0.3420201433256654378 ) ) ;
#6953 = ORIENTED_EDGE ( 'NONE', *, *, #5114, .T. ) ;
#6954 = CARTESIAN_POINT ( 'NONE',  ( -18.31045225960476230, -7.179320924820737915, -75.36493146648419383 ) ) ;
#6955 = AXIS2_PLACEMENT_3D ( 'NONE', #4237, #5736, #2859 ) ;
#6956 = CARTESIAN_POINT ( 'NONE',  ( -35.00000000000001421, -64.82065645658911990, -208.1162104979451613 ) ) ;
#6957 = DIRECTION ( 'NONE',  ( -1.000000000000000000, 0.000000000000000000, 0.000000000000000000 ) ) ;
#6958 = VERTEX_POINT ( 'NONE', #4627 ) ;
#6959 = APPLICATION_PROTOCOL_DEFINITION ( 'international standard', 'config_control_design', 1994, #610 ) ;
#6960 = AXIS2_PLACEMENT_3D ( 'NONE', #5710, #137, #9052 ) ;
#6961 = CARTESIAN_POINT ( 'NONE',  ( 13.42423333740959457, 17.49999999999999645, -52.24360680269141000 ) ) ;
#6962 = CARTESIAN_POINT ( 'NONE',  ( 14.69905067253642095, 17.50000000000000000, -56.83004547186534694 ) ) ;
#6963 = DIRECTION ( 'NONE',  ( 0.000000000000000000, -0.9396926207859103153, 0.3420201433256636059 ) ) ;
#6964 = ORIENTED_EDGE ( 'NONE', *, *, #5778, .T. ) ;
#6965 = CYLINDRICAL_SURFACE ( 'NONE', #6185, 1.549999999999995826 ) ;
#6966 = VECTOR ( 'NONE', #1837, 999.9999999999998863 ) ;
#6967 = CARTESIAN_POINT ( 'NONE',  ( -10.74942472911497404, 10.49999999999997158, -28.28348590976280974 ) ) ;
#6968 = CARTESIAN_POINT ( 'NONE',  ( 13.05011450293448760, 15.50000000000000178, -27.28088325446969264 ) ) ;
#6969 = EDGE_CURVE ( 'NONE', #259, #2392, #1126, .T. ) ;
#6970 = B_SPLINE_CURVE_WITH_KNOTS ( 'NONE', 3,
 ( #1236, #3941, #6861, #8830, #550, #3393, #3346, #8107, #6767, #3297, #4028, #8153, #1147, #5352, #4629, #6074, #3437, #4762, #600, #508, #6121, #4806 ),
 .UNSPECIFIED., .F., .F.,
 ( 4, 2, 2, 2, 2, 2, 2, 2, 2, 2, 4 ),
 ( 3.469446951953614189E-18, 0.03299945094754958008, 0.04949917642132437012, 0.05362410778976807457, 0.05774903915821176514, 0.06599890189509918792, 0.08249862736887404735, 0.09074849010576147013, 0.09899835284264887902, 0.1154980783164237940, 0.1319978037901987089 ),
 .UNSPECIFIED. ) ;
#6971 = PLANE ( 'NONE',  #3472 ) ;
#6972 = CARTESIAN_POINT ( 'NONE',  ( -19.94049126887344769, -30.03644574383541510, -168.5293883883193473 ) ) ;
#6973 = CARTESIAN_POINT ( 'NONE',  ( 6.000000000000000000, 57.18184671051506029, -29.09443944768759849 ) ) ;
#6974 = DIRECTION ( 'NONE',  ( 0.000000000000000000, -0.3420201433256652157, 0.9396926207859097602 ) ) ;
#6975 = AXIS2_PLACEMENT_3D ( 'NONE', #5288, #6786, #4604 ) ;
#6976 = CARTESIAN_POINT ( 'NONE',  ( 9.921407125573384889, 15.49999999999997513, -56.97454494782542866 ) ) ;
#6977 = CARTESIAN_POINT ( 'NONE',  ( 15.32783472253181145, 17.50000000000000000, -43.29998848339158002 ) ) ;
#6978 = VERTEX_POINT ( 'NONE', #7454 ) ;
#6979 = CARTESIAN_POINT ( 'NONE',  ( -7.319088027467191004, 17.49999999999999645, -61.03551276856131125 ) ) ;
#6980 = CARTESIAN_POINT ( 'NONE',  ( 19.98456066045111257, -30.09527961493125048, -168.7581651849858417 ) ) ;
#6981 = CARTESIAN_POINT ( 'NONE',  ( 11.90038927682778613, 17.50000000000000000, -55.56820496144239030 ) ) ;
#6982 = FACE_OUTER_BOUND ( 'NONE', #2197, .T. ) ;
#6983 = CARTESIAN_POINT ( 'NONE',  ( 1.263387639861770771E-13, -38.48283812885080124, -201.7397258176124240 ) ) ;
#6984 = ORIENTED_EDGE ( 'NONE', *, *, #6086, .F. ) ;
#6985 = VERTEX_POINT ( 'NONE', #1063 ) ;
#6986 = CARTESIAN_POINT ( 'NONE',  ( -13.04262004334854375, 15.50000000000000178, -49.63045370992301741 ) ) ;
#6987 = CARTESIAN_POINT ( 'NONE',  ( 7.500000000000000000, -2.499999999999998668, -29.00000000000000000 ) ) ;
#6988 = CARTESIAN_POINT ( 'NONE',  ( -29.79135122410427883, -80.92886564631670865, -186.3670420635000085 ) ) ;
#6989 = CARTESIAN_POINT ( 'NONE',  ( 6.024681161542653207, 15.50000000000000178, -60.92170163751531931 ) ) ;
#6990 = AXIS2_PLACEMENT_3D ( 'NONE', #8735, #6542, #5854 ) ;
#6991 = CARTESIAN_POINT ( 'NONE',  ( -34.80652825230313852, -78.34652541325201014, -188.1040502058278321 ) ) ;
#6992 = CARTESIAN_POINT ( 'NONE',  ( 14.37011909815189092, 17.49999999999999645, -55.07737736400087414 ) ) ;
#6993 = ORIENTED_EDGE ( 'NONE', *, *, #4244, .T. ) ;
#6994 = CARTESIAN_POINT ( 'NONE',  ( 0.000000000000000000, -72.75973641421624905, -199.9057328435300462 ) ) ;
#6995 = LOCAL_TIME ( 17, 12, 35.00000000000000000, #6720 ) ;
#6996 = CARTESIAN_POINT ( 'NONE',  ( -7.500000000000000000, -2.499999999999998668, -29.00000000000000000 ) ) ;
#6997 = DIRECTION ( 'NONE',  ( 0.000000000000000000, -0.9878266396858756959, -0.1555587667954175524 ) ) ;
#6998 = CARTESIAN_POINT ( 'NONE',  ( -14.83278715365449685, 17.49999999999999645, -46.31830064078434361 ) ) ;
#6999 = ORIENTED_EDGE ( 'NONE', *, *, #636, .T. ) ;
#7000 = CALENDAR_DATE ( 2026, 29, 5 ) ;
#7001 = CARTESIAN_POINT ( 'NONE',  ( 6.000000000000000000, 57.18184671051506029, -29.09443944768759849 ) ) ;
#7002 = CARTESIAN_POINT ( 'NONE',  ( 20.00000000000000355, -20.07818333825529677, -70.62745079770515133 ) ) ;
#7003 = CARTESIAN_POINT ( 'NONE',  ( -4.839670097819572803, 17.50000000000000711, -64.64002810530624288 ) ) ;
#7004 = ORIENTED_EDGE ( 'NONE', *, *, #7179, .F. ) ;
#7005 = CARTESIAN_POINT ( 'NONE',  ( -6.000000000000012434, 4.930045471145179548, -59.18730740161884540 ) ) ;
#7006 = ADVANCED_FACE ( 'NONE', ( #3892 ), #3983, .F. ) ;
#7007 = CARTESIAN_POINT ( 'NONE',  ( 4.955315403468668833, 10.49999999999996980, -59.23137134651481261 ) ) ;
#7008 = AXIS2_PLACEMENT_3D ( 'NONE', #3020, #5793, #2332 ) ;
#7009 = CARTESIAN_POINT ( 'NONE',  ( -5.013389964787713815, 17.50000000000000000, -62.44424812438043659 ) ) ;
#7010 = CARTESIAN_POINT ( 'NONE',  ( -10.70859092584441363, 10.49999999999996803, -28.26616787117076157 ) ) ;
#7011 = CARTESIAN_POINT ( 'NONE',  ( 10.98016145160189438, 15.50000000000000000, -26.18017674967805775 ) ) ;
#7012 = VECTOR ( 'NONE', #7215, 1000.000000000000000 ) ;
#7013 = CARTESIAN_POINT ( 'NONE',  ( -18.05529979410300356, -23.83996654127307480, -69.29231563206521116 ) ) ;
#7014 = CARTESIAN_POINT ( 'NONE',  ( -15.05979184849916130, -8.764635037556699260, -86.39640168283432331 ) ) ;
#7015 = CARTESIAN_POINT ( 'NONE',  ( -5.298691198054362950, 10.49999999999996980, -58.80733099967716271 ) ) ;
#7016 = CARTESIAN_POINT ( 'NONE',  ( 17.32779548841932993, 17.50000000000000000, 0.000000000000000000 ) ) ;
#7017 = CARTESIAN_POINT ( 'NONE',  ( -11.23360035181207017, 10.86465884945505778, -28.39146837946267965 ) ) ;
#7018 = AXIS2_PLACEMENT_3D ( 'NONE', #3102, #5880, #8677 ) ;
#7019 = CARTESIAN_POINT ( 'NONE',  ( -14.99999999999999645, -170.2684435961459712, -6.522560269672794675E-13 ) ) ;
#7020 = ORIENTED_EDGE ( 'NONE', *, *, #8481, .F. ) ;
#7021 = CARTESIAN_POINT ( 'NONE',  ( -7.162126147306503654, 17.50000000000000355, -61.15863482514338045 ) ) ;
#7022 = CARTESIAN_POINT ( 'NONE',  ( 34.15051860908537407, -38.08273866621766501, -200.1479666334546152 ) ) ;
#7023 = B_SPLINE_CURVE_WITH_KNOTS ( 'NONE', 3,
 ( #4951, #1436, #923, #2939, #3575, #5768, #8574, #787, #2889, #7882, #832, #2298, #6998, #3620, #6498, #879, #6356, #1527, #3674, #99, #5003, #3529, #5673, #8474, #6406, #8526, #2253, #5047, #1574, #7136, #1620, #3720, #233, #2433, #2474, #3204, #5992, #6674, #1706, #1141, #3245, #3932, #456, #1754, #6027, #416, #4533, #5856, #1799, #372, #1666, #8014, #8656, #2350, #5173, #1105, #5902, #6588, #4488, #8780, #7973, #7317, #5133, #3157, #3848, #7931, #3888, #278, #8060, #3080, #4448, #1834, #6633, #1014, #7233, #8697, #7365, #2391, #966, #3120, #4579, #2516, #5306, #8739, #7401, #7274, #5214, #1058, #3799, #3761, #5263, #6544, #327, #5950, #6716, #8102, #4622, #501, #5343, #1325, #6209, #8911, #8823, #2008, #6114, #8281, #6065, #8145, #1919, #4108, #5393, #2600, #7492, #5440, #2646, #6901, #1872, #8238, #1967, #639, #4713, #1227, #4755, #684, #8191, #7446, #4672, #7537, #3428, #1278 ),
 .UNSPECIFIED., .F., .F.,
 ( 4, 1, 1, 1, 2, 2, 1, 1, 1, 2, 2, 1, 1, 2, 2, 1, 1, 1, 2, 2, 1, 1, 1, 2, 2, 1, 1, 1, 1, 2, 2, 1, 2, 2, 1, 1, 1, 2, 2, 1, 1, 2, 2, 1, 1, 2, 2, 1, 1, 2, 2, 1, 1, 2, 2, 1, 2, 2, 1, 1, 2, 2, 2, 2, 2, 2, 2, 1, 2, 2, 1, 2, 2, 1, 1, 2, 2, 1, 1, 2, 2, 1, 2, 2, 4 ),
 ( 0.000000000000000000, 0.03125000000000181105, 0.04687500000000229677, 0.05468750000000255351, 0.05859375000000268535, 0.06250000000000281719, 0.09375000000000474620, 0.1093750000000057176, 0.1171875000000062034, 0.1210937500000064809, 0.1250000000000067446, 0.1562500000000053568, 0.1718750000000042466, 0.1796875000000040801, 0.1875000000000039135, 0.2187500000000032752, 0.2343750000000029143, 0.2421875000000027478, 0.2460937500000026645, 0.2500000000000025535, 0.2812500000000036082, 0.2968750000000044409, 0.3046875000000052736, 0.3085937500000056621, 0.3125000000000060507, 0.3437500000000116018, 0.3593750000000139888, 0.3671875000000152101, 0.3710937500000158762, 0.3730468750000158762, 0.3750000000000158762, 0.4062500000000169309, 0.4218750000000174305, 0.4375000000000179856, 0.4531250000000184852, 0.4609375000000184297, 0.4648437500000183187, 0.4667968750000187073, 0.4687500000000190958, 0.4843750000000247580, 0.4921875000000275890, 0.4960937500000286438, 0.5000000000000296430, 0.5156250000000317524, 0.5234375000000327516, 0.5273437500000333067, 0.5312500000000338618, 0.5468750000000359712, 0.5546875000000367484, 0.5585937500000370814, 0.5625000000000374145, 0.5781250000000365263, 0.5859375000000364153, 0.5898437500000364153, 0.5937500000000364153, 0.6093750000000363043, 0.6171875000000363043, 0.6250000000000363043, 0.6562500000000374145, 0.6718750000000379696, 0.6796875000000383027, 0.6875000000000386358, 0.7187500000000384137, 0.7500000000000381917, 0.7812500000000380806, 0.7890625000000381917, 0.7968750000000383027, 0.8046875000000384137, 0.8085937500000381917, 0.8125000000000379696, 0.8281250000000358602, 0.8359375000000345279, 0.8437500000000331957, 0.8593750000000306422, 0.8671875000000290878, 0.8710937500000283107, 0.8750000000000275335, 0.8906250000000239808, 0.8984375000000222045, 0.9023437500000213163, 0.9062500000000204281, 0.9218750000000166533, 0.9296875000000147660, 0.9375000000000128786, 1.000000000000000000 ),
 .UNSPECIFIED. ) ;
#7024 = PLANE ( 'NONE',  #1630 ) ;
#7025 = CARTESIAN_POINT ( 'NONE',  ( 14.31419281819766631, 15.49999999999997691, -29.90980915862254719 ) ) ;
#7026 = VECTOR ( 'NONE', #1656, 1000.000000000000000 ) ;
#7027 = ADVANCED_FACE ( 'NONE', ( #3804 ), #4537, .F. ) ;
#7028 = CARTESIAN_POINT ( 'NONE',  ( 17.54859651735840131, -26.08180391718217450, -153.1222447169149916 ) ) ;
#7029 = VERTEX_POINT ( 'NONE', #1145 ) ;
#7030 = ORIENTED_EDGE ( 'NONE', *, *, #8506, .T. ) ;
#7031 = CARTESIAN_POINT ( 'NONE',  ( -12.56594084443475445, 15.50000000000000178, -51.03115948850214068 ) ) ;
#7032 = DIRECTION ( 'NONE',  ( -0.000000000000000000, 1.000000000000000000, -0.000000000000000000 ) ) ;
#7033 = CARTESIAN_POINT ( 'NONE',  ( 39.03018177548670309, -81.52396353146944818, -197.9901984863386133 ) ) ;
#7034 = FACE_OUTER_BOUND ( 'NONE', #6281, .T. ) ;
#7035 = CARTESIAN_POINT ( 'NONE',  ( -15.06971349694538453, 17.50000000000000000, -30.30001151662691683 ) ) ;
#7036 = CARTESIAN_POINT ( 'NONE',  ( 14.05533109952164139, 17.50000000000000000, -55.74763642950238562 ) ) ;
#7037 = DIRECTION ( 'NONE',  ( 0.000000000000000000, 0.000000000000000000, -1.000000000000000000 ) ) ;
#7038 = DIRECTION ( 'NONE',  ( 0.000000000000000000, -0.9961946980917454342, 0.08715574274765880425 ) ) ;
#7039 = CARTESIAN_POINT ( 'NONE',  ( -10.91742025114655412, 17.50000000000000000, -56.86152091242635009 ) ) ;
#7040 = VERTEX_POINT ( 'NONE', #6594 ) ;
#7041 = FACE_OUTER_BOUND ( 'NONE', #2586, .T. ) ;
#7042 = DIRECTION ( 'NONE',  ( 0.000000000000000000, 0.9396926207859088720, -0.3420201433256676582 ) ) ;
#7043 = LINE ( 'NONE', #2845, #4255 ) ;
#7044 = PERSON ( 'NAUO-PER3', 'UNSPECIFIED', 'UNSPECIFIED', ('UNSPECIFIED'), ('UNSPECIFIED'), ('UNSPECIFIED') ) ;
#7045 = VERTEX_POINT ( 'NONE', #8702 ) ;
#7046 = APPROVAL_STATUS ( 'not_yet_approved' ) ;
#7047 = EDGE_CURVE ( 'NONE', #5221, #6958, #4268, .T. ) ;
#7048 = CARTESIAN_POINT ( 'NONE',  ( 14.24406250252206085, 17.50000000000000355, -49.95065904237841892 ) ) ;
#7049 = CARTESIAN_POINT ( 'NONE',  ( 21.26222726735818469, -50.41223740314289614, -135.3548391514986236 ) ) ;
#7050 = CARTESIAN_POINT ( 'NONE',  ( -12.48767707829084728, 17.50000000000000355, -58.12981632418436817 ) ) ;
#7051 = ORIENTED_EDGE ( 'NONE', *, *, #4498, .F. ) ;
#7052 = DIRECTION ( 'NONE',  ( -0.000000000000000000, -1.000000000000000000, 0.000000000000000000 ) ) ;
#7053 = ADVANCED_FACE ( 'NONE', ( #8467 ), #781, .T. ) ;
#7054 = CARTESIAN_POINT ( 'NONE',  ( 3.650398599707811442, 10.49999999999996803, -59.84546882453085459 ) ) ;
#7055 = CARTESIAN_POINT ( 'NONE',  ( -12.84992223756001373, 15.49999999999997513, -50.22615474141144887 ) ) ;
#7056 = CIRCLE ( 'NONE', #3124, 2.999999999999999112 ) ;
#7057 = EDGE_CURVE ( 'NONE', #1237, #4709, #7552, .T. ) ;
#7058 = CARTESIAN_POINT ( 'NONE',  ( -10.74291273133712821, 10.49999999999997158, -28.28065620935300828 ) ) ;
#7059 = CARTESIAN_POINT ( 'NONE',  ( 12.96291906113024517, 15.50000000000000355, -27.19890297146972102 ) ) ;
#7060 = CARTESIAN_POINT ( 'NONE',  ( 34.81211421851391918, -42.04096079492615701, -200.7702325754324875 ) ) ;
#7061 = CARTESIAN_POINT ( 'NONE',  ( -2.994748028930613870, 10.49999999999996980, -59.94222265635028180 ) ) ;
#7062 = CYLINDRICAL_SURFACE ( 'NONE', #3159, 2.000000000000003109 ) ;
#7063 = CARTESIAN_POINT ( 'NONE',  ( -19.99999999999999645, -20.08605431718183709, -70.62561471225579623 ) ) ;
#7064 = CARTESIAN_POINT ( 'NONE',  ( -16.65206932314876198, -24.22710443528539415, -67.71577926683556825 ) ) ;
#7065 = CARTESIAN_POINT ( 'NONE',  ( -20.32838348919210247, -10.50254974093490468, -93.09286716805993933 ) ) ;
#7066 = VECTOR ( 'NONE', #6426, 1000.000000000000000 ) ;
#7067 = EDGE_CURVE ( 'NONE', #7743, #5997, #5900, .T. ) ;
#7068 = LINE ( 'NONE', #1407, #2209 ) ;
#7069 = VERTEX_POINT ( 'NONE', #5926 ) ;
#7070 = EDGE_CURVE ( 'NONE', #4485, #772, #2576, .T. ) ;
#7071 = CARTESIAN_POINT ( 'NONE',  ( -7.627094380303258703, 17.50000000000000711, -60.78378935363908653 ) ) ;
#7072 = CARTESIAN_POINT ( 'NONE',  ( 26.83915290359475492, -37.01072128650260851, -174.9699956747758165 ) ) ;
#7073 = APPROVAL_DATE_TIME ( #4982, #4962 ) ;
#7074 = SHAPE_REPRESENTATION ( 'XC-02', ( #6410 ), #5536 ) ;
#7075 = EDGE_CURVE ( 'NONE', #4522, #4654, #5359, .T. ) ;
#7076 = CARTESIAN_POINT ( 'NONE',  ( 34.81588236779218448, -83.05634010819017021, -190.8371867225114045 ) ) ;
#7077 = CARTESIAN_POINT ( 'NONE',  ( 13.29508478083860012, 17.50000000000000711, -26.17588632220013878 ) ) ;
#7078 = DIRECTION ( 'NONE',  ( 0.000000000000000000, 0.000000000000000000, 1.000000000000000000 ) ) ;
#7079 = CARTESIAN_POINT ( 'NONE',  ( -12.89158422369121837, 15.50000000000000178, -50.10082689560307045 ) ) ;
#7080 = CARTESIAN_POINT ( 'NONE',  ( 14.63433960769549103, 17.43531556916303771, -27.43592963160174492 ) ) ;
#7081 = CARTESIAN_POINT ( 'NONE',  ( 36.99999999999999289, -87.54256388039573267, -194.5252236675478628 ) ) ;
#7082 = ORIENTED_EDGE ( 'NONE', *, *, #7697, .F. ) ;
#7083 = PLANE ( 'NONE',  #167 ) ;
#7084 = LINE ( 'NONE', #2242, #3455 ) ;
#7085 = ADVANCED_FACE ( 'NONE', ( #1852 ), #300, .F. ) ;
#7086 = CARTESIAN_POINT ( 'NONE',  ( -9.522096153077109548, -0.8715173882866636967, -61.65543891584922420 ) ) ;
#7087 = PERSON_AND_ORGANIZATION ( #5189, #1305 ) ;
#7088 = CARTESIAN_POINT ( 'NONE',  ( -13.12958931360838655, 15.49999999999998401, -27.65025386613976366 ) ) ;
#7089 = ADVANCED_FACE ( 'NONE', ( #8760 ), #272, .T. ) ;
#7090 = CARTESIAN_POINT ( 'NONE',  ( 8.568662429244604084, 0.3887568071265197767, -58.10668783833597217 ) ) ;
#7091 = CARTESIAN_POINT ( 'NONE',  ( -11.86595703653170908, 17.49999999999999645, -55.13291584213040863 ) ) ;
#7092 = ORIENTED_EDGE ( 'NONE', *, *, #184, .T. ) ;
#7093 = FACE_OUTER_BOUND ( 'NONE', #2973, .T. ) ;
#7094 = LINE ( 'NONE', #57, #6080 ) ;
#7095 = CARTESIAN_POINT ( 'NONE',  ( 15.00000000000000711, -6.001819538171618618, -75.75082822763786794 ) ) ;
#7096 = VERTEX_POINT ( 'NONE', #2748 ) ;
#7097 = CALENDAR_DATE ( 2026, 29, 5 ) ;
#7098 = CARTESIAN_POINT ( 'NONE',  ( 15.06138153461705720, 17.50000000000000711, -46.50650257125559506 ) ) ;
#7099 = B_SPLINE_CURVE_WITH_KNOTS ( 'NONE', 3,
 ( #8983, #6188, #2810, #2713, #8307, #5600, #2036, #4275, #6371, #8396, #5687, #5645, #1354, #1500, #7060, #1453, #8491, #4133, #4233, #3586 ),
 .UNSPECIFIED., .F., .F.,
 ( 4, 2, 2, 2, 2, 2, 2, 2, 2, 4 ),
 ( 3.357306211760597922E-16, 0.003343444271749695766, 0.006686888543499055863, 0.008358610679373738514, 0.01003033281524841683, 0.01086619388318579502, 0.01170205495112317147, 0.01253791601906054792, 0.01295584655302923875, 0.01337377708699792611 ),
 .UNSPECIFIED. ) ;
#7100 = CARTESIAN_POINT ( 'NONE',  ( 15.34269919567056384, -43.70093277564050283, -108.6332291851203138 ) ) ;
#7101 = CARTESIAN_POINT ( 'NONE',  ( -7.378559233030351550, 17.50000000000000355, -63.45080638879138490 ) ) ;
#7102 = EDGE_LOOP ( 'NONE', ( #5495, #5962, #4104, #5268 ) ) ;
#7103 = ORIENTED_EDGE ( 'NONE', *, *, #8295, .T. ) ;
#7104 = PLANE ( 'NONE',  #8618 ) ;
#7105 = AXIS2_PLACEMENT_3D ( 'NONE', #3470, #45, #589 ) ;
#7106 = CARTESIAN_POINT ( 'NONE',  ( -12.32362351943960022, 15.49999999999997158, -51.65628472308588215 ) ) ;
#7107 = CARTESIAN_POINT ( 'NONE',  ( 11.58556529805069601, 15.50000000000000000, -26.36059837352840418 ) ) ;
#7108 = DIRECTION ( 'NONE',  ( -9.060998510210827389E-07, 0.000000000000000000, 0.9999999999995894395 ) ) ;
#7109 = CARTESIAN_POINT ( 'NONE',  ( -6.121320343559657928, 2.308582335766577565, -67.53720873321455542 ) ) ;
#7110 = CARTESIAN_POINT ( 'NONE',  ( -11.19473306714877126, 10.85344769480775540, -28.36803453448748158 ) ) ;
#7111 = CARTESIAN_POINT ( 'NONE',  ( -12.94007092368911316, 15.48168902858377827, -27.44489748111582372 ) ) ;
#7112 = CARTESIAN_POINT ( 'NONE',  ( -34.71470984242794344, -80.87784897668329620, -186.2606658524080956 ) ) ;
#7113 = CARTESIAN_POINT ( 'NONE',  ( 6.770197919092378669, 10.94673814343083507, -57.99434439438653754 ) ) ;
#7114 = ORIENTED_EDGE ( 'NONE', *, *, #4768, .T. ) ;
#7115 = CARTESIAN_POINT ( 'NONE',  ( -15.21166222126575995, -17.50000000000000000, -52.55521300004200924 ) ) ;
#7116 = CARTESIAN_POINT ( 'NONE',  ( 12.69902323682850209, 15.50000000000000178, -26.55114509413395396 ) ) ;
#7117 = CARTESIAN_POINT ( 'NONE',  ( -20.16302335543607782, -21.31415534144943180, -108.1379353115376603 ) ) ;
#7118 = ADVANCED_FACE ( 'NONE', ( #4811 ), #5030, .T. ) ;
#7119 = AXIS2_PLACEMENT_3D ( 'NONE', #7881, #7781, #2199 ) ;
#7120 = CARTESIAN_POINT ( 'NONE',  ( -30.39458486228746992, -38.75470023343820003, -202.7872543278270712 ) ) ;
#7121 = CARTESIAN_POINT ( 'NONE',  ( 9.998763685114729682, -5.891034298436768957, -75.32395484155358645 ) ) ;
#7122 = ORIENTED_EDGE ( 'NONE', *, *, #3283, .T. ) ;
#7123 = CARTESIAN_POINT ( 'NONE',  ( 14.86433422359868395, 17.51200150566828384, -28.13944367327312435 ) ) ;
#7124 = CARTESIAN_POINT ( 'NONE',  ( 34.69548656865958947, -76.26777883518435885, -187.6089075812153339 ) ) ;
#7125 = VERTEX_POINT ( 'NONE', #4859 ) ;
#7126 = CARTESIAN_POINT ( 'NONE',  ( 8.049736219960392347, 15.50000000000000178, -59.28201911076165942 ) ) ;
#7127 = CARTESIAN_POINT ( 'NONE',  ( 14.66116805586541005, 16.16666666666665009, -43.29998908745814390 ) ) ;
#7128 = ADVANCED_FACE ( 'NONE', ( #7638 ), #6355, .T. ) ;
#7129 = CALENDAR_DATE ( 2026, 29, 5 ) ;
#7130 = CARTESIAN_POINT ( 'NONE',  ( -13.69779443926679363, 15.49999999999997158, -28.57189256154419965 ) ) ;
#7131 = CARTESIAN_POINT ( 'NONE',  ( 8.074441402142015889, 0.1842502732831619305, -58.70706116110429917 ) ) ;
#7132 = ORIENTED_EDGE ( 'NONE', *, *, #7047, .F. ) ;
#7133 = DIRECTION ( 'NONE',  ( 1.000000000000000000, 0.000000000000000000, 0.000000000000000000 ) ) ;
#7134 = AXIS2_PLACEMENT_3D ( 'NONE', #7897, #5231, #431 ) ;
#7135 = CARTESIAN_POINT ( 'NONE',  ( -20.13645911811597600, -16.44396237038051112, -95.29044198939290311 ) ) ;
#7136 = CARTESIAN_POINT ( 'NONE',  ( -13.92190749746471745, 17.50000000000000000, -50.15869297005903604 ) ) ;
#7137 = ORIENTED_EDGE ( 'NONE', *, *, #2082, .F. ) ;
#7138 = EDGE_CURVE ( 'NONE', #829, #1374, #7094, .T. ) ;
#7139 = CALENDAR_DATE ( 2026, 29, 5 ) ;
#7140 = CARTESIAN_POINT ( 'NONE',  ( 13.81136197154591372, 17.50000000000000355, -51.23120531248773091 ) ) ;
#7141 = CC_DESIGN_PERSON_AND_ORGANIZATION_ASSIGNMENT ( #38, #7813, ( #4234 ) ) ;
#7142 = AXIS2_PLACEMENT_3D ( 'NONE', #7551, #4814, #3444 ) ;
#7143 = FACE_OUTER_BOUND ( 'NONE', #7883, .T. ) ;
#7144 = CARTESIAN_POINT ( 'NONE',  ( -7.642818639030719119, 17.50000000000000355, -63.28222482906882362 ) ) ;
#7145 = ORIENTED_EDGE ( 'NONE', *, *, #1318, .T. ) ;
#7146 = ORIENTED_EDGE ( 'NONE', *, *, #8801, .T. ) ;
#7147 = DIRECTION ( 'NONE',  ( -0.000000000000000000, 1.000000000000000000, -0.000000000000000000 ) ) ;
#7148 = CARTESIAN_POINT ( 'NONE',  ( 4.467343001801078906, 10.49999999999997158, -59.51079254274620922 ) ) ;
#7149 = APPROVAL_PERSON_ORGANIZATION ( #7087, #6183, #5761 ) ;
#7150 = CARTESIAN_POINT ( 'NONE',  ( -13.00755228848916367, 15.49999999999997335, -49.74335095530719997 ) ) ;
#7151 = LINE ( 'NONE', #4544, #2340 ) ;
#7152 = CARTESIAN_POINT ( 'NONE',  ( 13.89603741986129037, 15.50000000000000000, -28.44128624352693535 ) ) ;
#7153 = CARTESIAN_POINT ( 'NONE',  ( -12.69897453663696218, 15.50000000000000000, -27.19590220947435100 ) ) ;
#7154 = CARTESIAN_POINT ( 'NONE',  ( -9.103612129953525312, 10.49999999999996803, -53.94718997550999973 ) ) ;
#7155 = CARTESIAN_POINT ( 'NONE',  ( 15.32782294323374295, 17.50000000000000000, -30.29998848339698725 ) ) ;
#7156 = DIRECTION ( 'NONE',  ( 0.000000000000000000, 0.000000000000000000, -1.000000000000000000 ) ) ;
#7157 = CARTESIAN_POINT ( 'NONE',  ( -17.45775887235918233, -80.89787048455826834, -186.3019165546997726 ) ) ;
#7158 = CARTESIAN_POINT ( 'NONE',  ( -26.14762225943037777, -36.32701133896583912, -172.1508951789699324 ) ) ;
#7159 = CARTESIAN_POINT ( 'NONE',  ( -26.12300448420814547, -32.57369020794607906, -178.2315155235829423 ) ) ;
#7160 = CARTESIAN_POINT ( 'NONE',  ( 34.76661458570434604, -79.30665510623499870, -186.8810715887148035 ) ) ;
#7161 = ORIENTED_EDGE ( 'NONE', *, *, #718, .F. ) ;
#7162 = FACE_OUTER_BOUND ( 'NONE', #1974, .T. ) ;
#7163 = CARTESIAN_POINT ( 'NONE',  ( -20.37115094146340510, -37.01465629642196120, -102.4234203008580977 ) ) ;
#7164 = ADVANCED_FACE ( 'NONE', ( #7831 ), #1432, .T. ) ;
#7165 =( BOUNDED_CURVE ( )  B_SPLINE_CURVE ( 3, ( #5478, #5614, #6253, #768 ),
 .UNSPECIFIED., .F., .T. ) 
 B_SPLINE_CURVE_WITH_KNOTS ( ( 4, 4 ),
 ( 4.014257279586963989, 4.024625719312624028 ),
 .UNSPECIFIED. ) 
 CURVE ( )  GEOMETRIC_REPRESENTATION_ITEM ( )  RATIONAL_B_SPLINE_CURVE ( ( 1.000000000000000000, 0.9999910413082024885, 0.9999910413082024885, 1.000000000000000000 ) ) 
 REPRESENTATION_ITEM ( '' )  );
#7166 = LINE ( 'NONE', #3781, #9020 ) ;
#7167 = CARTESIAN_POINT ( 'NONE',  ( 2.628825013707253966, -2.499999999999995115, -60.19999999999958362 ) ) ;
#7168 = CARTESIAN_POINT ( 'NONE',  ( 13.47575859614309302, 15.49999999999996447, -27.76371719634485302 ) ) ;
#7169 = CARTESIAN_POINT ( 'NONE',  ( -10.05022618317706851, -10.50254974093492777, -93.09286716806012407 ) ) ;
#7170 = ORIENTED_EDGE ( 'NONE', *, *, #5178, .T. ) ;
#7171 = DIRECTION ( 'NONE',  ( 0.000000000000000000, 1.000000000000000000, 0.000000000000000000 ) ) ;
#7172 = EDGE_CURVE ( 'NONE', #5067, #8023, #6271, .T. ) ;
#7173 = DIRECTION ( 'NONE',  ( 0.000000000000000000, 0.3420201433256680468, 0.9396926207859086499 ) ) ;
#7174 = EDGE_LOOP ( 'NONE', ( #3257, #7841, #2595, #4103 ) ) ;
#7175 = DIRECTION ( 'NONE',  ( 0.000000000000000000, -0.3420201433256680468, -0.9396926207859086499 ) ) ;
#7176 = CARTESIAN_POINT ( 'NONE',  ( 7.500000000000000000, -17.50000000000000000, -29.00000000000000000 ) ) ;
#7177 = B_SPLINE_CURVE_WITH_KNOTS ( 'NONE', 3,
 ( #7035, #1381, #3474, #4203 ),
 .UNSPECIFIED., .F., .F.,
 ( 4, 4 ),
 ( 0.000000000000000000, 1.000000000000000000 ),
 .UNSPECIFIED. ) ;
#7178 = AXIS2_PLACEMENT_3D ( 'NONE', #5088, #4263, #4216 ) ;
#7179 = EDGE_CURVE ( 'NONE', #2187, #3721, #4405, .T. ) ;
#7180 = PLANE ( 'NONE',  #2755 ) ;
#7181 = CARTESIAN_POINT ( 'NONE',  ( 12.80086103500800476, 17.50000000000001421, -53.70047973971802691 ) ) ;
#7182 = CARTESIAN_POINT ( 'NONE',  ( -12.32005675031054004, 17.50000000000000355, -54.18803228713630915 ) ) ;
#7183 = EDGE_LOOP ( 'NONE', ( #6273, #1045, #751, #7963 ) ) ;
#7184 = CARTESIAN_POINT ( 'NONE',  ( -6.121320343559653487, -2.389880768162969016, -65.82710801658623723 ) ) ;
#7185 = CARTESIAN_POINT ( 'NONE',  ( -20.42587395186930976, -24.77812078242959615, -126.5301675213718653 ) ) ;
#7186 = DIRECTION ( 'NONE',  ( -1.000000000000000000, -0.000000000000000000, -0.000000000000000000 ) ) ;
#7187 = EDGE_LOOP ( 'NONE', ( #1272, #5215 ) ) ;
#7188 = EDGE_CURVE ( 'NONE', #4036, #7938, #2252, .T. ) ;
#7189 = DIRECTION ( 'NONE',  ( 1.000000000000000000, 0.000000000000000000, 0.000000000000000000 ) ) ;
#7190 = LINE ( 'NONE', #1758, #4578 ) ;
#7191 = CARTESIAN_POINT ( 'NONE',  ( -19.99999999999999645, -10.70028264210113988, -74.04072751100946448 ) ) ;
#7192 = CARTESIAN_POINT ( 'NONE',  ( 11.00000000000000000, -170.2684435961459712, -6.522560269672794675E-13 ) ) ;
#7193 = VERTEX_POINT ( 'NONE', #8429 ) ;
#7194 = ORIENTED_EDGE ( 'NONE', *, *, #6533, .T. ) ;
#7195 = CARTESIAN_POINT ( 'NONE',  ( 29.70083269965873995, -80.89787048454859075, -186.3019165546791100 ) ) ;
#7196 = CARTESIAN_POINT ( 'NONE',  ( 8.012303347407231158, 10.49999999999997158, -56.22699552928766309 ) ) ;
#7197 = CARTESIAN_POINT ( 'NONE',  ( -8.220846418345029605, 15.49999999999997335, -58.83495619378336272 ) ) ;
#7198 = DIRECTION ( 'NONE',  ( 1.000000000000000000, 0.000000000000000000, 0.000000000000000000 ) ) ;
#7199 = EDGE_CURVE ( 'NONE', #7125, #147, #786, .T. ) ;
#7200 = CARTESIAN_POINT ( 'NONE',  ( 14.32782294323413907, 15.50000000000000178, -30.29998938949681531 ) ) ;
#7201 = CARTESIAN_POINT ( 'NONE',  ( -5.340121075660769101, 10.49999999999996803, -58.77523361286274195 ) ) ;
#7202 = DIRECTION ( 'NONE',  ( 1.000000000000000000, 0.000000000000000000, 0.000000000000000000 ) ) ;
#7203 = EDGE_CURVE ( 'NONE', #8152, #8140, #2884, .T. ) ;
#7204 = DIRECTION ( 'NONE',  ( -1.000000000000000000, 0.000000000000000000, 0.000000000000000000 ) ) ;
#7205 = CARTESIAN_POINT ( 'NONE',  ( 6.000000000000000000, 5.341861949834027179, -59.03741846139573113 ) ) ;
#7206 = CARTESIAN_POINT ( 'NONE',  ( -29.10415005356756524, -34.14087292185278244, -184.5718301061186821 ) ) ;
#7207 = CARTESIAN_POINT ( 'NONE',  ( -33.29747611838271837, -85.11781504075362648, -194.9963504429242391 ) ) ;
#7208 = AXIS2_PLACEMENT_3D ( 'NONE', #7001, #1394, #5676 ) ;
#7209 = VERTEX_POINT ( 'NONE', #3673 ) ;
#7210 = CARTESIAN_POINT ( 'NONE',  ( 35.29366683387636527, -38.86640459201283448, -203.2656583545175977 ) ) ;
#7211 = CARTESIAN_POINT ( 'NONE',  ( -35.00000000000001421, -57.92306129188300901, -194.6640632387778567 ) ) ;
#7212 = VECTOR ( 'NONE', #874, 1000.000000000000114 ) ;
#7213 = CARTESIAN_POINT ( 'NONE',  ( -34.83248607287977450, -76.26264832448144659, -187.9889994501783974 ) ) ;
#7214 = B_SPLINE_CURVE_WITH_KNOTS ( 'NONE', 3,
 ( #5712, #50, #8518, #7587, #8374, #4897 ),
 .UNSPECIFIED., .F., .F.,
 ( 4, 2, 4 ),
 ( 0.000000000000000000, 0.2032824518876091557, 0.4065649037752183115 ),
 .UNSPECIFIED. ) ;
#7215 = DIRECTION ( 'NONE',  ( -0.000000000000000000, 1.000000000000000000, -0.000000000000000000 ) ) ;
#7216 = CARTESIAN_POINT ( 'NONE',  ( 13.86383545483901081, 15.49999999999996980, -28.38058450178660763 ) ) ;
#7217 = AXIS2_PLACEMENT_3D ( 'NONE', #8883, #4129, #6085 ) ;
#7218 = CARTESIAN_POINT ( 'NONE',  ( -16.66180088549403138, -5.891034298436773398, -75.32395484155350118 ) ) ;
#7219 = VERTEX_POINT ( 'NONE', #5046 ) ;
#7220 = DIRECTION ( 'NONE',  ( 0.000000000000000000, 0.3420201433256636614, 0.9396926207859102043 ) ) ;
#7221 = CARTESIAN_POINT ( 'NONE',  ( -11.83993066848145936, -2.499999999999995115, -28.74477051893633117 ) ) ;
#7222 = ORIENTED_EDGE ( 'NONE', *, *, #8122, .T. ) ;
#7223 = DIRECTION ( 'NONE',  ( -0.000000000000000000, 1.000000000000000000, -0.000000000000000000 ) ) ;
#7224 = LINE ( 'NONE', #1612, #5172 ) ;
#7225 = CARTESIAN_POINT ( 'NONE',  ( -26.34126268138147964, -68.18802129342485330, -159.9522252857826743 ) ) ;
#7226 = CARTESIAN_POINT ( 'NONE',  ( -12.94661811048879940, 15.49999999999997691, -27.44088660647060252 ) ) ;
#7227 = EDGE_CURVE ( 'NONE', #358, #1867, #6453, .T. ) ;
#7228 = CARTESIAN_POINT ( 'NONE',  ( 3.744138110263297126, 15.49999999999997158, -61.88404551032339640 ) ) ;
#7229 = CARTESIAN_POINT ( 'NONE',  ( -11.31364845546871756, 17.50000000000000000, -56.17753355904071810 ) ) ;
#7230 = VERTEX_POINT ( 'NONE', #3483 ) ;
#7231 = CARTESIAN_POINT ( 'NONE',  ( 14.69902421335411624, 17.50000000000000000, -27.62886829247502263 ) ) ;
#7232 = CARTESIAN_POINT ( 'NONE',  ( -34.82906823473415159, -42.95037330385817853, -200.1136759933730502 ) ) ;
#7233 = CARTESIAN_POINT ( 'NONE',  ( -10.81155501738570912, 17.50000000000000355, -57.03552175945084457 ) ) ;
#7234 = ORIENTED_EDGE ( 'NONE', *, *, #2477, .T. ) ;
#7235 = PLANE ( 'NONE',  #6326 ) ;
#7236 = LINE ( 'NONE', #7935, #1670 ) ;
#7237 = DIRECTION ( 'NONE',  ( 0.000000000000000000, -0.9899284628347760906, -0.1415684939157626776 ) ) ;
#7238 = CARTESIAN_POINT ( 'NONE',  ( 6.000000000000000000, 63.80888571314956437, -27.92617313198953610 ) ) ;
#7239 =( BOUNDED_SURFACE ( )  B_SPLINE_SURFACE ( 3, 2, ( 
 ( #6530, #8512, #2238 ),
 ( #260, #2184, #5659 ),
 ( #3066, #5844, #84 ),
 ( #2141, #7716, #2875 ),
 ( #7080, #819, #132 ),
 ( #5035, #4344, #7123 ) ),
 .UNSPECIFIED., .F., .F., .T. ) 
 B_SPLINE_SURFACE_WITH_KNOTS ( ( 4, 2, 4 ),
 ( 3, 3 ),
 ( 0.002834726171845628091, 0.004574640718952542942, 0.006314555266059458660 ),
 ( 0.000000000000000000, 1.000000000000000000 ),
 .UNSPECIFIED. ) 
 GEOMETRIC_REPRESENTATION_ITEM ( )  RATIONAL_B_SPLINE_SURFACE ( (
 ( 1.000000000000000000, 0.9307264094872443883, 1.000000000000000000),
 ( 1.000000000000000000, 0.9400872913621415305, 1.000000000000000000),
 ( 1.000000000000000000, 0.9481046289053052245, 1.000000000000000000),
 ( 1.000000000000000000, 0.9618326561660950347, 1.000000000000000000),
 ( 1.000000000000000000, 0.9675411378608352875, 1.000000000000000000),
 ( 1.000000000000000000, 0.9725211678752936351, 1.000000000000000000) ) ) 
 REPRESENTATION_ITEM ( '' )  SURFACE ( )  );
#7240 = VERTEX_POINT ( 'NONE', #2888 ) ;
#7241 = CARTESIAN_POINT ( 'NONE',  ( -1.171572875253812374, -0.3169060858998137831, -65.35375267892351303 ) ) ;
#7242 = CARTESIAN_POINT ( 'NONE',  ( 9.200731009500449531, 15.50000000000000000, -57.97905278064560264 ) ) ;
#7243 = CARTESIAN_POINT ( 'NONE',  ( -2.638536197095311397, 17.49999999999998934, -62.99999791758639844 ) ) ;
#7244 = CARTESIAN_POINT ( 'NONE',  ( -15.42163830043954675, -47.04988100985055866, -115.6698744331555986 ) ) ;
#7245 = CARTESIAN_POINT ( 'NONE',  ( -13.36621247052191919, 17.50000000000000000, -26.45100997444758661 ) ) ;
#7246 = PRODUCT_RELATED_PRODUCT_CATEGORY ( 'detail', '', ( #1747 ) ) ;
#7247 = CARTESIAN_POINT ( 'NONE',  ( 5.000000000000000000, -15.00000000000000000, -54.00000000000000711 ) ) ;
#7248 = CARTESIAN_POINT ( 'NONE',  ( -2.621255869074553324, 15.50000000000000000, -61.99533523578381988 ) ) ;
#7249 = CARTESIAN_POINT ( 'NONE',  ( 34.82906823473417290, -76.43033530955067079, -187.9279663789384358 ) ) ;
#7250 = CARTESIAN_POINT ( 'NONE',  ( -6.000000000000000000, 49.08720012175118796, 21.80474224124540328 ) ) ;
#7251 = CARTESIAN_POINT ( 'NONE',  ( -3.104364726834290100E-16, -24.60614944768833112, -68.51220999636144882 ) ) ;
#7252 = CARTESIAN_POINT ( 'NONE',  ( -33.72964181153774632, -42.27685245913831835, -197.2001712503551971 ) ) ;
#7253 = CARTESIAN_POINT ( 'NONE',  ( -35.00000000000001421, -87.37327935545148705, -199.9077270581289270 ) ) ;
#7254 = ADVANCED_FACE ( 'NONE', ( #4213 ), #8, .F. ) ;
#7255 = CARTESIAN_POINT ( 'NONE',  ( -34.76661458570434604, -79.30665510623529713, -186.8810715887156562 ) ) ;
#7256 = CIRCLE ( 'NONE', #4339, 10.00000000000000000 ) ;
#7257 = CARTESIAN_POINT ( 'NONE',  ( 19.34287769496862808, -22.47595685416213485, -69.84888084183491230 ) ) ;
#7258 = DIRECTION ( 'NONE',  ( 0.000000000000000000, 0.000000000000000000, -1.000000000000000000 ) ) ;
#7259 = CARTESIAN_POINT ( 'NONE',  ( 2.585786437626876655, 1.099358522526704185, -64.21489361127119366 ) ) ;
#7260 = ORIENTED_EDGE ( 'NONE', *, *, #1364, .T. ) ;
#7261 = DIRECTION ( 'NONE',  ( 0.000000000000000000, 0.000000000000000000, -1.000000000000000000 ) ) ;
#7262 = DIRECTION ( 'NONE',  ( 0.000000000000000000, -1.000000000000000000, 0.000000000000000000 ) ) ;
#7263 = ORIENTED_EDGE ( 'NONE', *, *, #1549, .F. ) ;
#7264 = CARTESIAN_POINT ( 'NONE',  ( -15.06970748702994989, 17.50000000000000000, -29.75309683980426101 ) ) ;
#7265 = CARTESIAN_POINT ( 'NONE',  ( 5.642815421732546355, 17.50000000000000355, -62.27612717207934168 ) ) ;
#7266 = CARTESIAN_POINT ( 'NONE',  ( -24.29971465991880564, -59.65571269913858288, -154.3876712407146101 ) ) ;
#7267 = CARTESIAN_POINT ( 'NONE',  ( 10.84081228905051120, 17.50000000000000000, -60.70896344833107605 ) ) ;
#7268 = CARTESIAN_POINT ( 'NONE',  ( -12.70249587555262849, 15.49999999999997868, -27.19911385658267022 ) ) ;
#7269 = CARTESIAN_POINT ( 'NONE',  ( 5.155602234083198177, 15.49999999999997335, -61.40062516174231888 ) ) ;
#7270 = CIRCLE ( 'NONE', #5807, 2.999999999999995559 ) ;
#7271 = ORIENTED_EDGE ( 'NONE', *, *, #4772, .T. ) ;
#7272 = DIRECTION ( 'NONE',  ( 0.000000000000000000, 5.388880755654235458E-15, -1.000000000000000000 ) ) ;
#7273 = CARTESIAN_POINT ( 'NONE',  ( -23.43620988197514166, -33.07605100260342823, -158.9386745273247641 ) ) ;
#7274 = CARTESIAN_POINT ( 'NONE',  ( -9.718914736930834408, 17.50000000000000355, -58.61500733396375296 ) ) ;
#7275 = ORIENTED_EDGE ( 'NONE', *, *, #19, .F. ) ;
#7276 = FACE_BOUND ( 'NONE', #4767, .T. ) ;
#7277 = CARTESIAN_POINT ( 'NONE',  ( -12.68392774414113688, 15.48495285892171758, -26.81119585836203001 ) ) ;
#7278 = CYLINDRICAL_SURFACE ( 'NONE', #7696, 1.299999999999988720 ) ;
#7279 = ORIENTED_EDGE ( 'NONE', *, *, #4663, .T. ) ;
#7280 = CARTESIAN_POINT ( 'NONE',  ( -14.15738070620685818, 17.50000000000000000, -54.98197780175748761 ) ) ;
#7281 = AXIS2_PLACEMENT_3D ( 'NONE', #1714, #8705, #4497 ) ;
#7282 = ORIENTED_EDGE ( 'NONE', *, *, #4469, .T. ) ;
#7283 = CARTESIAN_POINT ( 'NONE',  ( -13.34831144551666249, 15.50000000000000000, -27.94411509455214926 ) ) ;
#7284 = CARTESIAN_POINT ( 'NONE',  ( 6.024681161542653207, 15.50000000000000178, -60.92170163751531931 ) ) ;
#7285 = CARTESIAN_POINT ( 'NONE',  ( -6.888181306868738751, 15.49999999999997158, -60.09792482744462916 ) ) ;
#7286 = CARTESIAN_POINT ( 'NONE',  ( -20.36438667086881793, -40.36521059986846183, -114.1419335852026649 ) ) ;
#7287 = CARTESIAN_POINT ( 'NONE',  ( -11.51195861766970729, 15.50000000000000000, -26.43432713437010406 ) ) ;
#7288 = AXIS2_PLACEMENT_3D ( 'NONE', #2807, #1497, #1540 ) ;
#7289 = AXIS2_PLACEMENT_3D ( 'NONE', #6879, #6330, #3639 ) ;
#7290 = CARTESIAN_POINT ( 'NONE',  ( -12.92908355151420352, 17.50000000000000355, -26.05274163394647502 ) ) ;
#7291 = CARTESIAN_POINT ( 'NONE',  ( -34.80779138503716297, -40.98652517436036646, -203.3514981114343243 ) ) ;
#7292 = CARTESIAN_POINT ( 'NONE',  ( -3.722290037634864657, 15.50000000000000355, -61.82938181594620630 ) ) ;
#7293 = EDGE_CURVE ( 'NONE', #3605, #556, #5423, .T. ) ;
#7294 = LINE ( 'NONE', #6516, #8993 ) ;
#7295 = CARTESIAN_POINT ( 'NONE',  ( -12.86967761512161701, 12.49991029543834031, -30.30000952317473661 ) ) ;
#7296 = CARTESIAN_POINT ( 'NONE',  ( -20.86064723394490628, -19.23637148640707295, -126.7456901512469187 ) ) ;
#7297 = CC_DESIGN_APPROVAL ( #4974, ( #282 ) ) ;
#7298 = CARTESIAN_POINT ( 'NONE',  ( 9.827227628689486849, 10.49999999999996803, -52.98898716434849376 ) ) ;
#7299 = CARTESIAN_POINT ( 'NONE',  ( 21.23808018935939401, -57.83366655484955743, -141.5655118342924084 ) ) ;
#7300 = CARTESIAN_POINT ( 'NONE',  ( -20.00000000000001776, -22.25848969181440395, -69.83388418342816806 ) ) ;
#7301 = DIRECTION ( 'NONE',  ( 0.000000000000000000, 0.000000000000000000, 1.000000000000000000 ) ) ;
#7302 = CARTESIAN_POINT ( 'NONE',  ( 12.73446281499976784, 15.49999999999996625, -27.00680285595574759 ) ) ;
#7303 = ORIENTED_EDGE ( 'NONE', *, *, #8821, .F. ) ;
#7304 = CARTESIAN_POINT ( 'NONE',  ( -12.71882326056916490, 15.49184352335697312, -27.04830266698578001 ) ) ;
#7305 = ORIENTED_EDGE ( 'NONE', *, *, #302, .T. ) ;
#7306 = CARTESIAN_POINT ( 'NONE',  ( -11.00000000000000000, 3.234777356430490691, 24.81248959086564909 ) ) ;
#7307 = CARTESIAN_POINT ( 'NONE',  ( 5.035292627642381724, 17.50000000000000355, -62.53956850150176194 ) ) ;
#7308 = VECTOR ( 'NONE', #8893, 1000.000000000000114 ) ;
#7309 = CARTESIAN_POINT ( 'NONE',  ( -15.43738724765717230, -47.70661372059485927, -117.0497688910877940 ) ) ;
#7310 = DIRECTION ( 'NONE',  ( 1.000000000000000000, 0.000000000000000000, 0.000000000000000000 ) ) ;
#7311 = VECTOR ( 'NONE', #7315, 1000.000000000000000 ) ;
#7312 = CARTESIAN_POINT ( 'NONE',  ( 6.074679918216177477, 15.49999999999998579, -60.88940118668269008 ) ) ;
#7313 = ORIENTED_EDGE ( 'NONE', *, *, #7047, .T. ) ;
#7314 = DIRECTION ( 'NONE',  ( 0.000000000000000000, 3.541264496572783008E-15, 1.000000000000000000 ) ) ;
#7315 = DIRECTION ( 'NONE',  ( -0.000000000000000000, 1.000000000000000000, -0.000000000000000000 ) ) ;
#7316 = DIRECTION ( 'NONE',  ( 1.000000000000000000, -0.000000000000000000, 0.000000000000000000 ) ) ;
#7317 = CARTESIAN_POINT ( 'NONE',  ( -11.68499749066332427, 17.50000000000000000, -55.48602612745723661 ) ) ;
#7318 = EDGE_LOOP ( 'NONE', ( #1941, #5412, #198, #6314 ) ) ;
#7319 = CIRCLE ( 'NONE', #6137, 5.000000000000000888 ) ;
#7320 = UNCERTAINTY_MEASURE_WITH_UNIT (LENGTH_MEASURE( 1.000000000000000082E-05 ), #6226, 'distance_accuracy_value', 'NONE');
#7321 = CARTESIAN_POINT ( 'NONE',  ( -13.23618175602471503, -2.499999999999995115, -60.19999999999958362 ) ) ;
#7322 = CARTESIAN_POINT ( 'NONE',  ( -12.75552903686263484, 15.22505968306308866, -27.44058728812121828 ) ) ;
#7323 = CARTESIAN_POINT ( 'NONE',  ( 17.11522111654264577, 17.49999999999999645, -46.30201183231551454 ) ) ;
#7324 = ORIENTED_EDGE ( 'NONE', *, *, #5464, .T. ) ;
#7325 = DIRECTION ( 'NONE',  ( 0.000000000000000000, 0.000000000000000000, -1.000000000000000000 ) ) ;
#7326 = VERTEX_POINT ( 'NONE', #741 ) ;
#7327 = CARTESIAN_POINT ( 'NONE',  ( -13.22159392661138355, 15.50000000000000355, -27.76700374530406634 ) ) ;
#7328 = CARTESIAN_POINT ( 'NONE',  ( 8.727581912653093354, 15.50000000000000711, -58.55636938478758680 ) ) ;
#7329 = CARTESIAN_POINT ( 'NONE',  ( -11.24705786966411658, 15.49999999999999645, -26.32602992712903500 ) ) ;
#7330 = CARTESIAN_POINT ( 'NONE',  ( 12.29930634973500503, 10.89506964483974549, -29.36039022491229744 ) ) ;
#7331 = B_SPLINE_CURVE_WITH_KNOTS ( 'NONE', 3,
 ( #3844, #8736, #1832, #5261, #4619, #6714, #3243, #1870 ),
 .UNSPECIFIED., .F., .F.,
 ( 4, 2, 2, 4 ),
 ( 1.623797544180816245E-16, 0.0003713703655161602977, 0.0005570555482741599987, 0.0007427407310321595913 ),
 .UNSPECIFIED. ) ;
#7332 = CARTESIAN_POINT ( 'NONE',  ( -1.171572875253812374, -3.305268473201029789, -68.34211506622474985 ) ) ;
#7333 = CARTESIAN_POINT ( 'NONE',  ( -10.52678508254022027, 10.49999999999997513, -50.76644118287767782 ) ) ;
#7334 = EDGE_CURVE ( 'NONE', #6233, #2610, #7732, .T. ) ;
#7335 = CARTESIAN_POINT ( 'NONE',  ( -14.99999999999999645, -7.011872312450488032, 25.70895527601439667 ) ) ;
#7336 = CARTESIAN_POINT ( 'NONE',  ( -9.998763685114731459, -24.60614944768830625, -68.51220999636156250 ) ) ;
#7337 = CARTESIAN_POINT ( 'NONE',  ( -34.50045113367173144, -42.75148368701017176, -199.2525061205913346 ) ) ;
#7338 = VECTOR ( 'NONE', #7388, 999.9999999999998863 ) ;
#7339 = EDGE_CURVE ( 'NONE', #6318, #6233, #6770, .T. ) ;
#7340 = CARTESIAN_POINT ( 'NONE',  ( -11.86051433158595181, 10.49999999999996803, -29.36197417390484077 ) ) ;
#7341 = CARTESIAN_POINT ( 'NONE',  ( -19.99840508365651814, -20.26518821622346778, -70.64269175299948245 ) ) ;
#7342 = CARTESIAN_POINT ( 'NONE',  ( 12.34732880567518976, 15.49999999999996980, -26.70689256374593867 ) ) ;
#7343 = VECTOR ( 'NONE', #2568, 999.9999999999998863 ) ;
#7344 = CARTESIAN_POINT ( 'NONE',  ( 0.000000000000000000, -5.000000000000000000, 0.000000000000000000 ) ) ;
#7345 = EDGE_CURVE ( 'NONE', #7029, #1408, #4310, .T. ) ;
#7346 = CARTESIAN_POINT ( 'NONE',  ( 34.87023888289645157, -74.37893422823205469, -188.6746153110798616 ) ) ;
#7347 = PLANE ( 'NONE',  #4261 ) ;
#7348 = VERTEX_POINT ( 'NONE', #7684 ) ;
#7349 = CARTESIAN_POINT ( 'NONE',  ( -12.06118266523713878, 13.90552092122066874, -27.46067414951904695 ) ) ;
#7350 = DIRECTION ( 'NONE',  ( -1.000000000000000000, -0.000000000000000000, -0.000000000000000000 ) ) ;
#7351 = CARTESIAN_POINT ( 'NONE',  ( 15.15126585626584443, -11.81245989713933575, -98.14016214330773380 ) ) ;
#7352 = CIRCLE ( 'NONE', #8954, 1.299999999999988720 ) ;
#7353 = CARTESIAN_POINT ( 'NONE',  ( -15.51637338606953520, -50.49768273252716000, -122.9142257671687162 ) ) ;
#7354 = B_SPLINE_CURVE_WITH_KNOTS ( 'NONE', 3,
 ( #178, #4154, #5660, #4991, #7629, #6988, #7772, #6944, #4894, #5575, #3471, #3604, #6259, #4201, #733, #6393, #46, #911, #2381, #2287 ),
 .UNSPECIFIED., .F., .F.,
 ( 4, 2, 2, 2, 2, 2, 2, 2, 2, 4 ),
 ( 1.489843703516006146E-16, 4.944798840969452772E-05, 9.889597681924007250E-05, 0.0001977919536383311756, 0.0003955839072765866197, 0.0007911678145530245954, 0.001582335629105987391, 0.003164671258211845112, 0.006329342516423644253, 0.01265868503284726942 ),
 .UNSPECIFIED. ) ;
#7355 = CARTESIAN_POINT ( 'NONE',  ( 6.659783431302629175, -17.50000000000000000, -64.02349852151451159 ) ) ;
#7356 = DIRECTION ( 'NONE',  ( -1.000000000000000000, 0.000000000000000000, 0.000000000000000000 ) ) ;
#7358 = ORIENTED_EDGE ( 'NONE', *, *, #8478, .T. ) ;
#7357 = CARTESIAN_POINT ( 'NONE',  ( 6.222734713093480252, 15.49999999999996980, -60.79158708987620230 ) ) ;
#7359 = VERTEX_POINT ( 'NONE', #6316 ) ;
#7360 = CARTESIAN_POINT ( 'NONE',  ( 34.82906823473417290, -76.43033530955067079, -187.9279663789384358 ) ) ;
#7361 = DIRECTION ( 'NONE',  ( 0.000000000000000000, 0.000000000000000000, 1.000000000000000000 ) ) ;
#7362 = CARTESIAN_POINT ( 'NONE',  ( -20.71098390397139255, -27.03546755794828016, -135.1659308089369347 ) ) ;
#7363 = ADVANCED_FACE ( 'NONE', ( #2796 ), #5586, .F. ) ;
#7364 = AXIS2_PLACEMENT_3D ( 'NONE', #2496, #5285, #8079 ) ;
#7365 = CARTESIAN_POINT ( 'NONE',  ( -10.63612806113683718, 17.50000000000000355, -57.31281676268739034 ) ) ;
#7366 = FACE_BOUND ( 'NONE', #433, .T. ) ;
#7367 = CARTESIAN_POINT ( 'NONE',  ( 12.71021629044492940, 15.52798264505241121, -26.54628411435313495 ) ) ;
#7368 = EDGE_CURVE ( 'NONE', #122, #8302, #8738, .T. ) ;
#7369 = CARTESIAN_POINT ( 'NONE',  ( -2.370661744665575554, 10.99999999999972822, -60.19999999999958362 ) ) ;
#7370 = ORIENTED_EDGE ( 'NONE', *, *, #1383, .F. ) ;
#7371 = FACE_OUTER_BOUND ( 'NONE', #5754, .T. ) ;
#7372 = ORIENTED_EDGE ( 'NONE', *, *, #4085, .T. ) ;
#7373 = CARTESIAN_POINT ( 'NONE',  ( -5.000000000000000000, -15.00000000000000000, -54.00000000000000711 ) ) ;
#7374 = CARTESIAN_POINT ( 'NONE',  ( 3.985501418142578522, 15.50000000000000355, -61.82810295538376977 ) ) ;
#7375 = EDGE_LOOP ( 'NONE', ( #5130, #518, #8206, #2828, #8997 ) ) ;
#7376 =( NAMED_UNIT ( * ) PLANE_ANGLE_UNIT ( ) SI_UNIT ( $, .RADIAN. ) );
#7377 = DIRECTION ( 'NONE',  ( 0.000000000000000000, 0.000000000000000000, -1.000000000000000000 ) ) ;
#7378 = CARTESIAN_POINT ( 'NONE',  ( -14.28215310216070577, -17.50000000000000000, -54.71721003065470512 ) ) ;
#7379 = CARTESIAN_POINT ( 'NONE',  ( 1.171572875253773960, 72.34830114885195940, 23.78493895041622963 ) ) ;
#7380 = CARTESIAN_POINT ( 'NONE',  ( -14.11266414644254930, 16.73469410761350673, -28.01302178287800260 ) ) ;
#7381 = CARTESIAN_POINT ( 'NONE',  ( -4.434745947719499704, 15.50000000000000000, -61.60078259487290353 ) ) ;
#7382 = ORIENTED_EDGE ( 'NONE', *, *, #3180, .F. ) ;
#7383 = LINE ( 'NONE', #1119, #2681 ) ;
#7384 = CARTESIAN_POINT ( 'NONE',  ( 9.372951773447828927, 10.49999999999997158, -53.92519996461700771 ) ) ;
#7385 = CARTESIAN_POINT ( 'NONE',  ( -11.62518552091514223, 10.49999999999997158, -28.97289127414222420 ) ) ;
#7386 = CARTESIAN_POINT ( 'NONE',  ( 34.72382355168834778, -38.48283812885115651, -201.7397258176136461 ) ) ;
#7387 = CARTESIAN_POINT ( 'NONE',  ( 12.69203437545271385, 15.49999999999996980, -26.97367044333597619 ) ) ;
#7388 = DIRECTION ( 'NONE',  ( -0.7071067811865480168, 0.2418447626479725554, -0.6644630243886752163 ) ) ;
#7389 = ORIENTED_EDGE ( 'NONE', *, *, #3180, .T. ) ;
#7390 = CARTESIAN_POINT ( 'NONE',  ( -14.81524163351337364, 17.50000000000000355, -28.69371781743643623 ) ) ;
#7391 = ADVANCED_FACE ( 'NONE', ( #4532 ), #1920, .F. ) ;
#7392 = VECTOR ( 'NONE', #3701, 1000.000000000000000 ) ;
#7393 = CARTESIAN_POINT ( 'NONE',  ( 11.11116064229184452, 17.49999999999999645, -56.96801711563264803 ) ) ;
#7394 = FACE_OUTER_BOUND ( 'NONE', #5774, .T. ) ;
#7395 = CARTESIAN_POINT ( 'NONE',  ( 7.100777369184378962, 17.50000000000000355, -61.39838700633594470 ) ) ;
#7396 = CARTESIAN_POINT ( 'NONE',  ( -1.171572875253812152, -0.3169060858998075103, -65.35375267892351303 ) ) ;
#7397 = EDGE_LOOP ( 'NONE', ( #5661, #7406, #7051, #3022 ) ) ;
#7398 = ORIENTED_EDGE ( 'NONE', *, *, #6657, .F. ) ;
#7399 = CARTESIAN_POINT ( 'NONE',  ( -4.779341693013628323, 15.49999999999999822, -61.45611663822377579 ) ) ;
#7400 = CARTESIAN_POINT ( 'NONE',  ( 20.82514383806001135, -46.53380089623031068, -114.5855122916751441 ) ) ;
#7401 = CARTESIAN_POINT ( 'NONE',  ( -9.959556156748533340, 17.49999999999999645, -58.29693832761591210 ) ) ;
#7402 = PLANE ( 'NONE',  #3259 ) ;
#7403 = CARTESIAN_POINT ( 'NONE',  ( -13.23618175602393521, 17.50000000000000000, -63.00000000000095923 ) ) ;
#7404 = VECTOR ( 'NONE', #7475, 1000.000000000000000 ) ;
#7405 = CARTESIAN_POINT ( 'NONE',  ( -14.99999999999999645, -14.96690670007529178, -56.52513676596420567 ) ) ;
#7406 = ORIENTED_EDGE ( 'NONE', *, *, #3283, .F. ) ;
#7407 = FACE_BOUND ( 'NONE', #646, .T. ) ;
#7408 = VERTEX_POINT ( 'NONE', #2348 ) ;
#7409 = CARTESIAN_POINT ( 'NONE',  ( 34.99999999999999289, -87.37327935545148705, -199.9077270581289270 ) ) ;
#7410 = CARTESIAN_POINT ( 'NONE',  ( 3.864733655286481717, 15.50000000000000000, -61.85758319003709005 ) ) ;
#7411 = ORIENTED_EDGE ( 'NONE', *, *, #3960, .F. ) ;
#7412 = CC_DESIGN_DATE_AND_TIME_ASSIGNMENT ( #3509, #5613, ( #4234 ) ) ;
#7413 = CARTESIAN_POINT ( 'NONE',  ( -10.69899207625747728, 10.49998224354596310, 0.000000000000000000 ) ) ;
#7414 = CARTESIAN_POINT ( 'NONE',  ( -14.41880924115649876, 17.50000000000000000, -27.77835064295721423 ) ) ;
#7415 = VECTOR ( 'NONE', #7202, 1000.000000000000000 ) ;
#7416 = EDGE_CURVE ( 'NONE', #1093, #1160, #5001, .T. ) ;
#7417 = CARTESIAN_POINT ( 'NONE',  ( -6.480014972319892763, 2.838036498102340044, -59.43791513362578627 ) ) ;
#7418 = CARTESIAN_POINT ( 'NONE',  ( -8.692765043395239033, 15.50000000000000178, -58.29006868062723612 ) ) ;
#7419 = ORIENTED_EDGE ( 'NONE', *, *, #8299, .F. ) ;
#7420 = DIRECTION ( 'NONE',  ( 1.000000000000000000, -0.000000000000000000, -0.000000000000000000 ) ) ;
#7421 = AXIS2_PLACEMENT_3D ( 'NONE', #3958, #2457, #1206 ) ;
#7422 = VECTOR ( 'NONE', #4260, 1000.000000000000000 ) ;
#7423 = CARTESIAN_POINT ( 'NONE',  ( -11.47769690816376631, 10.49999999999996625, -28.79743242903563072 ) ) ;
#7424 = CARTESIAN_POINT ( 'NONE',  ( 10.75011525263577639, 10.49999999999997513, -28.18986828774869124 ) ) ;
#7425 = CARTESIAN_POINT ( 'NONE',  ( 17.32779548841932993, 17.50000000000000000, 0.000000000000000000 ) ) ;
#7426 = APPROVAL_PERSON_ORGANIZATION ( #1529, #4974, #8476 ) ;
#7427 = CARTESIAN_POINT ( 'NONE',  ( -12.12446231346188874, 10.90511420886333482, -29.57224781244534029 ) ) ;
#7428 = CARTESIAN_POINT ( 'NONE',  ( 1.709095079383161631, -0.3169060858998066776, -65.35375267892351303 ) ) ;
#7429 = CARTESIAN_POINT ( 'NONE',  ( 6.000000000000000000, 64.03012059312736426, 19.19740610003053405 ) ) ;
#7430 = ORIENTED_EDGE ( 'NONE', *, *, #4918, .F. ) ;
#7431 = CARTESIAN_POINT ( 'NONE',  ( -11.67283747518809811, 17.50000000000000000, -59.35608101403700232 ) ) ;
#7432 = LOCAL_TIME ( 17, 12, 35.00000000000000000, #4167 ) ;
#7433 = EDGE_CURVE ( 'NONE', #6575, #6364, #3887, .T. ) ;
#7434 = CARTESIAN_POINT ( 'NONE',  ( 7.880700173715711188, 17.49999999999999289, -60.78755283386499286 ) ) ;
#7435 = CARTESIAN_POINT ( 'NONE',  ( 15.40214951863061721, -18.53063465252326836, -124.0263723731271881 ) ) ;
#7436 = APPROVAL_ROLE ( '' ) ;
#7437 = CARTESIAN_POINT ( 'NONE',  ( 4.998528156887899421, -17.50000000000000000, -64.66485941262399706 ) ) ;
#7438 = LINE ( 'NONE', #4707, #4071 ) ;
#7439 = B_SPLINE_CURVE_WITH_KNOTS ( 'NONE', 3,
 ( #8937, #8220, #6828, #2126, #6878, #8308, #2627, #4921 ),
 .UNSPECIFIED., .F., .F.,
 ( 4, 2, 2, 4 ),
 ( 1.734723475976807094E-18, 0.001300525756598452367, 0.001950788634897679093, 0.002601051513196906036 ),
 .UNSPECIFIED. ) ;
#7440 = ORIENTED_EDGE ( 'NONE', *, *, #8159, .F. ) ;
#7441 = EDGE_CURVE ( 'NONE', #1815, #6801, #5342, .T. ) ;
#7442 = EDGE_LOOP ( 'NONE', ( #8057, #8200 ) ) ;
#7443 = CARTESIAN_POINT ( 'NONE',  ( -6.956942036374681670, 15.50000000000000000, -60.04023627186121814 ) ) ;
#7444 = DIRECTION ( 'NONE',  ( -1.000000000000000000, -0.000000000000000000, -0.000000000000000000 ) ) ;
#7445 = CARTESIAN_POINT ( 'NONE',  ( 15.43146562996577664, -47.46033901292442181, -116.5323085930342870 ) ) ;
#7446 = CARTESIAN_POINT ( 'NONE',  ( -4.070151507699639737, 17.50000000000000355, -62.77089911410356393 ) ) ;
#7447 = CARTESIAN_POINT ( 'NONE',  ( -6.488549200702579789, 15.49999999999997513, -60.41513534799487672 ) ) ;
#7448 = ADVANCED_FACE ( 'NONE', ( #1104 ), #7453, .T. ) ;
#7449 = CARTESIAN_POINT ( 'NONE',  ( 36.99999999999999289, -89.93670488367540372, -201.1030720130492284 ) ) ;
#7450 = CARTESIAN_POINT ( 'NONE',  ( 13.21761924747403150, 15.50000000000000178, -27.45257624195111035 ) ) ;
#7451 = AXIS2_PLACEMENT_3D ( 'NONE', #1960, #725, #2727 ) ;
#7452 = CALENDAR_DATE ( 2026, 29, 5 ) ;
#7453 =( BOUNDED_SURFACE ( )  B_SPLINE_SURFACE ( 3, 2, ( 
 ( #3119, #1798, #2390 ),
 ( #8779, #3156, #7972 ),
 ( #5949, #1705, #6587 ),
 ( #8696, #2432, #5213 ),
 ( #8101, #1753, #1057 ),
 ( #3845, #8737, #2473 ),
 ( #5262, #4577, #6672 ),
 ( #3203, #5991, #1833 ),
 ( #2515, #7400, #2734 ),
 ( #8861, #8236, #7535 ),
 ( #4620, #5529, #8331 ),
 ( #7445, #3384, #8190 ),
 ( #3976, #2689, #1181 ),
 ( #1324, #5392, #1140 ),
 ( #6112, #6805, #1276 ),
 ( #8144, #637, #8280 ),
 ( #6850, #3931, #6064 ),
 ( #6157, #4107, #8953 ),
 ( #1226, #6715, #455 ),
 ( #6025, #2553, #1918 ),
 ( #4712, #4754, #5484 ),
 ( #3244, #6900, #4059 ),
 ( #6208, #8822, #4019 ),
 ( #2006, #541, #1871 ),
 ( #2645, #5341, #3335 ),
 ( #4670, #6757, #4799 ),
 ( #2598, #500, #7583 ),
 ( #7490, #3427, #8910 ),
 ( #3289, #5439, #1966 ),
 ( #9003, #590, #7124 ),
 ( #6308, #4298, #5756 ),
 ( #5115, #2975, #2833 ),
 ( #865, #2143, #820 ),
 ( #3661, #133, #2239 ),
 ( #3519, #1423, #1472 ),
 ( #2784, #2055, #2876 ),
 ( #4847, #4345, #5036 ),
 ( #1378, #4939, #7718 ),
 ( #8416, #1516, #8371 ),
 ( #2927, #5707, #7033 ) ),
 .UNSPECIFIED., .F., .F., .F. ) 
 B_SPLINE_SURFACE_WITH_KNOTS ( ( 4, 2, 2, 2, 2, 2, 2, 2, 2, 2, 2, 2, 2, 2, 2, 2, 2, 2, 2, 4 ),
 ( 3, 3 ),
 ( 0.04353936989676350511, 0.08021823731582775063, 0.08938795417059380854, 0.09397281259797685138, 0.09626524181166837280, 0.09741145641851411963, 0.09798456372193700692, 0.09855767102535988033, 0.1168971047348920100, 0.1352365384444241259, 0.1444062552991902115, 0.1535759721539562694, 0.1719154058634884130, 0.1765002642908714559, 0.1776464788977172027, 0.1782195862011400900, 0.1785061398528515197, 0.1787926935045629495, 0.1810851227182544709, 0.1902548395730205288 ),
 ( 0.000000000000000000, 1.000000000000000000 ),
 .UNSPECIFIED. ) 
 GEOMETRIC_REPRESENTATION_ITEM ( )  RATIONAL_B_SPLINE_SURFACE ( (
 ( 1.000000000000000000, 0.7078959802469106943, 1.000000000000000000),
 ( 1.000000000000000000, 0.6992019461590617269, 1.000000000000000000),
 ( 1.000000000000000000, 0.6919809601431722301, 1.000000000000000000),
 ( 1.000000000000000000, 0.6841538636102817428, 1.000000000000000000),
 ( 1.000000000000000000, 0.6826483624415261575, 1.000000000000000000),
 ( 1.000000000000000000, 0.6804695144539734120, 1.000000000000000000),
 ( 1.000000000000000000, 0.6797564808669694925, 1.000000000000000000),
 ( 1.000000000000000000, 0.6787056285582683257, 1.000000000000000000),
 ( 1.000000000000000000, 0.6783584617144651219, 1.000000000000000000),
 ( 1.000000000000000000, 0.6778422484293004091, 1.000000000000000000),
 ( 1.000000000000000000, 0.6776709335529466083, 1.000000000000000000),
 ( 1.000000000000000000, 0.6774150786915482669, 1.000000000000000000),
 ( 1.000000000000000000, 0.6773299799822539713, 1.000000000000000000),
 ( 1.000000000000000000, 0.6771601522838631704, 1.000000000000000000),
 ( 1.000000000000000000, 0.6771110726665650059, 1.000000000000000000),
 ( 1.000000000000000000, 0.6754060046532037731, 1.000000000000000000),
 ( 1.000000000000000000, 0.6753833056173322857, 1.000000000000000000),
 ( 1.000000000000000000, 0.6780074125889895553, 1.000000000000000000),
 ( 1.000000000000000000, 0.6806590286326862360, 1.000000000000000000),
 ( 1.000000000000000000, 0.6863143302798647705, 1.000000000000000000),
 ( 1.000000000000000000, 0.6884772600715883817, 1.000000000000000000),
 ( 1.000000000000000000, 0.6932896903341362327, 1.000000000000000000),
 ( 1.000000000000000000, 0.6959406571436342892, 1.000000000000000000),
 ( 1.000000000000000000, 0.7045409956378690941, 1.000000000000000000),
 ( 1.000000000000000000, 0.7111392661080870869, 1.000000000000000000),
 ( 1.000000000000000000, 0.7201723347208079939, 1.000000000000000000),
 ( 1.000000000000000000, 0.7220186150087748445, 1.000000000000000000),
 ( 1.000000000000000000, 0.7243678168946650064, 1.000000000000000000),
 ( 1.000000000000000000, 0.7248311898808661446, 1.000000000000000000),
 ( 1.000000000000000000, 0.7255290600067978435, 1.000000000000000000),
 ( 1.000000000000000000, 0.7257621436821768413, 1.000000000000000000),
 ( 1.000000000000000000, 0.7261124451695751825, 1.000000000000000000),
 ( 1.000000000000000000, 0.7262084426665155190, 1.000000000000000000),
 ( 1.000000000000000000, 0.7264199814900121899, 1.000000000000000000),
 ( 1.000000000000000000, 0.7265256646332036716, 1.000000000000000000),
 ( 1.000000000000000000, 0.7274760366797792255, 1.000000000000000000),
 ( 1.000000000000000000, 0.7283152915005115524, 1.000000000000000000),
 ( 1.000000000000000000, 0.7324840276715990361, 1.000000000000000000),
 ( 1.000000000000000000, 0.7357308456403310881, 1.000000000000000000),
 ( 1.000000000000000000, 0.7388909115768598213, 1.000000000000000000) ) ) 
 REPRESENTATION_ITEM ( '' )  SURFACE ( )  );
#7454 = CARTESIAN_POINT ( 'NONE',  ( -37.00000000000001421, -41.07268860280741762, -218.8881194659842322 ) ) ;
#7455 = EDGE_LOOP ( 'NONE', ( #1894, #4867 ) ) ;
#7456 = CARTESIAN_POINT ( 'NONE',  ( 23.43328125664538319, -33.07182252922905263, -158.9216892388158726 ) ) ;
#7457 = ORIENTED_EDGE ( 'NONE', *, *, #722, .T. ) ;
#7458 = CARTESIAN_POINT ( 'NONE',  ( 17.32783472253104406, -17.50000000000000000, -43.29998667119183864 ) ) ;
#7459 = CARTESIAN_POINT ( 'NONE',  ( -35.00000000000001421, -61.26853457397245961, -204.0881882693234388 ) ) ;
#7460 = EDGE_CURVE ( 'NONE', #2187, #6735, #1198, .T. ) ;
#7461 = CARTESIAN_POINT ( 'NONE',  ( 20.00000000000000355, -14.61566856204246179, -72.61564358048590861 ) ) ;
#7462 = ORIENTED_EDGE ( 'NONE', *, *, #1426, .F. ) ;
#7463 = CYLINDRICAL_SURFACE ( 'NONE', #6242, 1.549999999999995826 ) ;
#7464 = VECTOR ( 'NONE', #719, 1000.000000000000000 ) ;
#7465 = CARTESIAN_POINT ( 'NONE',  ( -14.64377122306951229, 17.50000000000000355, -28.23862177160731690 ) ) ;
#7466 = DIRECTION ( 'NONE',  ( 0.6081204024113450179, 0.2715109143604676478, 0.7459701063408685773 ) ) ;
#7467 = CARTESIAN_POINT ( 'NONE',  ( -9.650548977997363664, 15.50000000000000355, -56.99687327839998119 ) ) ;
#7468 = CARTESIAN_POINT ( 'NONE',  ( -14.45269856477317383, 17.50000000000000711, -48.25931846944705939 ) ) ;
#7469 = ORIENTED_EDGE ( 'NONE', *, *, #6939, .F. ) ;
#7470 = CARTESIAN_POINT ( 'NONE',  ( -10.69837795657123358, 3.971030651206433060, 29.76717496180587830 ) ) ;
#7471 = EDGE_CURVE ( 'NONE', #6451, #4787, #4252, .T. ) ;
#7472 = DIRECTION ( 'NONE',  ( 0.000000000000000000, -0.9899284628347759796, -0.1415684939157633715 ) ) ;
#7473 = CARTESIAN_POINT ( 'NONE',  ( 10.68757410236390193, 10.49999999999997158, -28.17243547305454854 ) ) ;
#7474 = EDGE_CURVE ( 'NONE', #1867, #153, #8460, .T. ) ;
#7475 = DIRECTION ( 'NONE',  ( -1.000000000000000000, -0.000000000000000000, -0.000000000000000000 ) ) ;
#7476 = CARTESIAN_POINT ( 'NONE',  ( 34.76661458570434604, -79.30665510623499870, -186.8810715887148035 ) ) ;
#7477 = CARTESIAN_POINT ( 'NONE',  ( -11.73374925209345498, 10.96652159489497436, -47.59631118469201283 ) ) ;
#7478 = DIRECTION ( 'NONE',  ( -1.000000000000000000, 8.486600200564875144E-15, 2.424742914447107094E-14 ) ) ;
#7479 = DIRECTION ( 'NONE',  ( -1.000000000000000000, -0.000000000000000000, -0.000000000000000000 ) ) ;
#7480 = VERTEX_POINT ( 'NONE', #7673 ) ;
#7481 = CARTESIAN_POINT ( 'NONE',  ( -11.67283747518809811, -17.50000000000000000, -59.35608101403700232 ) ) ;
#7482 = CARTESIAN_POINT ( 'NONE',  ( 10.41790378772718917, 17.50000000000000000, -58.01826060956455677 ) ) ;
#7483 = CARTESIAN_POINT ( 'NONE',  ( 15.42163830043221395, -19.01050085411529267, -125.8753741971182478 ) ) ;
#7484 = CARTESIAN_POINT ( 'NONE',  ( 7.022920485554984715, 17.49999999999999645, -61.45405046306915153 ) ) ;
#7485 = FACE_OUTER_BOUND ( 'NONE', #1170, .T. ) ;
#7486 = CARTESIAN_POINT ( 'NONE',  ( -20.57829793179261202, -45.69166824834297103, -125.4577869416932430 ) ) ;
#7487 = ORIENTED_EDGE ( 'NONE', *, *, #6789, .T. ) ;
#7488 = CARTESIAN_POINT ( 'NONE',  ( -12.69899917883990170, 15.50000000000000178, 1.734723475976807094E-15 ) ) ;
#7489 = DIRECTION ( 'NONE',  ( 0.000000000000000000, 0.000000000000000000, -1.000000000000000000 ) ) ;
#7490 = CARTESIAN_POINT ( 'NONE',  ( 29.68519738691291465, -80.89954601962757863, -186.3053977357834299 ) ) ;
#7491 = AXIS2_PLACEMENT_3D ( 'NONE', #8103, #1835, #3801 ) ;
#7492 = CARTESIAN_POINT ( 'NONE',  ( -5.638567981303968857, 17.50000000000000711, -62.14861642343557691 ) ) ;
#7493 = CARTESIAN_POINT ( 'NONE',  ( -7.261854715244803415, 15.49999999999997868, -59.77732431515453015 ) ) ;
#7494 = CARTESIAN_POINT ( 'NONE',  ( 7.012335243047110644, 2.041556837460237528, -59.26217093244992640 ) ) ;
#7495 = DIRECTION ( 'NONE',  ( 9.060998507041311627E-07, 0.000000000000000000, -0.9999999999995894395 ) ) ;
#7496 = CARTESIAN_POINT ( 'NONE',  ( -14.06968660883345557, 15.50000000000000000, -30.08039358432019128 ) ) ;
#7497 = PERSON_AND_ORGANIZATION_ROLE ( 'classification_officer' ) ;
#7498 = CARTESIAN_POINT ( 'NONE',  ( 13.20999834705180120, 17.50000000000000000, -57.35889769295558693 ) ) ;
#7499 = CARTESIAN_POINT ( 'NONE',  ( 20.47889167611069894, -25.47282837761683183, -129.1789608027074792 ) ) ;
#7500 = ORIENTED_EDGE ( 'NONE', *, *, #1943, .F. ) ;
#7501 = CARTESIAN_POINT ( 'NONE',  ( -12.22847668846790370, -2.499999999999995115, -46.53462461894601176 ) ) ;
#7502 = CIRCLE ( 'NONE', #2258, 2.999999999999995559 ) ;
#7503 = CARTESIAN_POINT ( 'NONE',  ( 2.880413596740647453, 15.50000000000000533, -61.99529768050755507 ) ) ;
#7504 = CARTESIAN_POINT ( 'NONE',  ( 20.00000000000001421, -17.70283969256701084, -71.49200518088898093 ) ) ;
#7505 = ORIENTED_EDGE ( 'NONE', *, *, #9017, .F. ) ;
#7506 = PERSON_AND_ORGANIZATION ( #5299, #8168 ) ;
#7507 = FACE_OUTER_BOUND ( 'NONE', #6134, .T. ) ;
#7508 = CARTESIAN_POINT ( 'NONE',  ( -14.54906492494946946, 17.50000000000000000, -28.03131454767591180 ) ) ;
#7509 = CARTESIAN_POINT ( 'NONE',  ( -7.473371834894426691, 3.269183136686313773, -58.22388229728908016 ) ) ;
#7510 = DIRECTION ( 'NONE',  ( -0.000000000000000000, 1.000000000000000000, -0.000000000000000000 ) ) ;
#7511 = EDGE_LOOP ( 'NONE', ( #1627, #2110, #677, #5119, #7530, #9038 ) ) ;
#7512 = CARTESIAN_POINT ( 'NONE',  ( 30.97237341603740646, -81.86829093796568202, -188.3409162628201443 ) ) ;
#7513 = ADVANCED_FACE ( 'NONE', ( #3563 ), #6346, .F. ) ;
#7514 = EDGE_CURVE ( 'NONE', #2976, #1235, #7354, .T. ) ;
#7515 = CARTESIAN_POINT ( 'NONE',  ( 34.99999999999999289, -5.000000000000000000, -24.00000000000000000 ) ) ;
#7516 = CARTESIAN_POINT ( 'NONE',  ( 10.67664397816874811, 10.49999999999996803, -28.16950166954415735 ) ) ;
#7517 = CARTESIAN_POINT ( 'NONE',  ( -14.99564422985094581, -5.669977636569607959, -74.47218789142918638 ) ) ;
#7518 = DIRECTION ( 'NONE',  ( 0.000000000000000000, 0.3420201433256677692, 0.9396926207859087610 ) ) ;
#7519 = CARTESIAN_POINT ( 'NONE',  ( 9.603327754829269480, 15.49999999999996980, -57.43818989923459384 ) ) ;
#7520 = PLANE ( 'NONE',  #1783 ) ;
#7521 = ORIENTED_EDGE ( 'NONE', *, *, #6778, .T. ) ;
#7522 = CARTESIAN_POINT ( 'NONE',  ( -14.89006049240475882, 17.49999999999999645, -45.93075552667478689 ) ) ;
#7523 = ADVANCED_FACE ( 'NONE', ( #7962 ), #401, .T. ) ;
#7524 = CARTESIAN_POINT ( 'NONE',  ( 29.87359743213605157, -38.52667192054390455, -201.9086244825402616 ) ) ;
#7525 = CARTESIAN_POINT ( 'NONE',  ( 9.566957555549816306, 17.50000000000000000, -59.11157133748244519 ) ) ;
#7526 = CARTESIAN_POINT ( 'NONE',  ( -14.99999999999999822, -5.569980492216215495, -59.94533819922090601 ) ) ;
#7527 = CARTESIAN_POINT ( 'NONE',  ( 3.913060864072633205, 17.50000000000000355, -62.90587416853221470 ) ) ;
#7528 = CARTESIAN_POINT ( 'NONE',  ( -34.82906823473418001, -76.43033530955105448, -187.9279663789392032 ) ) ;
#7529 = CARTESIAN_POINT ( 'NONE',  ( -3.097299090101597319, -2.175958488153815651, -65.23936138273882079 ) ) ;
#7530 = ORIENTED_EDGE ( 'NONE', *, *, #1259, .F. ) ;
#7531 = EDGE_LOOP ( 'NONE', ( #8653, #4173, #1755, #1838 ) ) ;
#7532 = CARTESIAN_POINT ( 'NONE',  ( -8.924830578525565272, 15.50000000000000355, -58.00171587681295193 ) ) ;
#7533 = CARTESIAN_POINT ( 'NONE',  ( -5.000000000000000000, -17.50000000000000000, -54.00000000000000711 ) ) ;
#7534 = VECTOR ( 'NONE', #8269, 1000.000000000000114 ) ;
#7535 = CARTESIAN_POINT ( 'NONE',  ( 20.40492298783749092, -42.14719347953896289, -117.9466102070622497 ) ) ;
#7536 = EDGE_CURVE ( 'NONE', #7209, #7773, #1498, .T. ) ;
#7537 = CARTESIAN_POINT ( 'NONE',  ( -3.420088390975744019, 17.50000000000000355, -62.93455439990429312 ) ) ;
#7538 = CARTESIAN_POINT ( 'NONE',  ( -5.961356291165694543, 15.49999999999997335, -60.79374094564531816 ) ) ;
#7539 = CARTESIAN_POINT ( 'NONE',  ( 8.801496803697444804, 0.4804445511373589550, -59.35733149867747471 ) ) ;
#7540 = CARTESIAN_POINT ( 'NONE',  ( 14.39303786996304524, 17.19401398171599737, -27.27007011753430987 ) ) ;
#7541 = CARTESIAN_POINT ( 'NONE',  ( -13.93127042447721564, 15.50000000000000355, -29.22547327903175329 ) ) ;
#7543 = EDGE_CURVE ( 'NONE', #6245, #5795, #3067, .T. ) ;
#7542 = APPROVAL_STATUS ( 'not_yet_approved' ) ;
#7544 = CARTESIAN_POINT ( 'NONE',  ( 12.17819445197384098, 17.50000000000000000, -58.99688388390165272 ) ) ;
#7545 = VERTEX_POINT ( 'NONE', #1608 ) ;
#7546 = CARTESIAN_POINT ( 'NONE',  ( 20.13642717898712320, -16.44281078128179630, -95.28615165922745689 ) ) ;
#7547 = CARTESIAN_POINT ( 'NONE',  ( 14.79936243598108803, -17.50000000000000000, -54.13827266488828371 ) ) ;
#7548 = CARTESIAN_POINT ( 'NONE',  ( -34.99124897397935285, -66.92386499819519941, -196.7089274675875572 ) ) ;
#7549 = CARTESIAN_POINT ( 'NONE',  ( 20.00000000000000355, -19.95182050187963796, -70.67344310886336700 ) ) ;
#7550 = ORIENTED_EDGE ( 'NONE', *, *, #5564, .F. ) ;
#7551 = CARTESIAN_POINT ( 'NONE',  ( -119.3606221979351005, 46.94533634751247320, 26.00741039048158498 ) ) ;
#7552 = CIRCLE ( 'NONE', #110, 1.299999999999988720 ) ;
#7553 = CARTESIAN_POINT ( 'NONE',  ( -12.57351027860871717, 15.49999999999996980, -27.08159177317717337 ) ) ;
#7554 = CARTESIAN_POINT ( 'NONE',  ( 26.70509764715444589, -64.65821566966320688, -164.5354676392632030 ) ) ;
#7555 = CARTESIAN_POINT ( 'NONE',  ( 36.99999999999999289, -89.93670488367540372, -201.1030720130492284 ) ) ;
#7556 = VERTEX_POINT ( 'NONE', #4395 ) ;
#7557 = CARTESIAN_POINT ( 'NONE',  ( -9.499444419562609099, 5.195378537157347765, 29.66005840157323448 ) ) ;
#7558 = ADVANCED_FACE ( 'NONE', ( #3750 ), #1784, .F. ) ;
#7559 = CARTESIAN_POINT ( 'NONE',  ( -10.69922937819930731, 10.49999999999996803, -28.26233324531236590 ) ) ;
#7560 = CARTESIAN_POINT ( 'NONE',  ( 10.69132210214695533, 10.49999999999997158, -28.17344146150194106 ) ) ;
#7561 = CARTESIAN_POINT ( 'NONE',  ( -18.31045225960458822, -23.64560390319481797, -69.37169459335183319 ) ) ;
#7562 = DIRECTION ( 'NONE',  ( 0.000000000000000000, 8.930145252227017676E-15, -1.000000000000000000 ) ) ;
#7563 = FACE_OUTER_BOUND ( 'NONE', #475, .T. ) ;
#7564 = CARTESIAN_POINT ( 'NONE',  ( 10.12591565614200384, 15.49999999999997158, -56.65865171499422104 ) ) ;
#7565 = VECTOR ( 'NONE', #3395, 1000.000000000000000 ) ;
#7566 = VERTEX_POINT ( 'NONE', #3109 ) ;
#7567 = CARTESIAN_POINT ( 'NONE',  ( 6.000000000000000000, 46.90830655305971675, -1.800125211048237972 ) ) ;
#7568 = EDGE_LOOP ( 'NONE', ( #8554, #7234, #6728, #3240 ) ) ;
#7569 = CYLINDRICAL_SURFACE ( 'NONE', #5939, 4.999999999999997335 ) ;
#7570 = CARTESIAN_POINT ( 'NONE',  ( 29.70096918004649567, -38.48283812885112098, -201.7397258176135608 ) ) ;
#7571 = CARTESIAN_POINT ( 'NONE',  ( 6.941738029980867530, 17.49999999999999645, -61.51138510802240944 ) ) ;
#7572 = CARTESIAN_POINT ( 'NONE',  ( 26.14762225944139828, -36.32701133907224289, -172.1508951790147250 ) ) ;
#7573 = AXIS2_PLACEMENT_3D ( 'NONE', #7855, #6377, #8998 ) ;
#7574 = CIRCLE ( 'NONE', #8320, 1.549999999999997602 ) ;
#7575 = DIRECTION ( 'NONE',  ( 0.000000000000000000, 0.000000000000000000, -1.000000000000000000 ) ) ;
#7576 = CARTESIAN_POINT ( 'NONE',  ( 15.09521366846881385, 17.49999999999998934, -28.75744658118212271 ) ) ;
#7577 = LINE ( 'NONE', #6060, #4131 ) ;
#7578 = EDGE_LOOP ( 'NONE', ( #2156, #7372 ) ) ;
#7579 = ORIENTED_EDGE ( 'NONE', *, *, #1933, .T. ) ;
#7580 = CARTESIAN_POINT ( 'NONE',  ( 1.171572875253775736, -3.305268473201032009, -68.34211506622474985 ) ) ;
#7581 = DIRECTION ( 'NONE',  ( 0.000000000000000000, 0.000000000000000000, -1.000000000000000000 ) ) ;
#7582 = SECURITY_CLASSIFICATION ( '', '', #1566 ) ;
#7583 = CARTESIAN_POINT ( 'NONE',  ( 33.72964181158256736, -75.07351746041632623, -185.2631614068183410 ) ) ;
#7584 = CARTESIAN_POINT ( 'NONE',  ( 12.83651515059277237, 15.50000000000000178, -50.98809704713048774 ) ) ;
#7585 = CARTESIAN_POINT ( 'NONE',  ( -5.711990458430228124, 15.49999999999996803, -60.95554975279011245 ) ) ;
#7586 = CARTESIAN_POINT ( 'NONE',  ( -12.26967145349126653, -2.499999999999995115, -43.29999102047115400 ) ) ;
#7587 = CARTESIAN_POINT ( 'NONE',  ( 15.12834457481857875, 17.50000000000000000, -28.82629404108106996 ) ) ;
#7588 = CARTESIAN_POINT ( 'NONE',  ( -13.01329793876517193, 15.50000000000000355, -27.51256430423549659 ) ) ;
#7589 = COORDINATED_UNIVERSAL_TIME_OFFSET ( 8, 0, .AHEAD. ) ;
#7590 = CARTESIAN_POINT ( 'NONE',  ( 11.22642170292666464, 17.50000000000000711, -60.26137962948408955 ) ) ;
#7591 = ORIENTED_EDGE ( 'NONE', *, *, #718, .T. ) ;
#7592 = DIRECTION ( 'NONE',  ( 0.000000000000000000, 0.000000000000000000, 1.000000000000000000 ) ) ;
#7593 = ORIENTED_EDGE ( 'NONE', *, *, #7907, .F. ) ;
#7594 = DIRECTION ( 'NONE',  ( 0.000000000000000000, 0.000000000000000000, -1.000000000000000000 ) ) ;
#7595 = CARTESIAN_POINT ( 'NONE',  ( -35.00000000000000000, -53.14538954616106992, -212.3656601304542733 ) ) ;
#7596 = CARTESIAN_POINT ( 'NONE',  ( 20.00000000000000355, -16.18182293001897776, -72.04561000827645501 ) ) ;
#7597 = ORIENTED_EDGE ( 'NONE', *, *, #3001, .T. ) ;
#7598 = SHAPE_REPRESENTATION_RELATIONSHIP ( 'NONE' , 'NONE' ,  #7074, #1151 ) ;
#7599 = CARTESIAN_POINT ( 'NONE',  ( -14.04658023526943467, 17.50000000000000355, -27.20223657953072305 ) ) ;
#7600 = CARTESIAN_POINT ( 'NONE',  ( 7.500000000000000000, -2.499999999999998668, -32.00000000000000000 ) ) ;
#7601 = CARTESIAN_POINT ( 'NONE',  ( -12.39112730990162170, 15.50000000000000711, -51.49106524259404694 ) ) ;
#7602 = EDGE_LOOP ( 'NONE', ( #1137, #7440, #7624, #1191 ) ) ;
#7603 = AXIS2_PLACEMENT_3D ( 'NONE', #8891, #2766, #2714 ) ;
#7604 = CARTESIAN_POINT ( 'NONE',  ( 29.75543036659135510, -80.91393908923556921, -186.3356791162076433 ) ) ;
#7605 = CIRCLE ( 'NONE', #3681, 1.299999999999995604 ) ;
#7606 = EDGE_CURVE ( 'NONE', #9011, #7906, #5866, .T. ) ;
#7607 = CARTESIAN_POINT ( 'NONE',  ( 10.46168486899741090, 10.49999999999996625, -28.11180353383971919 ) ) ;
#7608 = CARTESIAN_POINT ( 'NONE',  ( -17.22382289771653774, -24.32104696532561050, -69.09655093304034779 ) ) ;
#7609 = DIRECTION ( 'NONE',  ( 0.000000000000000000, 0.000000000000000000, -1.000000000000000000 ) ) ;
#7610 = LINE ( 'NONE', #713, #2032 ) ;
#7611 = CARTESIAN_POINT ( 'NONE',  ( -7.500000000000000000, -17.50000000000000000, -2.450000000000003730 ) ) ;
#7612 = CARTESIAN_POINT ( 'NONE',  ( 11.67558783390094490, 15.49999999999997513, -53.75745901801847282 ) ) ;
#7613 = EDGE_CURVE ( 'NONE', #6781, #3352, #3210, .T. ) ;
#7614 = CARTESIAN_POINT ( 'NONE',  ( -5.000000000000000000, -2.499999999999998668, -55.55000000000000426 ) ) ;
#7615 = ORIENTED_EDGE ( 'NONE', *, *, #6047, .T. ) ;
#7616 = CYLINDRICAL_SURFACE ( 'NONE', #7844, 1.299999999999988720 ) ;
#7617 = B_SPLINE_CURVE_WITH_KNOTS ( 'NONE', 3,
 ( #7110, #6425, #1592, #5148, #6563, #805 ),
 .UNSPECIFIED., .F., .F.,
 ( 4, 2, 4 ),
 ( 0.000000000000000000, 0.0004515342921609437842, 0.0009030685843218875684 ),
 .UNSPECIFIED. ) ;
#7618 = CARTESIAN_POINT ( 'NONE',  ( -7.926722259552463790, 17.50000000000000355, -60.52434171456744849 ) ) ;
#7619 = CARTESIAN_POINT ( 'NONE',  ( 29.10415005364259855, -34.14087292203280555, -184.5718301062504452 ) ) ;
#7620 = DATE_TIME_ROLE ( 'creation_date' ) ;
#7621 = CARTESIAN_POINT ( 'NONE',  ( 10.36081294859133806, 17.50000000000000355, -58.09775300029173195 ) ) ;
#7622 = CARTESIAN_POINT ( 'NONE',  ( -15.00160381514495889, -6.001819028029220071, -75.75082626197698232 ) ) ;
#7623 = CARTESIAN_POINT ( 'NONE',  ( 15.32781907227841245, 17.50000000000000355, -30.05709434990126994 ) ) ;
#7624 = ORIENTED_EDGE ( 'NONE', *, *, #7474, .F. ) ;
#7625 = VERTEX_POINT ( 'NONE', #5845 ) ;
#7626 = EDGE_LOOP ( 'NONE', ( #3278, #6999, #3536, #1693 ) ) ;
#7627 = CARTESIAN_POINT ( 'NONE',  ( 34.99999999999999289, -88.05731964210359308, -201.7871122997005955 ) ) ;
#7628 = DIRECTION ( 'NONE',  ( 1.000000000000000000, -0.000000000000000000, 0.000000000000000000 ) ) ;
#7629 = CARTESIAN_POINT ( 'NONE',  ( -29.75599807339261460, -80.91415757616762505, -186.3361381901988523 ) ) ;
#7630 = CARTESIAN_POINT ( 'NONE',  ( 12.57131641542026479, 15.50000000000000000, -51.68252308182674426 ) ) ;
#7631 = CARTESIAN_POINT ( 'NONE',  ( -14.99999999999999645, -170.2684435961459712, -6.522560269672794675E-13 ) ) ;
#7632 = CARTESIAN_POINT ( 'NONE',  ( 10.77222431260185864, -0.2119512111428450973, -59.82395119735866729 ) ) ;
#7633 = APPLICATION_PROTOCOL_DEFINITION ( 'international standard', 'config_control_design', 1994, #486 ) ;
#7634 = CARTESIAN_POINT ( 'NONE',  ( 7.885066813150433340, 17.50000000000000000, -63.28936871024077959 ) ) ;
#7635 = EDGE_LOOP ( 'NONE', ( #624, #2052, #3762, #6154 ) ) ;
#7636 = CARTESIAN_POINT ( 'NONE',  ( 34.99999999999999289, -5.000000000000000000, 24.00000000000000000 ) ) ;
#7637 = CARTESIAN_POINT ( 'NONE',  ( -10.75841321099523995, -2.499999999999995115, -51.48488359320921859 ) ) ;
#7638 = FACE_OUTER_BOUND ( 'NONE', #2841, .T. ) ;
#7639 = CARTESIAN_POINT ( 'NONE',  ( 20.08151167771809398, -16.07991316581558294, -91.06287289571827159 ) ) ;
#7640 = ORIENTED_EDGE ( 'NONE', *, *, #7514, .F. ) ;
#7641 = PERSON_AND_ORGANIZATION_ROLE ( 'design_supplier' ) ;
#7642 = CARTESIAN_POINT ( 'NONE',  ( 15.32783472253181145, 17.50000000000000000, -43.29998848339158002 ) ) ;
#7643 = TOROIDAL_SURFACE ( 'NONE', #1677, 185.2684435961459712, 5.000000000000000000 ) ;
#7644 = CARTESIAN_POINT ( 'NONE',  ( -13.91186326013125019, 15.49999999999997513, -29.15910707434087357 ) ) ;
#7645 = LINE ( 'NONE', #6869, #2455 ) ;
#7646 = CARTESIAN_POINT ( 'NONE',  ( -13.90692905284660519, 15.50000000000000355, -45.76896460175616710 ) ) ;
#7647 = ORIENTED_EDGE ( 'NONE', *, *, #6888, .F. ) ;
#7648 = DIRECTION ( 'NONE',  ( 0.000000000000000000, 0.000000000000000000, 1.000000000000000000 ) ) ;
#7649 = CARTESIAN_POINT ( 'NONE',  ( -17.06970171764654509, -17.50000000000000000, -43.30001332882125809 ) ) ;
#7650 = CARTESIAN_POINT ( 'NONE',  ( -10.78834013258891922, 10.49999999999997158, -28.30088806687975023 ) ) ;
#7651 = CARTESIAN_POINT ( 'NONE',  ( 11.20605068496838541, 15.50000000000000355, -26.24080868889288354 ) ) ;
#7652 = CARTESIAN_POINT ( 'NONE',  ( -19.93754955125205086, -20.89839110152837875, -70.46885874819892592 ) ) ;
#7653 = CARTESIAN_POINT ( 'NONE',  ( -23.01039941502639863, -33.35102456347789968, -181.4734932429977334 ) ) ;
#7654 = CARTESIAN_POINT ( 'NONE',  ( -10.99260532923271860, 10.98577309783015821, -50.09940396440650545 ) ) ;
#7655 = CARTESIAN_POINT ( 'NONE',  ( 15.34275452200058609, -17.05430759596624668, -118.3378462562114493 ) ) ;
#7656 = CARTESIAN_POINT ( 'NONE',  ( 10.88429512106795372, 15.49999999999997691, -55.35313914026691151 ) ) ;
#7657 = CARTESIAN_POINT ( 'NONE',  ( 6.456690051711650113, 10.96707807181487304, -58.30446125221205733 ) ) ;
#7658 = EDGE_LOOP ( 'NONE', ( #423, #8788, #3860, #5316 ) ) ;
#7659 = CARTESIAN_POINT ( 'NONE',  ( -14.72507074853082187, 17.49999999999999289, -46.96984191721413993 ) ) ;
#7660 = CARTESIAN_POINT ( 'NONE',  ( -16.96406644303513644, 17.50000000000000000, -45.67676378678276450 ) ) ;
#7661 = CARTESIAN_POINT ( 'NONE',  ( -7.240824404668209091, 17.49999999999999645, -61.09726687082955721 ) ) ;
#7662 = CARTESIAN_POINT ( 'NONE',  ( 21.29256583879404729, -22.45869956054419703, -139.1665328491021114 ) ) ;
#7663 = SECURITY_CLASSIFICATION_LEVEL ( 'unclassified' ) ;
#7664 = CARTESIAN_POINT ( 'NONE',  ( 11.70056459332386822, 17.50000000000000000, -55.94423219629664601 ) ) ;
#7665 = APPROVAL_ROLE ( '' ) ;
#7666 = DIRECTION ( 'NONE',  ( -3.608227078637467843E-14, -0.3713906763541016676, -0.9284766908852603029 ) ) ;
#7667 = CARTESIAN_POINT ( 'NONE',  ( 13.31905904043886046, 17.50000000000001776, -26.19445147761538095 ) ) ;
#7668 = CARTESIAN_POINT ( 'NONE',  ( 19.99191685750175651, -5.891034298436774286, -75.32395484155351539 ) ) ;
#7669 = ORIENTED_EDGE ( 'NONE', *, *, #6687, .T. ) ;
#7670 = EDGE_LOOP ( 'NONE', ( #1617, #4520, #1829, #214 ) ) ;
#7671 = CARTESIAN_POINT ( 'NONE',  ( -10.17641820663968666, 15.50000000000000000, -56.15374400029008939 ) ) ;
#7672 = CARTESIAN_POINT ( 'NONE',  ( 2.585786437626878431, 54.50982264883958095, -44.77507447095071313 ) ) ;
#7673 = CARTESIAN_POINT ( 'NONE',  ( 6.000000000000000000, 63.80888571314956437, -27.92617313198953610 ) ) ;
#7674 = DIRECTION ( 'NONE',  ( 0.000000000000000000, 0.000000000000000000, 1.000000000000000000 ) ) ;
#7675 = CARTESIAN_POINT ( 'NONE',  ( -34.82906823473418001, -76.43033530955105448, -187.9279663789392032 ) ) ;
#7676 = CARTESIAN_POINT ( 'NONE',  ( 16.57956519158476993, 17.50000000000000000, -49.12834839277108756 ) ) ;
#7677 = COORDINATED_UNIVERSAL_TIME_OFFSET ( 8, 0, .AHEAD. ) ;
#7678 = ADVANCED_FACE ( 'NONE', ( #224 ), #8686, .T. ) ;
#7679 = CARTESIAN_POINT ( 'NONE',  ( 11.67216817084140068, 17.49999999999999645, -59.68630899393657785 ) ) ;
#7680 = ORIENTED_EDGE ( 'NONE', *, *, #1314, .T. ) ;
#7681 = DIRECTION ( 'NONE',  ( 0.000000000000000000, 0.000000000000000000, -1.000000000000000000 ) ) ;
#7682 = VERTEX_POINT ( 'NONE', #4521 ) ;
#7683 = CARTESIAN_POINT ( 'NONE',  ( -16.30319438750071726, -6.154220351274750200, -75.69648389506630792 ) ) ;
#7684 = CARTESIAN_POINT ( 'NONE',  ( 10.89899917883915492, 10.99999999999996447, -6.938893903907228378E-15 ) ) ;
#7685 = CARTESIAN_POINT ( 'NONE',  ( -37.00000000000001421, -89.93670488367540372, -201.1030720130492284 ) ) ;
#7686 = ORIENTED_EDGE ( 'NONE', *, *, #4555, .T. ) ;
#7687 = CALENDAR_DATE ( 2026, 29, 5 ) ;
#7688 = AXIS2_PLACEMENT_3D ( 'NONE', #4394, #7032, #4989 ) ;
#7689 = CARTESIAN_POINT ( 'NONE',  ( 14.52790877564632765, 17.50000000000000355, -48.99296755626583888 ) ) ;
#7690 = DIRECTION ( 'NONE',  ( -9.060998517720132338E-07, -3.407591444544722098E-16, 0.9999999999995894395 ) ) ;
#7691 = CARTESIAN_POINT ( 'NONE',  ( -8.418522092502547238, 17.49999999999999645, -62.71664789234686310 ) ) ;
#7692 = ORIENTED_EDGE ( 'NONE', *, *, #5230, .T. ) ;
#7693 = CARTESIAN_POINT ( 'NONE',  ( 6.000000000000000000, 47.21989972959759996, -29.52288202021099650 ) ) ;
#7694 = CARTESIAN_POINT ( 'NONE',  ( -34.71470984242885294, -38.47166005337759032, -201.6952563691536682 ) ) ;
#7695 = CARTESIAN_POINT ( 'NONE',  ( 6.097724259772400401, 10.49999999999997158, -58.36449054418530125 ) ) ;
#7696 = AXIS2_PLACEMENT_3D ( 'NONE', #1579, #5725, #7979 ) ;
#7697 = EDGE_CURVE ( 'NONE', #5221, #8023, #359, .T. ) ;
#7698 = CARTESIAN_POINT ( 'NONE',  ( 11.21698080359536753, 15.50000000000000355, -26.24374250584140000 ) ) ;
#7699 = FACE_OUTER_BOUND ( 'NONE', #4449, .T. ) ;
#7700 = CARTESIAN_POINT ( 'NONE',  ( -15.34269919567049101, -17.05287566002796851, -118.3323287762284508 ) ) ;
#7701 = CARTESIAN_POINT ( 'NONE',  ( -7.217984892521084994, 10.49999999999997335, -56.93418632047259109 ) ) ;
#7702 = FACE_OUTER_BOUND ( 'NONE', #1196, .T. ) ;
#7703 = CIRCLE ( 'NONE', #3046, 2.999999999999995559 ) ;
#7704 = CARTESIAN_POINT ( 'NONE',  ( 8.964251928029973726, 15.49999999999996092, -58.27389966783204756 ) ) ;
#7705 = PLANE ( 'NONE',  #6301 ) ;
#7706 = ORIENTED_EDGE ( 'NONE', *, *, #7138, .T. ) ;
#7707 = CARTESIAN_POINT ( 'NONE',  ( 30.21828963688069436, -38.83286597585784250, -203.1322325455446389 ) ) ;
#7708 = DATE_AND_TIME ( #9044, #723 ) ;
#7709 = CARTESIAN_POINT ( 'NONE',  ( 7.500000000000000000, -2.499999999999998668, -4.000000000000000888 ) ) ;
#7710 = CARTESIAN_POINT ( 'NONE',  ( 13.10324863765806924, 17.50000000000000000, -26.02741863268916589 ) ) ;
#7711 = CIRCLE ( 'NONE', #4371, 5.000000000000000888 ) ;
#7712 = CARTESIAN_POINT ( 'NONE',  ( 19.98383371500350592, -5.780249058701935283, -74.89708145546919127 ) ) ;
#7713 = VERTEX_POINT ( 'NONE', #2423 ) ;
#7714 = EDGE_LOOP ( 'NONE', ( #7866, #7505, #7132, #6791 ) ) ;
#7715 = DIRECTION ( 'NONE',  ( 0.000000000000000000, 0.000000000000000000, 1.000000000000000000 ) ) ;
#7716 = CARTESIAN_POINT ( 'NONE',  ( 14.17608913891358213, 16.97706509537811570, -27.44144836219936678 ) ) ;
#7717 = ADVANCED_FACE ( 'NONE', ( #1092 ), #6618, .F. ) ;
#7718 = CARTESIAN_POINT ( 'NONE',  ( 36.89913211751885314, -78.93568338480557145, -192.8736627113139264 ) ) ;
#7719 = CARTESIAN_POINT ( 'NONE',  ( 4.931825088592988848, 15.50000000000000000, -61.50289221687464192 ) ) ;
#7720 = APPROVAL_PERSON_ORGANIZATION ( #7506, #4010, #609 ) ;
#7721 = VECTOR ( 'NONE', #365, 1000.000000000000000 ) ;
#7722 = CARTESIAN_POINT ( 'NONE',  ( -34.93255404056748148, -85.79189844232519135, -196.5850072937526249 ) ) ;
#7723 = CARTESIAN_POINT ( 'NONE',  ( 17.32783472253104406, 17.50000000000000000, -43.29998667119183864 ) ) ;
#7724 = COORDINATED_UNIVERSAL_TIME_OFFSET ( 8, 0, .AHEAD. ) ;
#7725 = ADVANCED_FACE ( 'NONE', ( #4434, #4561 ), #7347, .F. ) ;
#7726 = CARTESIAN_POINT ( 'NONE',  ( 2.628829549486175310, 17.50000000000000000, -64.99999999999771205 ) ) ;
#7727 = CARTESIAN_POINT ( 'NONE',  ( 1.171572875253783508, 20.28317997771091541, -55.72757898349544803 ) ) ;
#7728 = LOCAL_TIME ( 17, 12, 35.00000000000000000, #6118 ) ;
#7729 = CARTESIAN_POINT ( 'NONE',  ( -12.95706361732724154, 17.50000000000000355, -52.75113520089934838 ) ) ;
#7730 = EDGE_LOOP ( 'NONE', ( #1582, #4489, #3594, #5048 ) ) ;
#7731 = CARTESIAN_POINT ( 'NONE',  ( -19.99840508365650038, -10.58585080342429663, -74.16568245867661346 ) ) ;
#7732 = LINE ( 'NONE', #4357, #6882 ) ;
#7733 = EDGE_CURVE ( 'NONE', #1374, #3833, #3101, .T. ) ;
#7734 = DIRECTION ( 'NONE',  ( -7.850462293418878299E-17, -0.9396926207859096492, -0.3420201433256654933 ) ) ;
#7735 = ORIENTED_EDGE ( 'NONE', *, *, #6337, .T. ) ;
#7736 = B_SPLINE_CURVE_WITH_KNOTS ( 'NONE', 3,
 ( #7360, #2389, #7971, #7929, #368, #3759, #1664, #8010, #5989, #8778, #1103, #3886, #8099, #231, #3154, #274, #1009, #3077, #5131, #6670 ),
 .UNSPECIFIED., .F., .F.,
 ( 4, 2, 2, 2, 2, 2, 2, 2, 2, 4 ),
 ( 1.387778780781445676E-17, 0.0004207992092379895317, 0.0008415984184759651857, 0.001683196836951875294, 0.002524795255427785511, 0.003366393673903695510, 0.005049590510855516377, 0.006732787347807336377, 0.01009918102171103969, 0.01346557469561474388 ),
 .UNSPECIFIED. ) ;
#7737 = COORDINATED_UNIVERSAL_TIME_OFFSET ( 8, 0, .AHEAD. ) ;
#7738 = CARTESIAN_POINT ( 'NONE',  ( 13.86567129652868324, 17.50000000000000355, -51.08032618441332318 ) ) ;
#7739 = LINE ( 'NONE', #6962, #3464 ) ;
#7740 = CARTESIAN_POINT ( 'NONE',  ( -8.832897941694932697, 17.50000000000000355, -62.38139206127068093 ) ) ;
#7741 = ORIENTED_EDGE ( 'NONE', *, *, #331, .F. ) ;
#7742 = EDGE_CURVE ( 'NONE', #5140, #6845, #1474, .T. ) ;
#7743 = VERTEX_POINT ( 'NONE', #5936 ) ;
#7744 = CARTESIAN_POINT ( 'NONE',  ( 6.167703035668183453, 2.698596842505499804, -59.82102243880293457 ) ) ;
#7745 = CARTESIAN_POINT ( 'NONE',  ( -34.99344801578481423, -43.05022787640226056, -200.5418815794413661 ) ) ;
#7746 = CONICAL_SURFACE ( 'NONE', #8913, 15.99999999999997868, 0.7853981633974471688 ) ;
#7747 = CARTESIAN_POINT ( 'NONE',  ( 3.020126851221961672, 10.49999999999997158, -59.97740692844644883 ) ) ;
#7748 = AXIS2_PLACEMENT_3D ( 'NONE', #7250, #897, #3690 ) ;
#7749 = ADVANCED_FACE ( 'NONE', ( #528 ), #5718, .F. ) ;
#7750 = CARTESIAN_POINT ( 'NONE',  ( 12.68769435098432652, 15.50000000000000355, -26.96818651654750454 ) ) ;
#7751 = AXIS2_PLACEMENT_3D ( 'NONE', #5884, #3913, #7301 ) ;
#7752 = CARTESIAN_POINT ( 'NONE',  ( -14.99999999999999645, -7.011872312450456945, 25.70895527601439312 ) ) ;
#7753 = CARTESIAN_POINT ( 'NONE',  ( -5.093289820165272985, 10.49999999999997335, -58.96396693402267886 ) ) ;
#7754 = CARTESIAN_POINT ( 'NONE',  ( 16.87023904266415641, -25.30725160785511108, -150.1727044240921600 ) ) ;
#7755 = DIRECTION ( 'NONE',  ( 0.000000000000000000, 0.000000000000000000, 1.000000000000000000 ) ) ;
#7756 = CARTESIAN_POINT ( 'NONE',  ( 20.00000000000000355, -24.79567195388979073, -68.91042536112450989 ) ) ;
#7757 = CARTESIAN_POINT ( 'NONE',  ( -20.74795622019954777, -17.55794733134163366, -120.2784513377902300 ) ) ;
#7758 = CARTESIAN_POINT ( 'NONE',  ( -34.99344801578801878, -76.62908751426003562, -188.3201761706692139 ) ) ;
#7759 = EDGE_CURVE ( 'NONE', #6575, #3928, #4109, .T. ) ;
#7760 = CIRCLE ( 'NONE', #4995, 2.999999999999999112 ) ;
#7761 = CARTESIAN_POINT ( 'NONE',  ( 11.52926510021556616, 10.97633482741032651, -49.26857006701729347 ) ) ;
#7762 = ORIENTED_EDGE ( 'NONE', *, *, #1259, .T. ) ;
#7763 = CARTESIAN_POINT ( 'NONE',  ( -6.071498512974889294, 17.50000000000000000, -61.90663421100163788 ) ) ;
#7764 = CARTESIAN_POINT ( 'NONE',  ( 15.43738724765386472, -19.39439347066650754, -127.3545743280400870 ) ) ;
#7765 = ADVANCED_FACE ( 'NONE', ( #443 ), #5330, .F. ) ;
#7766 = CARTESIAN_POINT ( 'NONE',  ( 17.32779548841932993, 17.50000000000000000, 0.000000000000000000 ) ) ;
#7767 = CARTESIAN_POINT ( 'NONE',  ( 14.00705000927898070, 15.49999999999997158, -28.68713486407916591 ) ) ;
#7768 = VECTOR ( 'NONE', #4905, 1000.000000000000000 ) ;
#7769 = CARTESIAN_POINT ( 'NONE',  ( 21.46508122820922537, -26.08180391718213542, -153.1222447169148779 ) ) ;
#7770 = CARTESIAN_POINT ( 'NONE',  ( -11.72586755177121276, 15.50000000000000000, -53.07730462274849970 ) ) ;
#7771 = CARTESIAN_POINT ( 'NONE',  ( -15.00080191688287279, -24.79567195388979073, -68.91042536112450989 ) ) ;
#7772 = CARTESIAN_POINT ( 'NONE',  ( -29.81251579091778225, -80.93962453392860823, -186.3896481087697339 ) ) ;
#7773 = VERTEX_POINT ( 'NONE', #2585 ) ;
#7774 = CARTESIAN_POINT ( 'NONE',  ( 3.864733655286481717, 15.50000000000000000, -61.85758319003709005 ) ) ;
#7775 = CARTESIAN_POINT ( 'NONE',  ( -34.81734039722494600, -77.12436952838878312, -187.8134738795006058 ) ) ;
#7776 = CARTESIAN_POINT ( 'NONE',  ( 14.55793549357921002, -17.50000000000000000, -54.67832518146288123 ) ) ;
#7777 = FACE_OUTER_BOUND ( 'NONE', #5512, .T. ) ;
#7778 = CARTESIAN_POINT ( 'NONE',  ( -11.11874824472880086, 17.50000000000001066, -56.52095219354062294 ) ) ;
#7779 = ORIENTED_EDGE ( 'NONE', *, *, #5230, .F. ) ;
#7780 = CARTESIAN_POINT ( 'NONE',  ( -17.22382289771702091, -6.485042584699930224, -75.58832562582911407 ) ) ;
#7781 = DIRECTION ( 'NONE',  ( 1.000000000000000000, 0.000000000000000000, 0.000000000000000000 ) ) ;
#7782 = CARTESIAN_POINT ( 'NONE',  ( 15.00240574293442641, -6.001819538171618618, -75.75082822763786794 ) ) ;
#7783 = ORIENTED_EDGE ( 'NONE', *, *, #7474, .T. ) ;
#7784 = APPROVAL_ROLE ( '' ) ;
#7785 = CARTESIAN_POINT ( 'NONE',  ( 12.80709936050048903, 17.50000000000000000, -53.68813527350747705 ) ) ;
#7786 = VECTOR ( 'NONE', #103, 1000.000000000000000 ) ;
#7787 = CARTESIAN_POINT ( 'NONE',  ( -6.349134484428287983, 2.779046232258155058, -59.59866594056955336 ) ) ;
#7788 = CARTESIAN_POINT ( 'NONE',  ( -12.29532037403551037, 17.50000000000000000, -58.43038922756085896 ) ) ;
#7789 = ORIENTED_EDGE ( 'NONE', *, *, #2844, .T. ) ;
#7790 = ORIENTED_EDGE ( 'NONE', *, *, #7759, .T. ) ;
#7791 = CARTESIAN_POINT ( 'NONE',  ( 5.986562247144306070, 2.617721902403017165, -60.04322451053417353 ) ) ;
#7792 = CARTESIAN_POINT ( 'NONE',  ( 5.356908783162591448, 10.49999999999997691, -58.95996443419434740 ) ) ;
#7793 = CARTESIAN_POINT ( 'NONE',  ( -9.159230124526322570, 15.49999999999997868, -57.69702412416790338 ) ) ;
#7794 = CIRCLE ( 'NONE', #638, 5.000000000000004441 ) ;
#7795 = FACE_OUTER_BOUND ( 'NONE', #4616, .T. ) ;
#7796 = MANIFOLD_SOLID_BREP ( '\X2\51f853f0\X0\-\X2\62c94f38\X0\1', #5307 ) ;
#7797 = CARTESIAN_POINT ( 'NONE',  ( 13.52426672211042025, 15.50000000000000000, -27.82657351155791758 ) ) ;
#7798 = CARTESIAN_POINT ( 'NONE',  ( -34.84362752075608682, -40.70486507771857276, -207.2231811210196781 ) ) ;
#7799 = CARTESIAN_POINT ( 'NONE',  ( -7.736653184272081596, 10.49999999999996803, -56.25178606312589125 ) ) ;
#7800 = CARTESIAN_POINT ( 'NONE',  ( 15.00240574293442641, -6.001819538171618618, -75.75082822763786794 ) ) ;
#7801 = ADVANCED_FACE ( 'NONE', ( #5473 ), #8267, .F. ) ;
#7802 = CARTESIAN_POINT ( 'NONE',  ( 13.12783472253272343, 12.49999999999987388, -43.29999047681123869 ) ) ;
#7803 = CARTESIAN_POINT ( 'NONE',  ( -26.12300448420821652, -70.31375411002586873, -164.4952556239183821 ) ) ;
#7804 = CARTESIAN_POINT ( 'NONE',  ( -20.55500689607282538, -16.08241933000184787, -110.0421314932432892 ) ) ;
#7805 = CIRCLE ( 'NONE', #7217, 175.2684435961459712 ) ;
#7806 = EDGE_CURVE ( 'NONE', #8078, #3560, #6832, .T. ) ;
#7807 = DIRECTION ( 'NONE',  ( -0.000000000000000000, 1.000000000000000000, -0.000000000000000000 ) ) ;
#7808 = VERTEX_POINT ( 'NONE', #5376 ) ;
#7809 = CC_DESIGN_DATE_AND_TIME_ASSIGNMENT ( #746, #2116, ( #6584 ) ) ;
#7810 = CARTESIAN_POINT ( 'NONE',  ( -15.21166222126575995, 17.50000000000000000, -52.55521300004200924 ) ) ;
#7811 = CARTESIAN_POINT ( 'NONE',  ( 1.171572875253781953, 1.393194630728521455, -70.05221578285306805 ) ) ;
#7812 = CARTESIAN_POINT ( 'NONE',  ( -19.99999999999999289, -22.41521382067710277, -88.75701203222136826 ) ) ;
#7813 = PERSON_AND_ORGANIZATION_ROLE ( 'classification_officer' ) ;
#7814 = CARTESIAN_POINT ( 'NONE',  ( 12.48663995750958478, 11.09167599805535609, -46.53462461894602598 ) ) ;
#7815 = CARTESIAN_POINT ( 'NONE',  ( 13.15120767345320019, 17.49999999999999645, -26.06453555506690023 ) ) ;
#7816 = CARTESIAN_POINT ( 'NONE',  ( -9.996291055344206811, -5.669463818967086510, -74.47020806938490978 ) ) ;
#7817 = EDGE_CURVE ( 'NONE', #2793, #1597, #8178, .T. ) ;
#7818 = ORIENTED_EDGE ( 'NONE', *, *, #5468, .F. ) ;
#7819 = CARTESIAN_POINT ( 'NONE',  ( -1.171572875253809709, 67.74123947023871040, -5.926590506840825334 ) ) ;
#7820 = CARTESIAN_POINT ( 'NONE',  ( 1.171572875253781731, -3.305268473201029789, -68.34211506622474985 ) ) ;
#7821 = ORIENTED_EDGE ( 'NONE', *, *, #7345, .F. ) ;
#7822 = CC_DESIGN_PERSON_AND_ORGANIZATION_ASSIGNMENT ( #2060, #7497, ( #3354 ) ) ;
#7823 = CARTESIAN_POINT ( 'NONE',  ( 10.06204989933834604, 15.50000000000000355, -56.76120380213922800 ) ) ;
#7824 = LINE ( 'NONE', #5577, #5790 ) ;
#7825 = DATE_AND_TIME ( #2106, #5253 ) ;
#7826 = CARTESIAN_POINT ( 'NONE',  ( -13.07023694873744013, 15.49999999999997335, -27.57885913625031193 ) ) ;
#7827 = DIRECTION ( 'NONE',  ( 0.000000000000000000, 0.3420201433256677692, 0.9396926207859087610 ) ) ;
#7828 = CARTESIAN_POINT ( 'NONE',  ( -11.24935309173292985, 17.49999999999998579, -56.29230410687129904 ) ) ;
#7829 = VERTEX_POINT ( 'NONE', #7567 ) ;
#7830 = CARTESIAN_POINT ( 'NONE',  ( -19.99999999999999645, -24.79567195388979073, -68.91042536112450989 ) ) ;
#7831 = FACE_OUTER_BOUND ( 'NONE', #2356, .T. ) ;
#7832 = CARTESIAN_POINT ( 'NONE',  ( -7.500000000000000000, -15.00000000000000000, -30.55000000000000071 ) ) ;
#7833 = ORIENTED_EDGE ( 'NONE', *, *, #1364, .F. ) ;
#7834 = EDGE_CURVE ( 'NONE', #4149, #880, #604, .T. ) ;
#7835 = APPROVAL_STATUS ( 'not_yet_approved' ) ;
#7836 = CARTESIAN_POINT ( 'NONE',  ( 12.06696557045836116, 17.50000000000000355, -55.24437607359530489 ) ) ;
#7837 = CARTESIAN_POINT ( 'NONE',  ( -6.530855928433051183, 2.859069776794019191, -59.37615583082593673 ) ) ;
#7839 = AXIS2_PLACEMENT_3D ( 'NONE', #4294, #5794, #7078 ) ;
#7838 = CARTESIAN_POINT ( 'NONE',  ( -13.99796368259216450, 17.50000000000000355, -55.32009864270096244 ) ) ;
#7840 = ORIENTED_EDGE ( 'NONE', *, *, #2148, .T. ) ;
#7841 = ORIENTED_EDGE ( 'NONE', *, *, #1274, .T. ) ;
#7842 = CARTESIAN_POINT ( 'NONE',  ( 12.98774596236854784, 15.48340488093924883, -27.23317156393315130 ) ) ;
#7843 = CARTESIAN_POINT ( 'NONE',  ( 4.219843137282041745, 10.49999999999997158, -59.63056605787196673 ) ) ;
#7844 = AXIS2_PLACEMENT_3D ( 'NONE', #1263, #1362, #530 ) ;
#7845 = EDGE_CURVE ( 'NONE', #3042, #886, #901, .T. ) ;
#7846 = CARTESIAN_POINT ( 'NONE',  ( -11.46662427957783059, 15.49999999999996980, -53.65096252135233357 ) ) ;
#7847 = CARTESIAN_POINT ( 'NONE',  ( 11.06760244516311786, 15.50000000000000355, -26.20364717776121921 ) ) ;
#7848 = DIRECTION ( 'NONE',  ( -0.000000000000000000, 1.000000000000000000, -0.000000000000000000 ) ) ;
#7849 = CARTESIAN_POINT ( 'NONE',  ( -4.610291287982017927, 10.49999999999997158, -59.28539396377845350 ) ) ;
#7850 = EDGE_CURVE ( 'NONE', #5540, #810, #1493, .T. ) ;
#7851 = DIRECTION ( 'NONE',  ( 0.000000000000000000, -0.1415684939157633992, 0.9899284628347760906 ) ) ;
#7852 = DIRECTION ( 'NONE',  ( 0.000000000000000000, -6.201636426617085363E-15, -1.000000000000000000 ) ) ;
#7853 = CARTESIAN_POINT ( 'NONE',  ( -16.65693510432139490, -24.41662694148685731, -68.11399463159854406 ) ) ;
#7854 = CARTESIAN_POINT ( 'NONE',  ( -20.84449952388940019, -18.99655472077752094, -125.8216374974011131 ) ) ;
#7855 = CARTESIAN_POINT ( 'NONE',  ( -35.00000000000001421, -87.37327935545148705, -199.9077270581289270 ) ) ;
#7856 = VECTOR ( 'NONE', #8578, 1000.000000000000114 ) ;
#7857 = ORIENTED_EDGE ( 'NONE', *, *, #3325, .T. ) ;
#7858 = EDGE_CURVE ( 'NONE', #6193, #1673, #8897, .T. ) ;
#7859 = CARTESIAN_POINT ( 'NONE',  ( 37.60503081595918928, -40.44339918379679233, -209.5393751386957319 ) ) ;
#7860 = CARTESIAN_POINT ( 'NONE',  ( -34.93144720612029630, -70.63741131989577582, -190.0364182805403459 ) ) ;
#7861 = CIRCLE ( 'NONE', #8150, 185.2684435961459712 ) ;
#7862 = CARTESIAN_POINT ( 'NONE',  ( -34.93255404056739621, -41.34363852367938108, -212.7628508690614524 ) ) ;
#7863 = CARTESIAN_POINT ( 'NONE',  ( 12.95937153027266575, 17.50000000000000000, -25.91606786555592379 ) ) ;
#7864 = DIRECTION ( 'NONE',  ( 0.7750859297768606382, 0.000000000000000000, -0.6318558391452431255 ) ) ;
#7865 = CARTESIAN_POINT ( 'NONE',  ( -17.54859651735831605, -26.08180391718195423, -153.1222447169145653 ) ) ;
#7866 = ORIENTED_EDGE ( 'NONE', *, *, #3360, .T. ) ;
#7867 = DIRECTION ( 'NONE',  ( -9.060998465960401091E-07, 1.267682592010524005E-14, 0.9999999999995895505 ) ) ;
#7868 = B_SPLINE_CURVE_WITH_KNOTS ( 'NONE', 3,
 ( #86, #3663, #4397, #3918 ),
 .UNSPECIFIED., .F., .F.,
 ( 4, 4 ),
 ( 2.819285914162819540E-16, 0.0001361679309312684052 ),
 .UNSPECIFIED. ) ;
#7869 = DIRECTION ( 'NONE',  ( 9.060998464626004444E-07, 0.000000000000000000, -0.9999999999995895505 ) ) ;
#7870 = ORIENTED_EDGE ( 'NONE', *, *, #2193, .T. ) ;
#7871 = CARTESIAN_POINT ( 'NONE',  ( 4.225605527746981949, 15.50000000000000000, -61.76141548200403264 ) ) ;
#7872 = LINE ( 'NONE', #6621, #4447 ) ;
#7873 = VECTOR ( 'NONE', #2281, 999.9999999999998863 ) ;
#7874 = CARTESIAN_POINT ( 'NONE',  ( -14.06971349694578066, 15.49999999999997158, -30.30001061052707456 ) ) ;
#7875 = CARTESIAN_POINT ( 'NONE',  ( 14.71503877927985293, 17.50000000000000355, -48.24226402158080163 ) ) ;
#7876 = CARTESIAN_POINT ( 'NONE',  ( -14.25483450736929036, 17.50000000000000355, -49.02820851005596126 ) ) ;
#7877 = B_SPLINE_SURFACE_WITH_KNOTS ( 'NONE', 3, 1, ( 
 ( #6365, #242 ),
 ( #4366, #3000 ),
 ( #4271, #8438 ),
 ( #5682, #4963 ) ),
 .UNSPECIFIED., .F., .F., .F.,
 ( 4, 4 ),
 ( 2, 2 ),
 ( 0.000000000000000000, 0.7940093945099473416 ),
 ( 0.000000000000000000, 1.000000000000000000 ),
 .UNSPECIFIED. ) ;
#7878 = ORIENTED_EDGE ( 'NONE', *, *, #8691, .F. ) ;
#7879 = CARTESIAN_POINT ( 'NONE',  ( 34.82906823473425817, -42.95037330385847696, -200.1136759933738745 ) ) ;
#7880 = AXIS2_PLACEMENT_3D ( 'NONE', #6752, #8817, #8855 ) ;
#7881 = CARTESIAN_POINT ( 'NONE',  ( 0.000000000000000000, -170.2684435961459712, -6.522560269672794675E-13 ) ) ;
#7882 = CARTESIAN_POINT ( 'NONE',  ( -14.94149535192647171, 17.50000000000000000, -45.52912200145684807 ) ) ;
#7883 = EDGE_LOOP ( 'NONE', ( #1310, #3392, #729, #2873, #1138 ) ) ;
#7884 = CARTESIAN_POINT ( 'NONE',  ( 16.61118855851202625, -6.251220987432200893, -75.66459410576747757 ) ) ;
#7885 = EDGE_CURVE ( 'NONE', #4149, #6364, #2947, .T. ) ;
#7886 =( GEOMETRIC_REPRESENTATION_CONTEXT ( 3 ) GLOBAL_UNCERTAINTY_ASSIGNED_CONTEXT ( ( #5216 ) ) GLOBAL_UNIT_ASSIGNED_CONTEXT ( ( #5918, #935, #3049 ) ) REPRESENTATION_CONTEXT ( 'NONE', 'WORKASPACE' ) );
#7887 = DIRECTION ( 'NONE',  ( 0.000000000000000000, 0.000000000000000000, 1.000000000000000000 ) ) ;
#7888 = DIRECTION ( 'NONE',  ( -0.9999999999995895505, 0.000000000000000000, 9.060998465960401091E-07 ) ) ;
#7889 = ORIENTED_EDGE ( 'NONE', *, *, #2865, .F. ) ;
#7890 =( BOUNDED_SURFACE ( )  B_SPLINE_SURFACE ( 3, 2, ( 
 ( #8542, #5145, #4418 ),
 ( #8027, #5186, #1587 ),
 ( #7986, #1632, #6510 ),
 ( #246, #3686, #5098 ),
 ( #2266, #4370, #8632 ),
 ( #203, #1678, #4459 ),
 ( #7286, #3091, #7896 ),
 ( #934, #5917, #5871 ),
 ( #3731, #7944, #8708 ),
 ( #2446, #2362, #7244 ),
 ( #979, #3771, #6556 ),
 ( #290, #8667, #1025 ),
 ( #3811, #339, #6174 ),
 ( #8690, #8772, #7309 ),
 ( #7922, #5255, #3072 ),
 ( #8649, #3194, #7353 ),
 ( #8730, #1659, #3792 ),
 ( #8052, #408, #1789 ),
 ( #5942, #2466, #363 ),
 ( #7266, #3113, #4527 ),
 ( #3754, #3149, #4439 ),
 ( #2385, #7225, #4567 ),
 ( #958, #6537, #2509 ),
 ( #5892, #6623, #2427 ),
 ( #1742, #1097, #1003 ),
 ( #5297, #5164, #3881 ),
 ( #7966, #265, #1699 ),
 ( #6663, #5850, #5984 ),
 ( #4480, #6578, #318 ),
 ( #5208, #8006, #1048 ),
 ( #3839, #8326, #851 ),
 ( #1641, #3423, #5740 ),
 ( #3012, #2173, #3646 ),
 ( #2226, #7112, #5785 ),
 ( #7758, #3592, #6428 ),
 ( #632, #166, #5151 ),
 ( #2273, #5066, #4977 ),
 ( #6473, #808, #6203 ),
 ( #6520, #212, #7207 ),
 ( #8551, #3741, #1505 ) ),
 .UNSPECIFIED., .F., .F., .F. ) 
 B_SPLINE_SURFACE_WITH_KNOTS ( ( 4, 2, 2, 2, 2, 2, 2, 2, 2, 2, 2, 2, 2, 2, 2, 2, 2, 2, 2, 4 ),
 ( 3, 3 ),
 ( 0.04353936989675961933, 0.08021823731582553019, 0.08938795417059200443, 0.09397281259797524156, 0.09626524181166686012, 0.09741145641851267634, 0.09798456372193557751, 0.09855767102535847868, 0.1168971047348914272, 0.1352365384444243757, 0.1444062552991908499, 0.1535759721539573242, 0.1719154058634902726, 0.1765002642908735098, 0.1776464788977193121, 0.1782195862011421994, 0.1785061398528536569, 0.1787926935045651144, 0.1810851227182567469, 0.1902548395730232211 ),
 ( 0.000000000000000000, 1.000000000000000000 ),
 .UNSPECIFIED. ) 
 GEOMETRIC_REPRESENTATION_ITEM ( )  RATIONAL_B_SPLINE_SURFACE ( (
 ( 1.000000000000000000, 0.7078959802469120266, 1.000000000000000000),
 ( 1.000000000000000000, 0.6992019461993245200, 1.000000000000000000),
 ( 1.000000000000000000, 0.6919809600895512336, 1.000000000000000000),
 ( 1.000000000000000000, 0.6841538636236813575, 1.000000000000000000),
 ( 1.000000000000000000, 0.6826483624320187626, 1.000000000000000000),
 ( 1.000000000000000000, 0.6804695144587185052, 1.000000000000000000),
 ( 1.000000000000000000, 0.6797564808696849870, 1.000000000000000000),
 ( 1.000000000000000000, 0.6787056285569116332, 1.000000000000000000),
 ( 1.000000000000000000, 0.6783584617140446804, 1.000000000000000000),
 ( 1.000000000000000000, 0.6778422484295162365, 1.000000000000000000),
 ( 1.000000000000000000, 0.6776709335528626754, 1.000000000000000000),
 ( 1.000000000000000000, 0.6774150786915916767, 1.000000000000000000),
 ( 1.000000000000000000, 0.6773299799825966971, 1.000000000000000000),
 ( 1.000000000000000000, 0.6771601522835060116, 1.000000000000000000),
 ( 1.000000000000000000, 0.6771110726664650858, 1.000000000000000000),
 ( 1.000000000000000000, 0.6754060046562532227, 1.000000000000000000),
 ( 1.000000000000000000, 0.6753833056339009211, 1.000000000000000000),
 ( 1.000000000000000000, 0.6780074125724198097, 1.000000000000000000),
 ( 1.000000000000000000, 0.6806590286360821862, 1.000000000000000000),
 ( 1.000000000000000000, 0.6863143302781735677, 1.000000000000000000),
 ( 1.000000000000000000, 0.6884772600707456114, 1.000000000000000000),
 ( 1.000000000000000000, 0.6932896903349865525, 1.000000000000000000),
 ( 1.000000000000000000, 0.6959406571539549224, 1.000000000000000000),
 ( 1.000000000000000000, 0.7045409956172445920, 1.000000000000000000),
 ( 1.000000000000000000, 0.7111392661179293251, 1.000000000000000000),
 ( 1.000000000000000000, 0.7201723347183608404, 1.000000000000000000),
 ( 1.000000000000000000, 0.7220186150129387359, 1.000000000000000000),
 ( 1.000000000000000000, 0.7243678168936337203, 1.000000000000000000),
 ( 1.000000000000000000, 0.7248311898800261499, 1.000000000000000000),
 ( 1.000000000000000000, 0.7255290600072301643, 1.000000000000000000),
 ( 1.000000000000000000, 0.7257621436818644245, 1.000000000000000000),
 ( 1.000000000000000000, 0.7261124451697557047, 1.000000000000000000),
 ( 1.000000000000000000, 0.7262084426666270964, 1.000000000000000000),
 ( 1.000000000000000000, 0.7264199814899117147, 1.000000000000000000),
 ( 1.000000000000000000, 0.7265256646331010870, 1.000000000000000000),
 ( 1.000000000000000000, 0.7274760366806308776, 1.000000000000000000),
 ( 1.000000000000000000, 0.7283152915011550377, 1.000000000000000000),
 ( 1.000000000000000000, 0.7324840276690620655, 1.000000000000000000),
 ( 1.000000000000000000, 0.7357308456422425591, 1.000000000000000000),
 ( 1.000000000000000000, 0.7388909115768705904, 1.000000000000000000) ) ) 
 REPRESENTATION_ITEM ( '' )  SURFACE ( )  );
#7891 = ORIENTED_EDGE ( 'NONE', *, *, #8821, .T. ) ;
#7892 = DIRECTION ( 'NONE',  ( 0.000000000000000000, 0.000000000000000000, -1.000000000000000000 ) ) ;
#7893 = CARTESIAN_POINT ( 'NONE',  ( 3.893551942453286507, 10.49999999999996803, -59.76445447342286599 ) ) ;
#7894 = ORGANIZATION ( 'NAUO-ORG3', 'UNSPECIFIED', 'UNSPECIFIED' ) ;
#7895 = CARTESIAN_POINT ( 'NONE',  ( -8.703101402754805704, 15.49999999999996625, -58.28003049821464998 ) ) ;
#7896 = CARTESIAN_POINT ( 'NONE',  ( -15.37903479399693119, -45.24386341860368788, -111.8751591337376396 ) ) ;
#7897 = CARTESIAN_POINT ( 'NONE',  ( 10.69905067253813158, 10.49999999999996980, -56.83004909626473022 ) ) ;
#7898 = DIRECTION ( 'NONE',  ( 0.000000000000000000, 0.000000000000000000, 1.000000000000000000 ) ) ;
#7899 = CARTESIAN_POINT ( 'NONE',  ( -4.202664223339406036, 10.49999999999997158, -59.51413604568206495 ) ) ;
#7900 = CYLINDRICAL_SURFACE ( 'NONE', #9027, 2.999999999999997335 ) ;
#7901 = CARTESIAN_POINT ( 'NONE',  ( 13.72783472253249570, 13.99999999999993605, -43.29998993315132338 ) ) ;
#7902 = LINE ( 'NONE', #8637, #7066 ) ;
#7903 = CARTESIAN_POINT ( 'NONE',  ( -16.98941819138226705, -25.59140934651731669, -151.2722259310121160 ) ) ;
#7904 = CARTESIAN_POINT ( 'NONE',  ( -25.67619468443063369, -37.01455149378356424, -176.6151742010327155 ) ) ;
#7905 = CARTESIAN_POINT ( 'NONE',  ( 20.65676697838425468, -40.19464874548993549, -101.2659977042071375 ) ) ;
#7906 = VERTEX_POINT ( 'NONE', #5424 ) ;
#7907 = EDGE_CURVE ( 'NONE', #3928, #8152, #7319, .T. ) ;
#7908 = AXIS2_PLACEMENT_3D ( 'NONE', #3557, #6842, #2135 ) ;
#7909 = CARTESIAN_POINT ( 'NONE',  ( 34.71470984242856161, -38.47166005337847849, -201.6952563691595515 ) ) ;
#7910 = CARTESIAN_POINT ( 'NONE',  ( -34.98687346096904349, -65.09601845801020659, -192.0533203386413845 ) ) ;
#7911 = CARTESIAN_POINT ( 'NONE',  ( 18.98092060897692690, -22.97980231608869062, -69.64370124880485946 ) ) ;
#7912 = CARTESIAN_POINT ( 'NONE',  ( 34.99999999999999289, -87.37327935545148705, -199.9077270581289270 ) ) ;
#7913 = CARTESIAN_POINT ( 'NONE',  ( 13.79609054892469899, 15.49999999999997691, -28.25258591724617219 ) ) ;
#7914 = EDGE_CURVE ( 'NONE', #8926, #2781, #3916, .T. ) ;
#7915 = CARTESIAN_POINT ( 'NONE',  ( -16.65693510432139490, -5.780249058701933507, -74.89708145546916285 ) ) ;
#7916 = VERTEX_POINT ( 'NONE', #6014 ) ;
#7917 = DIRECTION ( 'NONE',  ( 0.000000000000000000, 0.000000000000000000, 1.000000000000000000 ) ) ;
#7918 = DIRECTION ( 'NONE',  ( 0.000000000000000000, 0.9396926207859086499, -0.3420201433256680468 ) ) ;
#7919 = VERTEX_POINT ( 'NONE', #7429 ) ;
#7920 = CARTESIAN_POINT ( 'NONE',  ( -12.63941635453247869, 14.69190866713658927, -27.58523409146264527 ) ) ;
#7921 = DIRECTION ( 'NONE',  ( -1.000000000000000000, 1.982541115402065110E-16, 0.000000000000000000 ) ) ;
#7922 = CARTESIAN_POINT ( 'NONE',  ( -20.42180390381919253, -42.87474113889976479, -119.4983505220770468 ) ) ;
#7923 = B_SPLINE_CURVE_WITH_KNOTS ( 'NONE', 3,
 ( #1824, #3191, #3147, #3877 ),
 .UNSPECIFIED., .F., .F.,
 ( 4, 4 ),
 ( 0.000000000000000000, 0.02496963461956686753 ),
 .UNSPECIFIED. ) ;
#7924 = CIRCLE ( 'NONE', #7178, 2.999999999999999112 ) ;
#7925 = CARTESIAN_POINT ( 'NONE',  ( -13.54403798799806857, 15.49999999999996803, -28.26338503592323903 ) ) ;
#7926 = CARTESIAN_POINT ( 'NONE',  ( 14.88964536297852526, 17.49999999999999645, -47.47510400847406942 ) ) ;
#7927 = CARTESIAN_POINT ( 'NONE',  ( -13.44237338927699810, 17.49999999999999645, -51.53353443382836474 ) ) ;
#7928 = ORIENTED_EDGE ( 'NONE', *, *, #5830, .T. ) ;
#7929 = CARTESIAN_POINT ( 'NONE',  ( 34.81936904480956230, -76.98040310148780918, -187.8149804333436350 ) ) ;
#7930 = CARTESIAN_POINT ( 'NONE',  ( 20.00000000000002487, -10.71555940921984984, -74.03516722250250837 ) ) ;
#7931 = CARTESIAN_POINT ( 'NONE',  ( -11.40789651764650081, 17.49999999999999645, -56.00605018409246583 ) ) ;
#7932 = EDGE_LOOP ( 'NONE', ( #2254, #7030, #8746, #2108 ) ) ;
#7933 = APPROVAL ( #8136, 'ๆช' ) ;
#7934 = DIRECTION ( 'NONE',  ( 1.000000000000000000, -0.000000000000000000, 0.000000000000000000 ) ) ;
#7935 = CARTESIAN_POINT ( 'NONE',  ( 7.500000000000000000, -2.499999999999998668, -1.000000000000003553 ) ) ;
#7936 = CARTESIAN_POINT ( 'NONE',  ( -6.000000000000000000, -170.2684435961459712, -6.522560269672794675E-13 ) ) ;
#7937 = CYLINDRICAL_SURFACE ( 'NONE', #2536, 5.000000000000000888 ) ;
#7938 = VERTEX_POINT ( 'NONE', #1213 ) ;
#7939 = ORIENTED_EDGE ( 'NONE', *, *, #1331, .T. ) ;
#7940 = CARTESIAN_POINT ( 'NONE',  ( -13.83534209237270218, 15.50000000000000178, -28.91233681123289756 ) ) ;
#7941 = CARTESIAN_POINT ( 'NONE',  ( 11.79460955535262379, 15.50000000000000000, -53.49840293519315537 ) ) ;
#7942 = ADVANCED_FACE ( 'NONE', ( #2632 ), #7520, .F. ) ;
#7943 = CARTESIAN_POINT ( 'NONE',  ( -11.08453469310944861, 15.49999999999996447, -54.45752807055928457 ) ) ;
#7944 = CARTESIAN_POINT ( 'NONE',  ( -20.82514383804676683, -46.53380089626019611, -114.5855122916555189 ) ) ;
#7945 = CARTESIAN_POINT ( 'NONE',  ( -11.48370342861700522, 15.50000000000000178, -26.42244882311762666 ) ) ;
#7946 = CARTESIAN_POINT ( 'NONE',  ( 12.11581243643322026, 10.89440103896627932, -29.01778848776685038 ) ) ;
#7947 = CARTESIAN_POINT ( 'NONE',  ( -6.715942950174989434, 15.50000000000000000, -60.23707731224095596 ) ) ;
#7948 = DIRECTION ( 'NONE',  ( 0.000000000000000000, 0.000000000000000000, 1.000000000000000000 ) ) ;
#7949 = LINE ( 'NONE', #2270, #2200 ) ;
#7950 = CARTESIAN_POINT ( 'NONE',  ( -11.50468951758249148, 11.63329918412749286, -28.20727827051153014 ) ) ;
#7951 = CARTESIAN_POINT ( 'NONE',  ( -15.42556103564827019, -19.10647403991300664, -126.2451743518394096 ) ) ;
#7952 = CARTESIAN_POINT ( 'NONE',  ( -21.46508122820915787, -26.08180391718193647, -153.1222447169145369 ) ) ;
#7953 = AXIS2_PLACEMENT_3D ( 'NONE', #7811, #1645, #3863 ) ;
#7954 = CARTESIAN_POINT ( 'NONE',  ( -20.00000000000001776, -43.99206395176133100, -146.6034431763600310 ) ) ;
#7955 = B_SPLINE_SURFACE_WITH_KNOTS ( 'NONE', 1, 3, ( 
 ( #6300, #7623, #5615, #6799, #630, #3377, #5479, #7576, #2683, #3420, #4932, #4014, #1270, #1415, #584, #8274, #40, #535, #4194, #9048, #8409, #1221, #8947, #4148, #3328, #6936, #2639, #2136, #8904, #4054, #5433, #4887, #2001, #3466, #8231, #1317, #1961, #4100, #6892, #6200, #2094, #8995, #2728, #5522, #7667, #8323, #2049, #1371, #676, #2778, #5568, #2378, #2922, #7077, #3747, #1511, #5751, #8455, #4247, #219, #5117, #6527, #7815, #7710, #4341, #8604, #7863, #907, #1466, #127, #6386, #4985 ),
 ( #2870, #5700, #7025, #81, #769, #3656, #1557, #8508, #174, #2235, #7767, #4293, #3558, #4390, #7216, #7913, #2971, #8560, #5656, #2280, #7168, #6484, #3019, #2330, #1650, #4431, #8084, #6050, #5290, #6655, #5885, #2540, #1856, #8766, #483, #1692, #4558, #7302, #355, #440, #1166, #3784, #1821, #4649, #398, #8846, #3963, #8722, #2460, #4473, #7387, #8125, #3142, #5247, #8682, #1125, #1736, #2420, #2501, #6743, #4606, #5156, #3914, #3829, #7957, #7999, #7342, #8044, #6699, #1781, #6613, #1088 ) ),
 .UNSPECIFIED., .F., .F., .F.,
 ( 2, 2 ),
 ( 4, 2, 2, 2, 2, 2, 2, 2, 2, 2, 2, 2, 2, 2, 2, 2, 2, 2, 2, 2, 2, 2, 2, 2, 2, 2, 2, 2, 2, 2, 2, 2, 2, 2, 2, 4 ),
 ( 0.000000000000000000, 1.000000000000000000 ),
 ( 0.000000000000000000, 0.0007199964267527619085, 0.001079994640129142754, 0.001439992853505523817, 0.001799991066881904663, 0.002159989280258285509, 0.002339988386946476040, 0.002519987493634666571, 0.002879985707011047634, 0.003239983920387428697, 0.003419983027075619228, 0.003509982580419714060, 0.003599982133763809326, 0.003959980347140189955, 0.004319978560516571017, 0.004499977667204761549, 0.004589977220548857248, 0.004634976997220904664, 0.004657476885556928806, 0.004679976773892952080, 0.004691226718060963717, 0.004702476662228975354, 0.004713726606396987859, 0.004719351578480994111, 0.004724976550564999496, 0.004730601522649004881, 0.004736226494733011133, 0.004747476438901023638, 0.004769976327237046912, 0.004814976103909095195, 0.004859975880581142611, 0.004949975433925238311, 0.005039974987269333143, 0.005219974093957523674, 0.005399973200645714205, 0.005759971414022095268 ),
 .UNSPECIFIED. ) ;
#7956 = CARTESIAN_POINT ( 'NONE',  ( -14.99999999999999822, -0.8715173882866636967, -61.65543891584922420 ) ) ;
#7957 = CARTESIAN_POINT ( 'NONE',  ( 12.46722639516302777, 15.49999999999996803, -26.79968486969029584 ) ) ;
#7958 = VECTOR ( 'NONE', #6348, 1000.000000000000000 ) ;
#7959 = EDGE_LOOP ( 'NONE', ( #4403, #2563 ) ) ;
#7960 = CARTESIAN_POINT ( 'NONE',  ( 15.00000000000000355, -170.2684435961459712, -6.522560269672794675E-13 ) ) ;
#7961 = B_SPLINE_CURVE_WITH_KNOTS ( 'NONE', 3,
 ( #3057, #8495, #7063, #8548, #3590, #5832, #3777 ),
 .UNSPECIFIED., .F., .F.,
 ( 4, 3, 4 ),
 ( 1.040834085586084257E-17, 1.196799199106507063E-05, 2.166218458291799490E-05 ),
 .UNSPECIFIED. ) ;
#7962 = FACE_OUTER_BOUND ( 'NONE', #1114, .T. ) ;
#7963 = ORIENTED_EDGE ( 'NONE', *, *, #3262, .F. ) ;
#7964 = DIRECTION ( 'NONE',  ( 0.000000000000000000, 0.000000000000000000, 1.000000000000000000 ) ) ;
#7965 = CARTESIAN_POINT ( 'NONE',  ( 10.89902405071251934, 10.99999999999996803, -27.44937361576937107 ) ) ;
#7966 = CARTESIAN_POINT ( 'NONE',  ( -33.72964181155587937, -75.07351746045826246, -185.2631614067296653 ) ) ;
#7967 = CARTESIAN_POINT ( 'NONE',  ( 13.79235667978124980, -17.50000000000000000, -56.27591310591728302 ) ) ;
#7968 = CARTESIAN_POINT ( 'NONE',  ( -12.69870029845530190, 15.49999999999996980, -27.19565229800023687 ) ) ;
#7969 = CARTESIAN_POINT ( 'NONE',  ( 14.52008376634029752, 17.50000000000001421, -49.00597397717882586 ) ) ;
#7970 = ORIENTED_EDGE ( 'NONE', *, *, #5515, .T. ) ;
#7971 = CARTESIAN_POINT ( 'NONE',  ( 34.82385140367198062, -76.70161846032428343, -187.8478999180157132 ) ) ;
#7972 = CARTESIAN_POINT ( 'NONE',  ( 20.05715155481307121, -24.85159647843248365, -80.92293553976749365 ) ) ;
#7973 = CARTESIAN_POINT ( 'NONE',  ( -11.76161710334772614, 17.50000000000000355, -55.33651207616981083 ) ) ;
#7974 = ORIENTED_EDGE ( 'NONE', *, *, #3933, .F. ) ;
#7975 = DESIGN_CONTEXT ( 'detailed design', #2824, 'design' ) ;
#7976 = EDGE_CURVE ( 'NONE', #96, #2284, #8781, .T. ) ;
#7977 = CARTESIAN_POINT ( 'NONE',  ( 19.98512175424023951, -10.36954963036846422, -74.28451284014091982 ) ) ;
#7978 = B_SPLINE_CURVE_WITH_KNOTS ( 'NONE', 3,
 ( #414, #324, #5809, #5947, #7231, #5897 ),
 .UNSPECIFIED., .F., .F.,
 ( 4, 2, 4 ),
 ( 0.000000000000000000, 0.0003136950474304808865, 0.0006273900948609617730 ),
 .UNSPECIFIED. ) ;
#7979 = DIRECTION ( 'NONE',  ( 0.000000000000000000, 0.000000000000000000, 1.000000000000000000 ) ) ;
#7980 = APPLICATION_CONTEXT ( 'configuration controlled 3d designs of mechanical parts and assemblies' ) ;
#7981 = ORIENTED_EDGE ( 'NONE', *, *, #4825, .F. ) ;
#7982 = CARTESIAN_POINT ( 'NONE',  ( -12.26968371309525985, -2.499999999999995115, -56.83007165971901031 ) ) ;
#7983 = CARTESIAN_POINT ( 'NONE',  ( -14.05250301710526983, 15.50000000000000178, -29.86369758162903665 ) ) ;
#7984 = CARTESIAN_POINT ( 'NONE',  ( 6.335232617217997131, 15.50000000000000178, -60.71918933146063324 ) ) ;
#7985 = CARTESIAN_POINT ( 'NONE',  ( -14.06970171764777611, 15.49999999999997158, -43.30001061052171707 ) ) ;
#7986 = CARTESIAN_POINT ( 'NONE',  ( -20.14734754501617786, -30.01243741043965585, -91.99989089768759243 ) ) ;
#7987 = B_SPLINE_CURVE_WITH_KNOTS ( 'NONE', 3,
 ( #7586, #1143, #9006, #641, #8914, #6761 ),
 .UNSPECIFIED., .F., .F.,
 ( 4, 1, 1, 4 ),
 ( 0.000000000000000000, 0.4650452245929229678, 0.7282382667798994458, 1.000000000000000000 ),
 .UNSPECIFIED. ) ;
#7988 = DIRECTION ( 'NONE',  ( -1.000000000000000000, 1.982541115402065110E-16, 0.000000000000000000 ) ) ;
#7989 = FACE_OUTER_BOUND ( 'NONE', #1241, .T. ) ;
#7990 = CARTESIAN_POINT ( 'NONE',  ( -9.850002408780460073, 10.49999999999996980, -52.37332752609081155 ) ) ;
#7991 = CARTESIAN_POINT ( 'NONE',  ( 34.99999999999999289, -88.05731964210359308, -201.7871122997005955 ) ) ;
#7992 = CARTESIAN_POINT ( 'NONE',  ( -14.06971349694578066, 15.50000000000000178, -30.30001061052707456 ) ) ;
#7993 = CARTESIAN_POINT ( 'NONE',  ( 19.98383371500349881, -24.41662694148685731, -68.11399463159854406 ) ) ;
#7994 = CARTESIAN_POINT ( 'NONE',  ( -34.37127695922007575, -42.67250092359027747, -198.9106911792872836 ) ) ;
#7995 = CARTESIAN_POINT ( 'NONE',  ( 10.26309726684844748, 10.49999999999996980, -52.02371220157618126 ) ) ;
#7996 = DIRECTION ( 'NONE',  ( -0.000000000000000000, 1.000000000000000000, -0.000000000000000000 ) ) ;
#7997 = DIRECTION ( 'NONE',  ( 0.000000000000000000, 0.000000000000000000, 1.000000000000000000 ) ) ;
#7998 = CARTESIAN_POINT ( 'NONE',  ( 35.00000000000001421, -61.45764732152529319, -193.3775791335350220 ) ) ;
#7999 = CARTESIAN_POINT ( 'NONE',  ( 12.39528784147033846, 15.49999999999998046, -26.74400948612370499 ) ) ;
#8000 = ORIENTED_EDGE ( 'NONE', *, *, #601, .F. ) ;
#8001 = CARTESIAN_POINT ( 'NONE',  ( -12.85888215114857047, 15.45896369490961675, -27.36398031600171166 ) ) ;
#8002 = ORIENTED_EDGE ( 'NONE', *, *, #812, .T. ) ;
#8003 = CARTESIAN_POINT ( 'NONE',  ( 2.628825013707253966, 10.99999996073438169, -60.19999999999958362 ) ) ;
#8004 = CYLINDRICAL_SURFACE ( 'NONE', #8389, 1.299999999999988720 ) ;
#8005 = AXIS2_PLACEMENT_3D ( 'NONE', #3574, #145, #6997 ) ;
#8006 = CARTESIAN_POINT ( 'NONE',  ( -34.46091077666736879, -80.56668862526561270, -185.6195761252765521 ) ) ;
#8007 = LINE ( 'NONE', #2428, #1148 ) ;
#8008 = CARTESIAN_POINT ( 'NONE',  ( 12.96092954543682474, 17.50000000000000000, -53.34057041994179826 ) ) ;
#8009 = EDGE_LOOP ( 'NONE', ( #3581, #3032 ) ) ;
#8010 = CARTESIAN_POINT ( 'NONE',  ( 34.80649845561922007, -78.35211433491335242, -188.1062447394156436 ) ) ;
#8011 = CARTESIAN_POINT ( 'NONE',  ( -14.81524163351337364, 17.50000000000000355, -28.69371781743643623 ) ) ;
#8012 = B_SPLINE_CURVE_WITH_KNOTS ( 'NONE', 1,
 ( #1740, #4436 ),
 .UNSPECIFIED., .F., .F.,
 ( 2, 2 ),
 ( 0.000000000000000000, 1.000000000000000000 ),
 .UNSPECIFIED. ) ;
#8013 = CARTESIAN_POINT ( 'NONE',  ( -20.43586528496504684, -24.95197177818963752, -127.1957108060348958 ) ) ;
#8014 = CARTESIAN_POINT ( 'NONE',  ( -12.14377902644833007, 17.50000000000000355, -54.56215539363319067 ) ) ;
#8015 = ORIENTED_EDGE ( 'NONE', *, *, #8513, .F. ) ;
#8016 = CARTESIAN_POINT ( 'NONE',  ( 14.32782294323413907, 15.49999999999997158, -30.29998938949681531 ) ) ;
#8017 = EDGE_CURVE ( 'NONE', #5867, #3605, #32, .T. ) ;
#8018 = CARTESIAN_POINT ( 'NONE',  ( 15.33314721568080508, -6.001397204020409326, -75.74920090607758993 ) ) ;
#8019 = CARTESIAN_POINT ( 'NONE',  ( 2.628826828018824280, 15.49999999999997158, -61.99999999999894840 ) ) ;
#8020 = ORIENTED_EDGE ( 'NONE', *, *, #6687, .F. ) ;
#8021 = DIRECTION ( 'NONE',  ( 1.000000000000000000, 0.000000000000000000, 0.000000000000000000 ) ) ;
#8022 = AXIS2_PLACEMENT_3D ( 'NONE', #2358, #1150, #3943 ) ;
#8023 = VERTEX_POINT ( 'NONE', #2816 ) ;
#8024 = DIRECTION ( 'NONE',  ( 0.000000000000000000, 0.000000000000000000, -1.000000000000000000 ) ) ;
#8025 = EDGE_CURVE ( 'NONE', #3856, #4048, #1244, .T. ) ;
#8026 = CARTESIAN_POINT ( 'NONE',  ( 11.63986663021758083, 15.50000000000000000, -53.83419801639397662 ) ) ;
#8027 = CARTESIAN_POINT ( 'NONE',  ( -20.05715155481252054, -24.85159647833546259, -80.92293553971640563 ) ) ;
#8028 = AXIS2_PLACEMENT_3D ( 'NONE', #8927, #4124, #2567 ) ;
#8029 = CIRCLE ( 'NONE', #5976, 1.299999999999988720 ) ;
#8030 = ADVANCED_BREP_SHAPE_REPRESENTATION ( '', ( #5007, #4818, #6410 ), #7886 ) ;
#8031 = LINE ( 'NONE', #7200, #6694 ) ;
#8032 = EDGE_CURVE ( 'NONE', #6801, #147, #7068, .T. ) ;
#8033 = CARTESIAN_POINT ( 'NONE',  ( -13.32430179879452048, 15.86507752779491653, -27.58858777936134388 ) ) ;
#8034 = CARTESIAN_POINT ( 'NONE',  ( -4.779341693013628323, 15.49999999999999822, -61.45611663822377579 ) ) ;
#8035 = CARTESIAN_POINT ( 'NONE',  ( -19.99999999999999645, -19.66536980400483614, -54.81503604933586615 ) ) ;
#8036 = CARTESIAN_POINT ( 'NONE',  ( -10.10045236635416721, -40.19464874548948785, -101.2659977042059580 ) ) ;
#8037 = SECURITY_CLASSIFICATION ( '', '', #871 ) ;
#8038 = CARTESIAN_POINT ( 'NONE',  ( 10.53721677696500691, 10.49999999999997158, -51.37803319740653762 ) ) ;
#8039 = ADVANCED_FACE ( 'NONE', ( #2041 ), #7705, .F. ) ;
#8040 = CARTESIAN_POINT ( 'NONE',  ( 11.30302104522391460, 10.85444150822984177, -28.27451596161818870 ) ) ;
#8041 = CARTESIAN_POINT ( 'NONE',  ( 6.000000000000000000, 49.08720012175118796, 20.50474224124541678 ) ) ;
#8042 = LOCAL_TIME ( 17, 12, 35.00000000000000000, #4838 ) ;
#8043 = CARTESIAN_POINT ( 'NONE',  ( 35.00000000000001421, -61.26853457397251645, -204.0881882693235525 ) ) ;
#8044 = CARTESIAN_POINT ( 'NONE',  ( 12.25141073408492787, 15.49999999999997335, -26.63265871899045578 ) ) ;
#8045 = EDGE_CURVE ( 'NONE', #1237, #6985, #4879, .T. ) ;
#8046 = DIRECTION ( 'NONE',  ( -9.060998464626002327E-07, 0.000000000000000000, 0.9999999999995894395 ) ) ;
#8047 = CARTESIAN_POINT ( 'NONE',  ( 15.00000000000000355, -7.011872312450496914, 25.70895527601439667 ) ) ;
#8048 = VERTEX_POINT ( 'NONE', #6977 ) ;
#8049 = EDGE_CURVE ( 'NONE', #1223, #6910, #6445, .T. ) ;
#8050 = FACE_OUTER_BOUND ( 'NONE', #8744, .T. ) ;
#8051 = CARTESIAN_POINT ( 'NONE',  ( 5.220665709662782206, 17.50000000000000000, -62.46555846196991268 ) ) ;
#8052 = CARTESIAN_POINT ( 'NONE',  ( -21.93850086502718000, -53.19787138428234385, -141.1388216609389303 ) ) ;
#8053 = CARTESIAN_POINT ( 'NONE',  ( 5.818204136912207503, 17.50000000000000355, -62.18981309466361296 ) ) ;
#8054 = LINE ( 'NONE', #6580, #3785 ) ;
#8055 = CIRCLE ( 'NONE', #3089, 1.549999999999995826 ) ;
#8056 = CARTESIAN_POINT ( 'NONE',  ( 5.468374777563068889, 15.49999999999997335, -61.24360368772525476 ) ) ;
#8057 = ORIENTED_EDGE ( 'NONE', *, *, #568, .F. ) ;
#8058 = CARTESIAN_POINT ( 'NONE',  ( 6.000000000000000000, 13.13406198477822251, 26.22817453002327781 ) ) ;
#8059 = DIRECTION ( 'NONE',  ( 0.000000000000000000, 0.000000000000000000, -1.000000000000000000 ) ) ;
#8060 = CARTESIAN_POINT ( 'NONE',  ( -11.21330214785972323, 17.50000000000000355, -56.35660358088932043 ) ) ;
#8061 = VERTEX_POINT ( 'NONE', #4284 ) ;
#8062 = VECTOR ( 'NONE', #1697, 1000.000000000000000 ) ;
#8063 = DIRECTION ( 'NONE',  ( 0.000000000000000000, 0.000000000000000000, -1.000000000000000000 ) ) ;
#8064 = DIRECTION ( 'NONE',  ( 0.000000000000000000, 0.3420201433256677137, 0.9396926207859088720 ) ) ;
#8065 = EDGE_LOOP ( 'NONE', ( #3849, #1398, #7928, #2614 ) ) ;
#8066 = CARTESIAN_POINT ( 'NONE',  ( -17.06970067494328802, 17.49999999999999645, -44.45077309893876816 ) ) ;
#8067 = AXIS2_PLACEMENT_3D ( 'NONE', #2186, #8514, #1561 ) ;
#8068 = ORIENTED_EDGE ( 'NONE', *, *, #8537, .T. ) ;
#8069 = DIRECTION ( 'NONE',  ( -1.000000000000000000, -0.000000000000000000, -0.000000000000000000 ) ) ;
#8070 = CARTESIAN_POINT ( 'NONE',  ( 5.045838775130838449, 15.50000000000000355, -61.45234556935997716 ) ) ;
#8071 = EDGE_LOOP ( 'NONE', ( #4742, #7389, #8871, #8734 ) ) ;
#8072 = B_SPLINE_CURVE_WITH_KNOTS ( 'NONE', 3,
 ( #5373, #5329, #6790, #3315, #4650, #1858, #400, #1167, #6093, #2630, #5421, #8222, #1949, #3097, #986, #8592 ),
 .UNSPECIFIED., .F., .F.,
 ( 4, 2, 2, 2, 2, 2, 2, 4 ),
 ( -1.796210735144473510E-05, 0.0007042801267345074907, 0.001426522360820459828, 0.002148764594906411949, 0.002871006828992364070, 0.003593249063078316190, 0.004315491297164269179, 0.005759975765336173420 ),
 .UNSPECIFIED. ) ;
#8073 = CARTESIAN_POINT ( 'NONE',  ( -11.38592285392477343, 15.50000000000000000, -26.38252439839422081 ) ) ;
#8074 = CARTESIAN_POINT ( 'NONE',  ( 12.08396899143867387, 11.08100000000013630, -28.71443165947095721 ) ) ;
#8075 = CARTESIAN_POINT ( 'NONE',  ( -8.388861359695916065, -17.50000000000000000, -62.75126594970570437 ) ) ;
#8076 = CARTESIAN_POINT ( 'NONE',  ( 11.50115828617302149, 10.86850160514690344, -28.39396709208818237 ) ) ;
#8077 = CARTESIAN_POINT ( 'NONE',  ( -7.145784617553926132, 15.50000000000000355, -59.87914273533834830 ) ) ;
#8078 = VERTEX_POINT ( 'NONE', #6334 ) ;
#8079 = DIRECTION ( 'NONE',  ( -9.060998465960400032E-07, 0.000000000000000000, 0.9999999999995894395 ) ) ;
#8080 = EDGE_CURVE ( 'NONE', #8140, #2392, #3965, .T. ) ;
#8081 = CARTESIAN_POINT ( 'NONE',  ( -11.92704254386511664, 10.49999999999997335, -29.51855208431282307 ) ) ;
#8082 = LINE ( 'NONE', #6696, #2735 ) ;
#8083 = CARTESIAN_POINT ( 'NONE',  ( 34.92220486190151973, -42.65083887231820370, -210.8644753353500505 ) ) ;
#8084 = CARTESIAN_POINT ( 'NONE',  ( 13.22647668633022633, 15.49999999999996980, -27.46303889175549884 ) ) ;
#8085 = AXIS2_PLACEMENT_3D ( 'NONE', #5697, #4592, #7377 ) ;
#8086 = CARTESIAN_POINT ( 'NONE',  ( 35.00000000000001421, -61.45764732152529319, -193.3775791335350220 ) ) ;
#8087 = DIRECTION ( 'NONE',  ( 0.000000000000000000, 0.000000000000000000, 1.000000000000000000 ) ) ;
#8088 = VERTEX_POINT ( 'NONE', #6378 ) ;
#8089 = DIRECTION ( 'NONE',  ( 0.000000000000000000, 0.000000000000000000, 1.000000000000000000 ) ) ;
#8090 = CARTESIAN_POINT ( 'NONE',  ( 7.391909279329954785, 17.50000000000000711, -61.18053803391119772 ) ) ;
#8091 = CARTESIAN_POINT ( 'NONE',  ( 20.27976928568175197, -20.78851706463926519, -111.5509961692315386 ) ) ;
#8092 = VECTOR ( 'NONE', #5627, 1000.000000000000000 ) ;
#8093 = CARTESIAN_POINT ( 'NONE',  ( 5.670002344325764554, 17.50000000000000711, -62.26268202539579022 ) ) ;
#8094 = DIRECTION ( 'NONE',  ( -1.000000000000000000, -0.000000000000000000, -0.000000000000000000 ) ) ;
#8095 = EDGE_CURVE ( 'NONE', #1597, #652, #1369, .T. ) ;
#8096 = ORIENTED_EDGE ( 'NONE', *, *, #4200, .T. ) ;
#8097 = CC_DESIGN_PERSON_AND_ORGANIZATION_ASSIGNMENT ( #1926, #4114, ( #2179 ) ) ;
#8098 = EDGE_LOOP ( 'NONE', ( #7878, #853, #5694, #6476 ) ) ;
#8099 = CARTESIAN_POINT ( 'NONE',  ( 34.81102082919896645, -80.43800662637971755, -189.5092268377496225 ) ) ;
#8100 = CARTESIAN_POINT ( 'NONE',  ( -14.69897373451943068, 17.50000000000000000, -28.08114500229019228 ) ) ;
#8101 = CARTESIAN_POINT ( 'NONE',  ( 15.31904557498672936, -42.61692134848023272, -106.3555577120816480 ) ) ;
#8102 = CARTESIAN_POINT ( 'NONE',  ( -7.628445171976028227, 17.50000000000000355, -60.78502009321275779 ) ) ;
#8103 = CARTESIAN_POINT ( 'NONE',  ( 6.549999999999998046, -15.00000000000000000, -54.00000000000000711 ) ) ;
#8104 =( BOUNDED_CURVE ( )  B_SPLINE_CURVE ( 3, ( #5730, #5012, #7744, #7791 ),
 .UNSPECIFIED., .F., .T. ) 
 B_SPLINE_CURVE_WITH_KNOTS ( ( 4, 4 ),
 ( 2.265099058826616218, 2.268928027592621799 ),
 .UNSPECIFIED. ) 
 CURVE ( )  GEOMETRIC_REPRESENTATION_ITEM ( )  RATIONAL_B_SPLINE_CURVE ( ( 1.000000000000000000, 0.9999987782502222089, 0.9999987782502222089, 1.000000000000000000 ) ) 
 REPRESENTATION_ITEM ( '' )  );
#8105 = CARTESIAN_POINT ( 'NONE',  ( 12.52782294323494128, 11.00000000000013500, -30.29999102047650084 ) ) ;
#8106 = ORIENTED_EDGE ( 'NONE', *, *, #5175, .F. ) ;
#8107 = CARTESIAN_POINT ( 'NONE',  ( -15.45717768628677113, -48.43020228075322819, -118.5701375702329017 ) ) ;
#8108 = ORIENTED_EDGE ( 'NONE', *, *, #5442, .T. ) ;
#8109 = CARTESIAN_POINT ( 'NONE',  ( -13.05603788176247804, 15.50000000000000355, -27.56339447945636323 ) ) ;
#8110 = CARTESIAN_POINT ( 'NONE',  ( 4.931825088592988848, 15.50000000000000000, -61.50289221687464192 ) ) ;
#8111 = ORIENTED_EDGE ( 'NONE', *, *, #6569, .F. ) ;
#8112 = CARTESIAN_POINT ( 'NONE',  ( -11.22180969070762657, 15.50000000000000178, -26.31575820508082586 ) ) ;
#8113 = CARTESIAN_POINT ( 'NONE',  ( 15.00160381514494468, -24.79567108117907637, -68.91042352742771016 ) ) ;
#8114 = CARTESIAN_POINT ( 'NONE',  ( -4.430889511320331486, -17.50000000000000000, -64.74846588806126135 ) ) ;
#8115 = CARTESIAN_POINT ( 'NONE',  ( -15.06971095937195670, 17.49999999999999289, -30.06908711077612395 ) ) ;
#8116 = DIRECTION ( 'NONE',  ( 0.000000000000000000, 0.000000000000000000, 1.000000000000000000 ) ) ;
#8117 = CARTESIAN_POINT ( 'NONE',  ( -8.454850665660780251, 15.50000000000000178, -58.57308509925851325 ) ) ;
#8118 = ORIENTED_EDGE ( 'NONE', *, *, #6113, .T. ) ;
#8119 = CARTESIAN_POINT ( 'NONE',  ( 20.00000000000000355, -24.79567195388978362, -68.91042536112449568 ) ) ;
#8120 = EDGE_CURVE ( 'NONE', #4081, #5293, #6701, .T. ) ;
#8121 = CARTESIAN_POINT ( 'NONE',  ( -11.08864800097374115, 10.49999999999996803, -28.46775999175298821 ) ) ;
#8122 = EDGE_CURVE ( 'NONE', #3928, #8140, #5858, .T. ) ;
#8123 = LINE ( 'NONE', #7425, #2309 ) ;
#8124 = CARTESIAN_POINT ( 'NONE',  ( -11.53523381398757763, 10.89962609487825951, -28.61742329851150757 ) ) ;
#8125 = CARTESIAN_POINT ( 'NONE',  ( 12.68903693571552438, 15.49999999999997335, -26.97135063568736868 ) ) ;
#8126 = PLANE ( 'NONE',  #8486 ) ;
#8127 = CIRCLE ( 'NONE', #1845, 165.2684435961459997 ) ;
#8128 = ORIENTED_EDGE ( 'NONE', *, *, #5281, .T. ) ;
#8129 = ADVANCED_FACE ( 'NONE', ( #1776 ), #2320, .F. ) ;
#8130 = DIRECTION ( 'NONE',  ( -1.000000000000000000, -0.000000000000000000, -0.000000000000000000 ) ) ;
#8131 = ORIENTED_EDGE ( 'NONE', *, *, #2166, .T. ) ;
#8132 = CARTESIAN_POINT ( 'NONE',  ( -5.286330399746653974, -17.50000000000000000, -64.48850942922577190 ) ) ;
#8133 = CIRCLE ( 'NONE', #3599, 1.549999999999995826 ) ;
#8134 = CARTESIAN_POINT ( 'NONE',  ( 12.06825802877424891, 17.50000000000000000, -55.24184438890623738 ) ) ;
#8135 = CARTESIAN_POINT ( 'NONE',  ( 20.74795622021548880, -17.55794733131752139, -120.2784513377577298 ) ) ;
#8136 = APPROVAL_STATUS ( 'not_yet_approved' ) ;
#8137 = CARTESIAN_POINT ( 'NONE',  ( 8.082802315861718156, 17.50000000000000000, -60.61672270712092825 ) ) ;
#8138 = CARTESIAN_POINT ( 'NONE',  ( 12.98774596236854784, 15.48340488093924883, -27.23317156393315130 ) ) ;
#8139 = ADVANCED_FACE ( 'NONE', ( #2456 ), #168, .T. ) ;
#8140 = VERTEX_POINT ( 'NONE', #4382 ) ;
#8141 = VERTEX_POINT ( 'NONE', #1730 ) ;
#8142 = CARTESIAN_POINT ( 'NONE',  ( -2.869449758097800895, 15.50000000000000355, -61.97760338462091312 ) ) ;
#8143 = CARTESIAN_POINT ( 'NONE',  ( 11.41719919481510459, -2.499999999999995115, -28.34780130678841914 ) ) ;
#8144 = CARTESIAN_POINT ( 'NONE',  ( 15.51637338611194750, -50.49768273257462425, -122.9142257672685332 ) ) ;
#8145 = CARTESIAN_POINT ( 'NONE',  ( -6.348584763648800866, 17.50000000000000000, -61.73548490498571795 ) ) ;
#8146 = CARTESIAN_POINT ( 'NONE',  ( -7.169676387614223323, 15.49999999999997158, -59.85862419702094428 ) ) ;
#8147 = CARTESIAN_POINT ( 'NONE',  ( 15.00000000000000533, -10.70028264210113811, -74.04072751100946448 ) ) ;
#8148 = CARTESIAN_POINT ( 'NONE',  ( 13.66010711473450989, 15.50000000000000355, -28.02481379633148606 ) ) ;
#8149 = DATE_AND_TIME ( #1333, #2037 ) ;
#8150 = AXIS2_PLACEMENT_3D ( 'NONE', #6689, #8711, #3994 ) ;
#8151 = FACE_OUTER_BOUND ( 'NONE', #3796, .T. ) ;
#8152 = VERTEX_POINT ( 'NONE', #5239 ) ;
#8153 = CARTESIAN_POINT ( 'NONE',  ( -16.30093224540026497, -55.49798718472313652, -133.4100977114810576 ) ) ;
#8154 = ADVANCED_FACE ( 'NONE', ( #852 ), #4368, .T. ) ;
#8155 = ORIENTED_EDGE ( 'NONE', *, *, #383, .T. ) ;
#8156 = DIRECTION ( 'NONE',  ( 1.000000000000000000, 0.000000000000000000, -0.000000000000000000 ) ) ;
#8157 = CARTESIAN_POINT ( 'NONE',  ( -35.00000000000001421, -42.26803355772787540, -216.3246939377609976 ) ) ;
#8158 = EDGE_LOOP ( 'NONE', ( #3211, #179 ) ) ;
#8159 = EDGE_CURVE ( 'NONE', #153, #8527, #5539, .T. ) ;
#8160 =( NAMED_UNIT ( * ) PLANE_ANGLE_UNIT ( ) SI_UNIT ( $, .RADIAN. ) );
#8161 = CARTESIAN_POINT ( 'NONE',  ( -15.62201421180483152, -17.50000000000000000, -51.45126163740832936 ) ) ;
#8162 = CARTESIAN_POINT ( 'NONE',  ( -14.99038681260433137, 17.50000000000000711, -29.38873699312930299 ) ) ;
#8163 = AXIS2_PLACEMENT_3D ( 'NONE', #4506, #7851, #6606 ) ;
#8164 = CARTESIAN_POINT ( 'NONE',  ( -12.01925965605466295, 15.50000000000000711, -52.40112032938068154 ) ) ;
#8165 = EDGE_LOOP ( 'NONE', ( #5727, #7275, #1657, #8694, #7974, #8483 ) ) ;
#8166 = CARTESIAN_POINT ( 'NONE',  ( 1.171572875253781731, -0.3169060858998137831, -65.35375267892351303 ) ) ;
#8167 = DIRECTION ( 'NONE',  ( 0.000000000000000000, -0.9961946980917455452, 0.08715574274765895690 ) ) ;
#8168 = ORGANIZATION ( 'ๆช', 'ๆช', '' ) ;
#8169 = VECTOR ( 'NONE', #2699, 1000.000000000000000 ) ;
#8170 = CARTESIAN_POINT ( 'NONE',  ( -11.80949565356516295, 10.49999999999997158, -29.26067197007055398 ) ) ;
#8171 = CARTESIAN_POINT ( 'NONE',  ( 10.54912586255863438, 10.49999999999997158, -28.13527396192288776 ) ) ;
#8172 = CARTESIAN_POINT ( 'NONE',  ( 15.32784698211392360, 17.50000000000000000, -56.83004490211308024 ) ) ;
#8173 = SECURITY_CLASSIFICATION ( '', '', #1392 ) ;
#8174 = CARTESIAN_POINT ( 'NONE',  ( -12.05529283723445033, 10.89606071864593595, -29.39409525377152832 ) ) ;
#8175 = CARTESIAN_POINT ( 'NONE',  ( -6.198522520447899531, 10.96706446458414774, -58.30446517328903866 ) ) ;
#8176 = LINE ( 'NONE', #4607, #3803 ) ;
#8177 = EDGE_CURVE ( 'NONE', #6439, #5182, #3092, .T. ) ;
#8178 = LINE ( 'NONE', #4609, #1912 ) ;
#8179 = VERTEX_POINT ( 'NONE', #6454 ) ;
#8180 = CARTESIAN_POINT ( 'NONE',  ( -6.389934753677187551, 17.50000000000000000, -64.02965874487362896 ) ) ;
#8181 = CARTESIAN_POINT ( 'NONE',  ( 7.313452994125408502, 17.50000000000000711, -61.24051446763527196 ) ) ;
#8182 = DIRECTION ( 'NONE',  ( -0.000000000000000000, 1.000000000000000000, -0.000000000000000000 ) ) ;
#8183 = CALENDAR_DATE ( 2026, 29, 5 ) ;
#8184 = CARTESIAN_POINT ( 'NONE',  ( 6.335432942091832054, 17.49999999999999645, -61.90300470289486157 ) ) ;
#8185 = DIRECTION ( 'NONE',  ( 0.000000000000000000, 0.000000000000000000, 1.000000000000000000 ) ) ;
#8186 = CARTESIAN_POINT ( 'NONE',  ( -30.38734823562457521, -70.55582266943221725, -176.3304020293907683 ) ) ;
#8187 = ORIENTED_EDGE ( 'NONE', *, *, #1383, .T. ) ;
#8188 = CARTESIAN_POINT ( 'NONE',  ( 2.088035936599009101, -3.305268473205142499, -68.34211506623603327 ) ) ;
#8189 = FACE_BOUND ( 'NONE', #1748, .T. ) ;
#8190 = CARTESIAN_POINT ( 'NONE',  ( 20.41427267080808861, -42.55229834979857628, -118.8112675734328292 ) ) ;
#8191 = CARTESIAN_POINT ( 'NONE',  ( -4.197161256712699462, 17.50000000000000000, -62.73524880743512711 ) ) ;
#8192 = CARTESIAN_POINT ( 'NONE',  ( -4.301314124551310236, 15.49999999999996980, -61.64976875253000799 ) ) ;
#8193 = CARTESIAN_POINT ( 'NONE',  ( -34.93255404056748148, -85.79189844232519135, -196.5850072937526249 ) ) ;
#8194 = CARTESIAN_POINT ( 'NONE',  ( 13.89603741986129037, 15.50000000000000000, -28.44128624352693535 ) ) ;
#8195 = AXIS2_PLACEMENT_3D ( 'NONE', #1947, #4826, #2078 ) ;
#8196 = CALENDAR_DATE ( 2026, 29, 5 ) ;
#8197 = DIRECTION ( 'NONE',  ( -0.000000000000000000, 1.000000000000000000, -0.000000000000000000 ) ) ;
#8198 = ORIENTED_EDGE ( 'NONE', *, *, #9017, .T. ) ;
#8199 = CARTESIAN_POINT ( 'NONE',  ( 21.83394534083393523, -30.42988394442603450, -148.3865249674717290 ) ) ;
#8200 = ORIENTED_EDGE ( 'NONE', *, *, #5578, .F. ) ;
#8201 = CARTESIAN_POINT ( 'NONE',  ( 9.578646745150329878, -17.50000000000000000, -61.97431250043312900 ) ) ;
#8202 = VECTOR ( 'NONE', #5811, 1000.000000000000114 ) ;
#8203 = CARTESIAN_POINT ( 'NONE',  ( -34.93144720612029630, -70.63741131989577582, -190.0364182805403459 ) ) ;
#8204 = CC_DESIGN_PERSON_AND_ORGANIZATION_ASSIGNMENT ( #6175, #8973, ( #6584 ) ) ;
#8205 = CARTESIAN_POINT ( 'NONE',  ( 25.09557645433999440, -53.01622482157238636, -170.7910414112651836 ) ) ;
#8206 = ORIENTED_EDGE ( 'NONE', *, *, #3512, .F. ) ;
#8207 = DIRECTION ( 'NONE',  ( -1.386749252358176973E-17, 0.08715574274766875462, 0.9961946980917446570 ) ) ;
#8208 = AXIS2_PLACEMENT_3D ( 'NONE', #8047, #2462, #8608 ) ;
#8209 = CARTESIAN_POINT ( 'NONE',  ( -6.389934753677187551, -17.50000000000000000, -64.02965874487362896 ) ) ;
#8210 = CARTESIAN_POINT ( 'NONE',  ( -12.50992786320095007, 15.49999999999996980, -27.02366185942871368 ) ) ;
#8211 = CARTESIAN_POINT ( 'NONE',  ( -12.11406000072399536, 15.50000000000000000, -52.17441084113891492 ) ) ;
#8212 = ORIENTED_EDGE ( 'NONE', *, *, #2314, .F. ) ;
#8213 = EDGE_CURVE ( 'NONE', #5798, #8829, #7924, .T. ) ;
#8214 = CARTESIAN_POINT ( 'NONE',  ( -6.000000000000000888, 11.43451982993206961, 29.11420426831896080 ) ) ;
#8215 = CC_DESIGN_PERSON_AND_ORGANIZATION_ASSIGNMENT ( #2724, #766, ( #8539 ) ) ;
#8216 = B_SPLINE_CURVE_WITH_KNOTS ( 'NONE', 3,
 ( #7862, #3655, #3105, #2970, #126, #5750, #5116, #7120, #2234, #8641, #6435, #2921, #2377, #5155, #3018, #2279, #5071, #1603, #3783, #4389 ),
 .UNSPECIFIED., .F., .F.,
 ( 4, 2, 2, 2, 2, 2, 2, 2, 2, 4 ),
 ( 1.030630153148145788E-15, 0.006285487881003805691, 0.009428231821505190721, 0.01099960379175584681, 0.01178528977688121301, 0.01217813276944389352, 0.01237455426572523463, 0.01247276501386590866, 0.01252187038793624828, 0.01257097576200658963 ),
 .UNSPECIFIED. ) ;
#8217 = DIRECTION ( 'NONE',  ( 0.000000000000000000, 0.000000000000000000, 1.000000000000000000 ) ) ;
#8218 = CARTESIAN_POINT ( 'NONE',  ( 11.90669839460092305, 10.49999999999996803, -29.00416853019405750 ) ) ;
#8219 = CARTESIAN_POINT ( 'NONE',  ( -7.500000000000000000, -2.499999999999998668, -4.000000000000000888 ) ) ;
#8220 = CARTESIAN_POINT ( 'NONE',  ( 6.000000000000000000, 4.931080419450065477, -59.18693071124181415 ) ) ;
#8221 = DIRECTION ( 'NONE',  ( 1.000000000000000000, -0.000000000000000000, 0.000000000000000000 ) ) ;
#8222 = CARTESIAN_POINT ( 'NONE',  ( -7.659417927180188101, 1.332983267450271958, -59.24597549473750036 ) ) ;
#8223 = CARTESIAN_POINT ( 'NONE',  ( 6.660812030865397304, 15.49999999999996980, -60.48027136790182823 ) ) ;
#8224 = DIRECTION ( 'NONE',  ( 6.044869914271425981E-16, 0.1555587667954209941, -0.9878266396858752518 ) ) ;
#8225 = EDGE_LOOP ( 'NONE', ( #3516, #6659, #4312, #3190 ) ) ;
#8226 = CARTESIAN_POINT ( 'NONE',  ( -15.06970119688266507, 17.50000000000000355, -43.83125676717428831 ) ) ;
#8227 = EDGE_CURVE ( 'NONE', #537, #7348, #742, .T. ) ;
#8228 = CARTESIAN_POINT ( 'NONE',  ( -3.562125034031160542, 17.50000000000000000, -64.93474075469032414 ) ) ;
#8229 = CARTESIAN_POINT ( 'NONE',  ( 7.417975531193321537, 17.50000000000000000, -61.16040727430421242 ) ) ;
#8230 = CARTESIAN_POINT ( 'NONE',  ( 20.39376608321486017, -23.93502924726726633, -123.3607706412243346 ) ) ;
#8231 = CARTESIAN_POINT ( 'NONE',  ( 13.39041454176351209, 17.49999999999997868, -26.25086913177004178 ) ) ;
#8232 = ORIENTED_EDGE ( 'NONE', *, *, #5456, .F. ) ;
#8233 = ORIENTED_EDGE ( 'NONE', *, *, #1906, .F. ) ;
#8234 = CARTESIAN_POINT ( 'NONE',  ( -7.238954652617879404, 15.50000000000000000, -59.79745434263416115 ) ) ;
#8235 = CARTESIAN_POINT ( 'NONE',  ( -2.370661744665771398, 17.50000000000000000, -64.99999999999958789 ) ) ;
#8236 = CARTESIAN_POINT ( 'NONE',  ( 20.84449952390209049, -47.02602308304231826, -115.6197453312285717 ) ) ;
#8237 = CIRCLE ( 'NONE', #8531, 1.549999999999999378 ) ;
#8238 = CARTESIAN_POINT ( 'NONE',  ( -5.129648946839512114, 17.49999999999999645, -62.39579638391234795 ) ) ;
#8239 = CARTESIAN_POINT ( 'NONE',  ( -3.919103901744762197, 15.49999999999998401, -61.77547131758485222 ) ) ;
#8240 = CARTESIAN_POINT ( 'NONE',  ( 6.000000000000000000, 64.03012059312736426, 20.49740610003052055 ) ) ;
#8241 = CARTESIAN_POINT ( 'NONE',  ( 12.41921161620553704, 14.80046972764687929, -27.08995271613591171 ) ) ;
#8242 = CARTESIAN_POINT ( 'NONE',  ( -10.63224624033811061, 10.49999999999996803, -28.23508251141862146 ) ) ;
#8243 = DATE_TIME_ROLE ( 'classification_date' ) ;
#8244 = CARTESIAN_POINT ( 'NONE',  ( 16.07999037538591125, 17.50000000000000000, -50.79442027336362742 ) ) ;
#8245 = ORIENTED_EDGE ( 'NONE', *, *, #7845, .F. ) ;
#8246 = CARTESIAN_POINT ( 'NONE',  ( 20.40545232768669592, -24.24497316083402154, -124.5255533411767033 ) ) ;
#8247 = VERTEX_POINT ( 'NONE', #146 ) ;
#8248 = LINE ( 'NONE', #603, #717 ) ;
#8249 = VECTOR ( 'NONE', #18, 1000.000000000000114 ) ;
#8250 = CARTESIAN_POINT ( 'NONE',  ( -35.00000000000002132, -59.06175483461383635, -210.2122792704115000 ) ) ;
#8251 = EDGE_CURVE ( 'NONE', #6, #8527, #3035, .T. ) ;
#8252 = CARTESIAN_POINT ( 'NONE',  ( 20.03121583114234738, -30.74308178944749770, -104.7060867433808227 ) ) ;
#8253 = ORIENTED_EDGE ( 'NONE', *, *, #8801, .F. ) ;
#8254 = COORDINATED_UNIVERSAL_TIME_OFFSET ( 8, 0, .AHEAD. ) ;
#8255 = CARTESIAN_POINT ( 'NONE',  ( -12.66357462330244843, 15.49999999999996980, -27.16365133069270499 ) ) ;
#8256 = CARTESIAN_POINT ( 'NONE',  ( -7.500000000000000000, -17.50000000000000000, -29.00000000000000000 ) ) ;
#8257 = DIRECTION ( 'NONE',  ( 1.000000000000000000, -7.274228743341295407E-15, -9.698971657788393350E-15 ) ) ;
#8258 = ORIENTED_EDGE ( 'NONE', *, *, #6113, .F. ) ;
#8259 = CARTESIAN_POINT ( 'NONE',  ( 1.171572875253785062, 65.80127510933306212, -28.10048461748485593 ) ) ;
#8260 = CARTESIAN_POINT ( 'NONE',  ( -10.70120541082346399, 10.49999999999996803, -28.26313838569864245 ) ) ;
#8261 = CARTESIAN_POINT ( 'NONE',  ( 10.75767740072738476, 10.49999999999996980, -28.19210908748605604 ) ) ;
#8262 = CARTESIAN_POINT ( 'NONE',  ( -20.00000000000000000, -20.18122265154079287, -70.64915746170791522 ) ) ;
#8263 = DIRECTION ( 'NONE',  ( -1.000000000000000000, 0.000000000000000000, -0.000000000000000000 ) ) ;
#8264 = CARTESIAN_POINT ( 'NONE',  ( -4.446078843765003619, 10.91532270256540471, -59.57645532825127788 ) ) ;
#8265 = CARTESIAN_POINT ( 'NONE',  ( 6.745116725305656757, 15.49999999999997335, -60.41634708225517869 ) ) ;
#8266 =( REPRESENTATION_RELATIONSHIP ('NONE','NONE', #4621, #7074 ) REPRESENTATION_RELATIONSHIP_WITH_TRANSFORMATION ( #6446 )SHAPE_REPRESENTATION_RELATIONSHIP( ) );
#8267 = CYLINDRICAL_SURFACE ( 'NONE', #2064, 1.299999999999988720 ) ;
#8268 = VERTEX_POINT ( 'NONE', #7832 ) ;
#8269 = DIRECTION ( 'NONE',  ( -0.7071067811865511255, -0.7044160264027550244, 0.06162841671622001222 ) ) ;
#8270 = CARTESIAN_POINT ( 'NONE',  ( 29.81251579091614445, -38.50724542728788435, -201.8337710726836463 ) ) ;
#8271 = CARTESIAN_POINT ( 'NONE',  ( 9.736266216799077000, 17.49999999999998934, -58.90956469996886113 ) ) ;
#8272 = CARTESIAN_POINT ( 'NONE',  ( 30.72628650989641130, -35.55107702329409136, -190.1185884073295824 ) ) ;
#8273 = CARTESIAN_POINT ( 'NONE',  ( 0.000000000000000000, 5.000000000000000000, 0.000000000000000000 ) ) ;
#8274 = CARTESIAN_POINT ( 'NONE',  ( 14.66910603953998127, 17.50000000000000355, -27.76434573301240505 ) ) ;
#8275 = CARTESIAN_POINT ( 'NONE',  ( -2.585786437626897971, 69.15007152304423244, -6.049847340273266205 ) ) ;
#8276 = ORIENTED_EDGE ( 'NONE', *, *, #6528, .F. ) ;
#8277 = CARTESIAN_POINT ( 'NONE',  ( 5.473126599567840422, -2.679283451275610517, -66.62223535356781667 ) ) ;
#8278 = FACE_OUTER_BOUND ( 'NONE', #1419, .T. ) ;
#8279 = AXIS2_PLACEMENT_3D ( 'NONE', #774, #5120, #7917 ) ;
#8280 = CARTESIAN_POINT ( 'NONE',  ( 20.49511948423174701, -45.50169817951825735, -125.0717102120117374 ) ) ;
#8281 = CARTESIAN_POINT ( 'NONE',  ( -6.679295147891602724, 17.49999999999999645, -61.51514794977324385 ) ) ;
#8282 = CARTESIAN_POINT ( 'NONE',  ( -3.481134126209905588, 15.49999999999997158, -61.88505004143997468 ) ) ;
#8283 = CARTESIAN_POINT ( 'NONE',  ( -1.171572875253813040, -0.3169060858998078989, -65.35375267892351303 ) ) ;
#8284 = DIRECTION ( 'NONE',  ( -1.000000000000000000, 0.000000000000000000, -0.000000000000000000 ) ) ;
#8285 = CARTESIAN_POINT ( 'NONE',  ( -13.34831144551666249, 15.50000000000000000, -27.94411509455214926 ) ) ;
#8286 = DATE_AND_TIME ( #3248, #1615 ) ;
#8287 = CARTESIAN_POINT ( 'NONE',  ( 13.97552581253479609, 17.50000000000000355, -55.90418497762563277 ) ) ;
#8288 = ORIENTED_EDGE ( 'NONE', *, *, #2034, .F. ) ;
#8289 = DIRECTION ( 'NONE',  ( -1.000000000000000000, -0.000000000000000000, -0.000000000000000000 ) ) ;
#8290 = ORIENTED_EDGE ( 'NONE', *, *, #6303, .F. ) ;
#8291 = CARTESIAN_POINT ( 'NONE',  ( 12.95449926771436822, -17.50000000000000000, -57.83400029407606269 ) ) ;
#8292 = CARTESIAN_POINT ( 'NONE',  ( -35.00000000000002132, -62.94127121501733058, -208.8002507845964999 ) ) ;
#8293 = CARTESIAN_POINT ( 'NONE',  ( 20.00000000000000355, -6.001819538171613289, -75.75082822763783952 ) ) ;
#8294 = VERTEX_POINT ( 'NONE', #4358 ) ;
#8295 = EDGE_CURVE ( 'NONE', #8703, #2791, #7043, .T. ) ;
#8296 = CARTESIAN_POINT ( 'NONE',  ( 0.000000000000000000, 0.000000000000000000, 0.000000000000000000 ) ) ;
#8297 = CIRCLE ( 'NONE', #5955, 1.299999999999988720 ) ;
#8298 = CARTESIAN_POINT ( 'NONE',  ( -12.17082164769287367, 15.49999999999997335, -26.71470231943696305 ) ) ;
#8299 = EDGE_CURVE ( 'NONE', #1285, #2434, #4311, .T. ) ;
#8300 = DIRECTION ( 'NONE',  ( -1.647092537452840559E-15, 0.9396926207859098712, 0.3420201433256652157 ) ) ;
#8301 = CARTESIAN_POINT ( 'NONE',  ( -9.845762252941384301E-16, -80.89787048455826834, -186.3019165546991189 ) ) ;
#8302 = VERTEX_POINT ( 'NONE', #4906 ) ;
#8303 = DIRECTION ( 'NONE',  ( -0.000000000000000000, 1.000000000000000000, -0.000000000000000000 ) ) ;
#8304 = B_SPLINE_CURVE_WITH_KNOTS ( 'NONE', 3,
 ( #3521, #3608, #4348, #6946 ),
 .UNSPECIFIED., .F., .F.,
 ( 4, 4 ),
 ( 0.000000000000000000, 0.02496963461953884134 ),
 .UNSPECIFIED. ) ;
#8305 = B_SPLINE_CURVE_WITH_KNOTS ( 'NONE', 1,
 ( #5554, #8353 ),
 .UNSPECIFIED., .F., .F.,
 ( 2, 2 ),
 ( 0.000000000000000000, 0.9000152464421853349 ),
 .UNSPECIFIED. ) ;
#8306 = CARTESIAN_POINT ( 'NONE',  ( 10.43253787114366915, 10.49999999999996980, -28.10398005781201647 ) ) ;
#8307 = CARTESIAN_POINT ( 'NONE',  ( 34.84363489068874031, -40.70485991627859335, -207.2238119840095578 ) ) ;
#8308 = CARTESIAN_POINT ( 'NONE',  ( 6.350630205439564691, 3.256492056457890083, -59.42329815903207191 ) ) ;
#8309 = DIRECTION ( 'NONE',  ( 0.000000000000000000, 0.000000000000000000, 1.000000000000000000 ) ) ;
#8310 = CARTESIAN_POINT ( 'NONE',  ( 6.696923391480509302, 15.49999999999997335, -60.45302446348395620 ) ) ;
#8311 = CIRCLE ( 'NONE', #2601, 2.999999999999995559 ) ;
#8312 = CARTESIAN_POINT ( 'NONE',  ( 8.644549479041803153, 6.151748908462790766, 29.57638683595193285 ) ) ;
#8313 = EDGE_LOOP ( 'NONE', ( #7194, #285, #2321, #7263 ) ) ;
#8314 = CARTESIAN_POINT ( 'NONE',  ( 6.000000000000000000, 65.74885007405517001, -5.752279021345504617 ) ) ;
#8315 = CARTESIAN_POINT ( 'NONE',  ( -8.388861359695916065, 17.50000000000000000, -62.75126594970570437 ) ) ;
#8316 = CARTESIAN_POINT ( 'NONE',  ( -8.265878397847398418, 17.50000000000000000, -60.21204727334880857 ) ) ;
#8317 = CARTESIAN_POINT ( 'NONE',  ( 33.53600874418881261, -37.65068136280510203, -198.4320137555437213 ) ) ;
#8318 = CALENDAR_DATE ( 2026, 29, 5 ) ;
#8319 = APPROVAL_PERSON_ORGANIZATION ( #102, #762, #6358 ) ;
#8320 = AXIS2_PLACEMENT_3D ( 'NONE', #6240, #2039, #1356 ) ;
#8321 = EDGE_CURVE ( 'NONE', #106, #5674, #4637, .T. ) ;
#8322 = CARTESIAN_POINT ( 'NONE',  ( -15.00240574293443174, -6.001819538171618618, -75.75082822763786794 ) ) ;
#8323 = CARTESIAN_POINT ( 'NONE',  ( 13.31456724100560507, 17.49999999999999289, -26.19096621529384095 ) ) ;
#8324 = DIRECTION ( 'NONE',  ( 6.938893903907277681E-18, -0.08715574274765917895, -0.9961946980917455452 ) ) ;
#8325 = EDGE_LOOP ( 'NONE', ( #1963, #3166 ) ) ;
#8326 = CARTESIAN_POINT ( 'NONE',  ( -34.52336234840023366, -80.64371167686964270, -185.7782682173711351 ) ) ;
#8327 = ORIENTED_EDGE ( 'NONE', *, *, #8699, .T. ) ;
#8328 = PLANE ( 'NONE',  #6095 ) ;
#8329 = FACE_BOUND ( 'NONE', #6595, .T. ) ;
#8330 = LOCAL_TIME ( 17, 12, 35.00000000000000000, #4350 ) ;
#8331 = CARTESIAN_POINT ( 'NONE',  ( 20.40865509102237851, -42.30922927101359932, -118.2924755297421484 ) ) ;
#8332 = CARTESIAN_POINT ( 'NONE',  ( 14.22507246028247430, 15.50000000000000355, -45.27514982090817597 ) ) ;
#8333 = CARTESIAN_POINT ( 'NONE',  ( -34.80568822857342326, -78.60261475486676375, -188.2264107756936085 ) ) ;
#8334 = DIRECTION ( 'NONE',  ( -1.000000000000000000, -0.000000000000000000, -0.000000000000000000 ) ) ;
#8335 = CARTESIAN_POINT ( 'NONE',  ( -2.370661196449486585, 17.50000000000000000, -62.99999999999944578 ) ) ;
#8336 = CONTEXT_DEPENDENT_SHAPE_REPRESENTATION ( #6384, #3861 ) ;
#8337 = CARTESIAN_POINT ( 'NONE',  ( 12.74343597694091557, 17.49999999999999645, -58.15485372077243653 ) ) ;
#8338 = LINE ( 'NONE', #5042, #8387 ) ;
#8339 = CARTESIAN_POINT ( 'NONE',  ( 17.22220093759327852, -17.50000000000000000, -45.67085113190385215 ) ) ;
#8340 = CARTESIAN_POINT ( 'NONE',  ( -35.00000000000001421, -85.70208135828831075, -200.5159933846616127 ) ) ;
#8341 = CARTESIAN_POINT ( 'NONE',  ( 35.00000000000001421, -57.92306129188306585, -194.6640632387779988 ) ) ;
#8342 = VERTEX_POINT ( 'NONE', #5631 ) ;
#8343 = CARTESIAN_POINT ( 'NONE',  ( 12.57913912831774361, 17.49999999999999645, -54.18603155941232785 ) ) ;
#8344 = CARTESIAN_POINT ( 'NONE',  ( -13.40226700184039288, 15.49999999999996980, -28.02645450848578434 ) ) ;
#8345 = CARTESIAN_POINT ( 'NONE',  ( 26.11274659412818977, -76.36983592731037618, -176.9509493099903921 ) ) ;
#8346 = DIRECTION ( 'NONE',  ( -0.000000000000000000, 1.000000000000000000, -0.000000000000000000 ) ) ;
#8347 = ORIENTED_EDGE ( 'NONE', *, *, #412, .F. ) ;
#8348 = ORIENTED_EDGE ( 'NONE', *, *, #1684, .T. ) ;
#8349 = CARTESIAN_POINT ( 'NONE',  ( -11.00000000000000178, 3.670556070168784046, 29.79346308132436860 ) ) ;
#8350 = CARTESIAN_POINT ( 'NONE',  ( -4.452529713051068150, 17.50000000000001421, -62.65572945559938489 ) ) ;
#8351 = CIRCLE ( 'NONE', #3813, 2.999999999999999112 ) ;
#8352 = CARTESIAN_POINT ( 'NONE',  ( 11.74593561583606416, 10.49999999999997158, -28.80810088767271182 ) ) ;
#8353 = CARTESIAN_POINT ( 'NONE',  ( -12.26967133912770436, 10.99992376778905268, -43.29999999999276383 ) ) ;
#8354 = EDGE_CURVE ( 'NONE', #880, #8140, #8430, .T. ) ;
#8355 = CARTESIAN_POINT ( 'NONE',  ( 2.585786437626879763, 67.21010716213858416, -28.22374145091729503 ) ) ;
#8356 = CARTESIAN_POINT ( 'NONE',  ( 1.999999999999969580, 20.96722026436224695, -57.60696422506727288 ) ) ;
#8357 = CARTESIAN_POINT ( 'NONE',  ( -21.46508122820915787, -26.08180391718193647, -153.1222447169145369 ) ) ;
#8358 = CARTESIAN_POINT ( 'NONE',  ( 7.968385767315920631, 15.49999999999997335, -59.35957359365192332 ) ) ;
#8359 = CARTESIAN_POINT ( 'NONE',  ( 4.106974663193109443, 10.88561451178570572, -59.85185468841561374 ) ) ;
#8360 = ORIENTED_EDGE ( 'NONE', *, *, #4825, .T. ) ;
#8361 = CARTESIAN_POINT ( 'NONE',  ( -15.04653804499049841, 17.50000000000000355, -44.35921633348196735 ) ) ;
#8362 = CARTESIAN_POINT ( 'NONE',  ( -8.073211232833797268, 17.49999999999999645, -60.39154979540150947 ) ) ;
#8363 = CARTESIAN_POINT ( 'NONE',  ( 33.72964181158467767, -42.27685245911134615, -197.2001712505034448 ) ) ;
#8364 = DIRECTION ( 'NONE',  ( 0.000000000000000000, 0.000000000000000000, 1.000000000000000000 ) ) ;
#8365 = FACE_OUTER_BOUND ( 'NONE', #8776, .T. ) ;
#8366 = CARTESIAN_POINT ( 'NONE',  ( -24.40906489233010745, -59.90030247553261233, -154.8854820815336950 ) ) ;
#8367 = ORIENTED_EDGE ( 'NONE', *, *, #789, .T. ) ;
#8368 = ORIENTED_EDGE ( 'NONE', *, *, #7914, .F. ) ;
#8369 = CARTESIAN_POINT ( 'NONE',  ( -14.06970171764777611, 15.50000000000000178, -43.30001061052171707 ) ) ;
#8370 = FACE_BOUND ( 'NONE', #2992, .T. ) ;
#8371 = CARTESIAN_POINT ( 'NONE',  ( 37.96589677137018981, -80.23009213130364969, -195.4313598974803767 ) ) ;
#8372 = CARTESIAN_POINT ( 'NONE',  ( 7.124145734046298806, 15.50000000000000178, -60.11522865323706810 ) ) ;
#8373 = CARTESIAN_POINT ( 'NONE',  ( -34.80517941576326280, -79.09290550176771717, -188.5011065805610713 ) ) ;
#8374 = CARTESIAN_POINT ( 'NONE',  ( 15.00803853536897492, 17.50000000000000000, -28.46646896822186790 ) ) ;
#8375 = CARTESIAN_POINT ( 'NONE',  ( -11.64876501265334063, 15.50000000000000178, -26.49527862241336962 ) ) ;
#8376 = APPROVAL ( #182, 'UNKNOWN' ) ;
#8377 = CARTESIAN_POINT ( 'NONE',  ( 9.221118684993113490, 17.50000000000000000, -62.27225302317683031 ) ) ;
#8378 = ORIENTED_EDGE ( 'NONE', *, *, #5633, .T. ) ;
#8379 = CARTESIAN_POINT ( 'NONE',  ( 10.51116106065716949, -0.4458515536467803630, -60.47637416503309993 ) ) ;
#8380 = DIRECTION ( 'NONE',  ( -1.000000000000000000, -0.000000000000000000, 0.000000000000000000 ) ) ;
#8381 = CARTESIAN_POINT ( 'NONE',  ( -7.500000000000000000, -2.499999999999998668, -29.00000000000000000 ) ) ;
#8382 = EDGE_CURVE ( 'NONE', #1703, #6575, #2991, .T. ) ;
#8383 = CARTESIAN_POINT ( 'NONE',  ( 20.00000000000002487, -20.58249626994754067, -89.42406666850425268 ) ) ;
#8384 = EDGE_LOOP ( 'NONE', ( #7686, #4701, #2550, #2744 ) ) ;
#8385 = COORDINATED_UNIVERSAL_TIME_OFFSET ( 8, 0, .AHEAD. ) ;
#8386 = CARTESIAN_POINT ( 'NONE',  ( 14.36623446989594655, 17.50000000000000711, -49.54515957436651519 ) ) ;
#8387 = VECTOR ( 'NONE', #141, 1000.000000000000227 ) ;
#8388 = DIRECTION ( 'NONE',  ( 0.000000000000000000, -1.000000000000000000, 0.000000000000000000 ) ) ;
#8389 = AXIS2_PLACEMENT_3D ( 'NONE', #5759, #1047, #264 ) ;
#8390 = CARTESIAN_POINT ( 'NONE',  ( -11.14600656423091429, 17.50000000000000000, -60.02812499129885282 ) ) ;
#8391 = ORIENTED_EDGE ( 'NONE', *, *, #8644, .F. ) ;
#8392 = CYLINDRICAL_SURFACE ( 'NONE', #3923, 5.000000000000000888 ) ;
#8393 = CARTESIAN_POINT ( 'NONE',  ( 6.334721206474642763, 10.49999999999996803, -58.15247709963589529 ) ) ;
#8394 = CARTESIAN_POINT ( 'NONE',  ( -10.70530986009793217, 10.49999999999997158, -28.26481784892168037 ) ) ;
#8395 = CARTESIAN_POINT ( 'NONE',  ( 14.21997145645841165, 15.50000000000000355, -29.34727583450565547 ) ) ;
#8396 = CARTESIAN_POINT ( 'NONE',  ( 34.80550152990759472, -41.19678258254642600, -202.5333336628045799 ) ) ;
#8397 = DIRECTION ( 'NONE',  ( -8.070315605755988834E-15, -0.9961946980917455452, 0.08715574274765881813 ) ) ;
#8398 = FACE_OUTER_BOUND ( 'NONE', #4617, .T. ) ;
#8399 = EDGE_CURVE ( 'NONE', #5795, #5074, #7023, .T. ) ;
#8400 = CARTESIAN_POINT ( 'NONE',  ( -20.32838348919210247, -10.50254974093490468, -93.09286716805993933 ) ) ;
#8401 = CARTESIAN_POINT ( 'NONE',  ( 10.51661015456777193, 15.49999999999996625, -56.01430540381309697 ) ) ;
#8402 = CARTESIAN_POINT ( 'NONE',  ( -20.30728835051481695, -21.57594019558357346, -114.5031639509774948 ) ) ;
#8403 = CARTESIAN_POINT ( 'NONE',  ( -11.22053372432734619, 10.86220704506153645, -28.38333909079205242 ) ) ;
#8404 = ORIENTED_EDGE ( 'NONE', *, *, #8032, .T. ) ;
#8405 = CARTESIAN_POINT ( 'NONE',  ( -7.043281216840871828, 17.49999999999999645, -61.24962474280077629 ) ) ;
#8406 = EDGE_CURVE ( 'NONE', #42, #6233, #3013, .T. ) ;
#8407 = CARTESIAN_POINT ( 'NONE',  ( 20.87301888394936356, -19.42689696708969294, -127.4798155389698167 ) ) ;
#8408 = CARTESIAN_POINT ( 'NONE',  ( 11.00000000000000000, -0.2413635280913868919, -59.89577447623747730 ) ) ;
#8409 = CARTESIAN_POINT ( 'NONE',  ( 14.27332604595552645, 17.49999999999998579, -27.16037485600771717 ) ) ;
#8410 = ADVANCED_FACE ( 'NONE', ( #7034 ), #7083, .F. ) ;
#8411 = CARTESIAN_POINT ( 'NONE',  ( 2.199967915774644085E-14, -10.50254974093492599, -93.09286716805985407 ) ) ;
#8412 = EDGE_LOOP ( 'NONE', ( #8643, #3946, #4364, #222 ) ) ;
#8413 = ORIENTED_EDGE ( 'NONE', *, *, #331, .T. ) ;
#8414 = CARTESIAN_POINT ( 'NONE',  ( -6.000000000000000000, 12.29785522679700094, 29.03867220827262940 ) ) ;
#8415 = DIRECTION ( 'NONE',  ( 0.000000000000000000, -0.000000000000000000, -1.000000000000000000 ) ) ;
#8416 = CARTESIAN_POINT ( 'NONE',  ( 33.29747611878566005, -85.11781504065064041, -194.9963504427115026 ) ) ;
#8417 = CARTESIAN_POINT ( 'NONE',  ( 8.224262167774030630, 15.50000000000000355, -59.10536133136174186 ) ) ;
#8418 = B_SPLINE_CURVE_WITH_KNOTS ( 'NONE', 3,
 ( #3489, #6277, #4219, #8477 ),
 .UNSPECIFIED., .F., .F.,
 ( 4, 4 ),
 ( 0.000000000000000000, 0.9000000000000015765 ),
 .UNSPECIFIED. ) ;
#8419 = CARTESIAN_POINT ( 'NONE',  ( -34.91274668264617276, -85.24211984408272258, -195.6130848633055450 ) ) ;
#8420 = CARTESIAN_POINT ( 'NONE',  ( -7.500000000000000000, -2.499999999999998668, -4.000000000000000888 ) ) ;
#8421 = EDGE_CURVE ( 'NONE', #810, #5540, #309, .T. ) ;
#8422 = APPROVAL_DATE_TIME ( #824, #6740 ) ;
#8423 = CARTESIAN_POINT ( 'NONE',  ( 7.696437091704941835, 17.50000000000000355, -63.41271037978270186 ) ) ;
#8424 = CARTESIAN_POINT ( 'NONE',  ( 11.00000000000000000, 3.234777356430490691, 24.81248959086564909 ) ) ;
#8425 = CARTESIAN_POINT ( 'NONE',  ( -9.961996752544196809, 17.50000000000001421, -58.29352747119723688 ) ) ;
#8426 = EDGE_CURVE ( 'NONE', #4346, #2475, #4202, .T. ) ;
#8427 = EDGE_LOOP ( 'NONE', ( #2084, #8819 ) ) ;
#8428 = LINE ( 'NONE', #4309, #8456 ) ;
#8429 = CARTESIAN_POINT ( 'NONE',  ( 34.99999999999999289, 5.000000000000000000, -24.00000000000000000 ) ) ;
#8430 = LINE ( 'NONE', #2155, #5138 ) ;
#8431 = ORIENTED_EDGE ( 'NONE', *, *, #4934, .F. ) ;
#8432 = PERSON_AND_ORGANIZATION_ROLE ( 'design_owner' ) ;
#8433 = CARTESIAN_POINT ( 'NONE',  ( 13.30910292387431859, 17.50000000000000355, -52.52328823698192650 ) ) ;
#8434 = EDGE_CURVE ( 'NONE', #4775, #4407, #1183, .T. ) ;
#8435 = CARTESIAN_POINT ( 'NONE',  ( 21.83572697117768868, -52.77870591550459523, -140.2685156626579044 ) ) ;
#8436 = CARTESIAN_POINT ( 'NONE',  ( -11.48672399593356097, 17.49999999999999645, -59.59448853016271386 ) ) ;
#8437 = ORIENTED_EDGE ( 'NONE', *, *, #722, .F. ) ;
#8438 = CARTESIAN_POINT ( 'NONE',  ( -11.83993066848141140, 11.08086463972660773, -28.74477051893622459 ) ) ;
#8439 = CARTESIAN_POINT ( 'NONE',  ( -34.76071062409207002, -42.90922702933983146, -199.9354543089671097 ) ) ;
#8440 = CARTESIAN_POINT ( 'NONE',  ( 3.490382942615642303, 10.49999999999997158, -59.88990852430284662 ) ) ;
#8441 = EDGE_CURVE ( 'NONE', #2684, #7230, #2929, .T. ) ;
#8442 = AXIS2_PLACEMENT_3D ( 'NONE', #4773, #8388, #3402 ) ;
#8443 = CARTESIAN_POINT ( 'NONE',  ( -4.828915170095667619, 17.50000000000000000, -62.51946328870225500 ) ) ;
#8444 = CARTESIAN_POINT ( 'NONE',  ( 11.22790618478476610, 15.50000000000000711, -26.24668775587225866 ) ) ;
#8445 = CARTESIAN_POINT ( 'NONE',  ( 26.06795717104215271, -35.94691070706407743, -191.6835318213572918 ) ) ;
#8446 = CIRCLE ( 'NONE', #8601, 5.000000000000000888 ) ;
#8447 = CARTESIAN_POINT ( 'NONE',  ( -16.86434253338076772, -32.49516034968976186, -85.08821153266546844 ) ) ;
#8448 = CARTESIAN_POINT ( 'NONE',  ( -20.05715155481388123, -13.68047157156297544, -84.98889248906017713 ) ) ;
#8449 = CARTESIAN_POINT ( 'NONE',  ( -5.000000000000000000, -15.00000000000000000, -54.00000000000000711 ) ) ;
#8450 = EDGE_LOOP ( 'NONE', ( #788, #17, #3024, #8276, #5313, #8882 ) ) ;
#8451 = CARTESIAN_POINT ( 'NONE',  ( -6.572353972814091172, 17.50000000000000000, -61.58788484123256524 ) ) ;
#8452 = CARTESIAN_POINT ( 'NONE',  ( 21.98442188492436244, -32.30907720531600091, -177.3988237861212838 ) ) ;
#8453 = APPROVAL_STATUS ( 'not_yet_approved' ) ;
#8454 = CARTESIAN_POINT ( 'NONE',  ( -7.500000000000000000, -2.499999999999998668, -27.45000000000000639 ) ) ;
#8455 = CARTESIAN_POINT ( 'NONE',  ( 13.25911550399225369, 17.50000000000000711, -26.14804863041684158 ) ) ;
#8456 = VECTOR ( 'NONE', #7133, 1000.000000000000000 ) ;
#8457 = CARTESIAN_POINT ( 'NONE',  ( 16.86434253338079259, -10.50254974093488514, -93.09286716805988249 ) ) ;
#8458 = CARTESIAN_POINT ( 'NONE',  ( -12.11406000072399536, 15.50000000000000000, -52.17441084113891492 ) ) ;
#8459 = DIRECTION ( 'NONE',  ( -6.938893903907228378E-18, 0.08715574274765917895, 0.9961946980917454342 ) ) ;
#8460 = LINE ( 'NONE', #7081, #319 ) ;
#8461 = ORIENTED_EDGE ( 'NONE', *, *, #7460, .T. ) ;
#8462 = CARTESIAN_POINT ( 'NONE',  ( 7.075924706004095732, 15.50000000000000355, -60.15475726038936699 ) ) ;
#8463 = VECTOR ( 'NONE', #1307, 1000.000000000000000 ) ;
#8464 = CARTESIAN_POINT ( 'NONE',  ( 12.52783472253294583, -2.499999999999995115, -43.29999102047114690 ) ) ;
#8465 = ADVANCED_BREP_SHAPE_REPRESENTATION ( '', ( #7796, #6410 ), #564 ) ;
#8466 = CARTESIAN_POINT ( 'NONE',  ( 17.32783580641665466, 17.50000000000000000, -44.49619656964745928 ) ) ;
#8467 = FACE_OUTER_BOUND ( 'NONE', #8475, .T. ) ;
#8468 = CARTESIAN_POINT ( 'NONE',  ( 6.000000000000000000, 2.614672282429763239, 29.88584094275234904 ) ) ;
#8469 = LOCAL_TIME ( 17, 12, 35.00000000000000000, #2178 ) ;
#8470 = EDGE_LOOP ( 'NONE', ( #8155, #4116, #7550, #5180, #8858 ) ) ;
#8471 = CARTESIAN_POINT ( 'NONE',  ( -16.61541316245933331, -6.244373509342351802, -75.66672520268629398 ) ) ;
#8472 = CARTESIAN_POINT ( 'NONE',  ( 2.628826828018821615, 15.50000000000000178, -61.99999999999894840 ) ) ;
#8473 =( BOUNDED_SURFACE ( )  B_SPLINE_SURFACE ( 3, 2, ( 
 ( #2194, #7090, #54 ),
 ( #2840, #7131, #8379 ),
 ( #3614, #782, #2934 ),
 ( #3669, #1522, #2745 ) ),
 .UNSPECIFIED., .F., .F., .F. ) 
 B_SPLINE_SURFACE_WITH_KNOTS ( ( 4, 4 ),
 ( 3, 3 ),
 ( 2.258497377228608549, 2.268928027592621799 ),
 ( 0.000000000000000000, 1.000000000000000000 ),
 .UNSPECIFIED. ) 
 GEOMETRIC_REPRESENTATION_ITEM ( )  RATIONAL_B_SPLINE_SURFACE ( (
 ( 1.000000000000000000, 0.8511300811279521872, 1.000000000000000000),
 ( 1.000000000000000000, 0.8516880811882646674, 1.000000000000000000),
 ( 1.000000000000000000, 0.8522431418669773606, 1.000000000000000000),
 ( 1.000000000000000000, 0.8527952502424132053, 1.000000000000000000) ) ) 
 REPRESENTATION_ITEM ( '' )  SURFACE ( )  );
#8474 = CARTESIAN_POINT ( 'NONE',  ( -14.23886371830875319, 17.50000000000000000, -49.08761618164641760 ) ) ;
#8475 = EDGE_LOOP ( 'NONE', ( #4630, #5909, #5765 ) ) ;
#8476 = APPROVAL_ROLE ( '' ) ;
#8477 = CARTESIAN_POINT ( 'NONE',  ( -2.370661744665575554, 10.99999999999972822, -60.19999999999958362 ) ) ;
#8478 = EDGE_CURVE ( 'NONE', #469, #6245, #6033, .T. ) ;
#8479 = CARTESIAN_POINT ( 'NONE',  ( 21.66937861034638857, -69.50023436993592441, -162.6884162430169454 ) ) ;
#8480 = CARTESIAN_POINT ( 'NONE',  ( 15.00000000000000711, -20.09720884996023926, -70.62052607775282809 ) ) ;
#8481 = EDGE_CURVE ( 'NONE', #7326, #1494, #7760, .T. ) ;
#8482 = EDGE_LOOP ( 'NONE', ( #3076, #1860 ) ) ;
#8483 = ORIENTED_EDGE ( 'NONE', *, *, #4663, .F. ) ;
#8484 = CARTESIAN_POINT ( 'NONE',  ( -35.03624874968825509, -38.69087099385571804, -202.5673375823129447 ) ) ;
#8485 = CARTESIAN_POINT ( 'NONE',  ( 3.411930909028342729, 10.49999999999996803, -59.90901830389054794 ) ) ;
#8486 = AXIS2_PLACEMENT_3D ( 'NONE', #1089, #2503, #4739 ) ;
#8487 = CARTESIAN_POINT ( 'NONE',  ( -9.376862535482816341, 15.49999999999996980, -57.39421752212730610 ) ) ;
#8488 = CARTESIAN_POINT ( 'NONE',  ( 11.32931620080682222, 15.50000000000000000, -26.27552873046890980 ) ) ;
#8489 = CIRCLE ( 'NONE', #2941, 1.299999999999988720 ) ;
#8490 = EDGE_CURVE ( 'NONE', #176, #4589, #7923, .T. ) ;
#8491 = CARTESIAN_POINT ( 'NONE',  ( 34.81932094409985012, -42.45378433633896975, -200.3826479375748875 ) ) ;
#8492 = CARTESIAN_POINT ( 'NONE',  ( -5.913448343232649229, 10.49999999999996803, -58.29966389421598905 ) ) ;
#8493 = CARTESIAN_POINT ( 'NONE',  ( 15.61209526211293408, -21.19636017306889997, -134.2998155102808369 ) ) ;
#8494 = PRODUCT_DEFINITION ( 'ๆ', '', #1759, #2394 ) ;
#8495 = CARTESIAN_POINT ( 'NONE',  ( -19.99999999999997513, -20.08193208284173537, -70.62608636625975578 ) ) ;
#8496 = CARTESIAN_POINT ( 'NONE',  ( 14.32783472253220935, 15.49999999999997158, -43.29998938949142939 ) ) ;
#8497 = CARTESIAN_POINT ( 'NONE',  ( -20.36438667086580878, -23.14911403040689564, -120.4080802867545970 ) ) ;
#8498 = CARTESIAN_POINT ( 'NONE',  ( -34.72382355168821277, -38.48283812885084387, -201.7397258176127934 ) ) ;
#8499 = AXIS2_PLACEMENT_3D ( 'NONE', #3742, #6521, #2415 ) ;
#8500 = CARTESIAN_POINT ( 'NONE',  ( 9.519591735859137316, 10.99411440960194497, -54.07896321762637371 ) ) ;
#8501 = ORIENTED_EDGE ( 'NONE', *, *, #6215, .T. ) ;
#8502 = CARTESIAN_POINT ( 'NONE',  ( -12.65810705305377404, 17.50000000000000000, -57.86325869036801350 ) ) ;
#8503 = CARTESIAN_POINT ( 'NONE',  ( -5.669255479274450060, 17.50000000000000711, -62.13207750462592571 ) ) ;
#8504 = CARTESIAN_POINT ( 'NONE',  ( 34.74689390509082898, -38.49360119670927816, -201.7825442520220349 ) ) ;
#8505 = CALENDAR_DATE ( 2026, 29, 5 ) ;
#8506 = EDGE_CURVE ( 'NONE', #1978, #7069, #1041, .T. ) ;
#8507 = DIRECTION ( 'NONE',  ( 0.000000000000000000, 0.000000000000000000, -1.000000000000000000 ) ) ;
#8508 = CARTESIAN_POINT ( 'NONE',  ( 14.13984665921999451, 15.49999999999996270, -29.05378694889541435 ) ) ;
#8509 = CARTESIAN_POINT ( 'NONE',  ( 7.456885260641444527E-15, -5.891034298436779615, -75.32395484155337329 ) ) ;
#8510 = ORIENTED_EDGE ( 'NONE', *, *, #7759, .F. ) ;
#8511 = DIRECTION ( 'NONE',  ( 0.000000000000000000, 0.000000000000000000, -1.000000000000000000 ) ) ;
#8512 = CARTESIAN_POINT ( 'NONE',  ( 12.64414146625771629, 15.44511786120868457, -26.95752487740541170 ) ) ;
#8513 = EDGE_CURVE ( 'NONE', #7230, #537, #361, .T. ) ;
#8514 = DIRECTION ( 'NONE',  ( -0.9284766908848792744, -0.3713906763541011680, -8.412925918321140634E-07 ) ) ;
#8515 = EDGE_LOOP ( 'NONE', ( #998, #4628, #3628, #3126 ) ) ;
#8516 = CARTESIAN_POINT ( 'NONE',  ( 9.647593628307824076, 15.50000000000000355, -57.37883538112592419 ) ) ;
#8517 = LINE ( 'NONE', #1475, #8967 ) ;
#8518 = CARTESIAN_POINT ( 'NONE',  ( 15.28745562147591031, 17.50000000000000000, -29.55401652889031539 ) ) ;
#8519 = CARTESIAN_POINT ( 'NONE',  ( -12.73851934165281996, 15.49999999999996803, -27.23239863719840415 ) ) ;
#8520 = CARTESIAN_POINT ( 'NONE',  ( -6.000000000000001776, 46.90830655305971675, -3.100125211048226692 ) ) ;
#8521 = EDGE_CURVE ( 'NONE', #6233, #2284, #487, .T. ) ;
#8522 = VECTOR ( 'NONE', #7479, 1000.000000000000000 ) ;
#8523 = EDGE_LOOP ( 'NONE', ( #5446, #1915, #6894, #4033 ) ) ;
#8524 = CARTESIAN_POINT ( 'NONE',  ( -15.66317215042550082, -6.032642524013303920, -75.73774476108916076 ) ) ;
#8525 = CARTESIAN_POINT ( 'NONE',  ( -20.05674020011081282, -13.59050402894312093, -84.65980491259030316 ) ) ;
#8526 = CARTESIAN_POINT ( 'NONE',  ( -14.14785003373428118, 17.49999999999999645, -49.40867900221552134 ) ) ;
#8527 = VERTEX_POINT ( 'NONE', #4563 ) ;
#8528 = CALENDAR_DATE ( 2026, 29, 5 ) ;
#8529 = ADVANCED_FACE ( 'NONE', ( #8050 ), #6937, .T. ) ;
#8530 = CARTESIAN_POINT ( 'NONE',  ( 14.91605016239931025, 17.50000000000000355, -47.32797459988403688 ) ) ;
#8531 = AXIS2_PLACEMENT_3D ( 'NONE', #6750, #4613, #447 ) ;
#8532 = DIRECTION ( 'NONE',  ( 0.000000000000000000, 0.000000000000000000, -1.000000000000000000 ) ) ;
#8533 = CARTESIAN_POINT ( 'NONE',  ( -12.19172045237121083, 17.50000000000000355, -58.58989777001646360 ) ) ;
#8534 = ORIENTED_EDGE ( 'NONE', *, *, #268, .T. ) ;
#8535 = EDGE_LOOP ( 'NONE', ( #973, #7779, #1214, #5053 ) ) ;
#8536 = CARTESIAN_POINT ( 'NONE',  ( -6.033877138082214486, 4.512556409559199899, -59.30320969582567159 ) ) ;
#8537 = EDGE_CURVE ( 'NONE', #6061, #5729, #3317, .T. ) ;
#8538 = CARTESIAN_POINT ( 'NONE',  ( 14.16585751467659016, 15.50000000000000000, -45.76233979410526587 ) ) ;
#8539 = PRODUCT ( '\X2\64e662ed6d777ef5\X0\', '\X2\64e662ed6d777ef5\X0\', '', ( #6890 ) ) ;
#8540 = CARTESIAN_POINT ( 'NONE',  ( -13.95969273060388893, 15.49999999999997158, -45.29964472231803541 ) ) ;
#8541 = AXIS2_PLACEMENT_3D ( 'NONE', #1329, #91, #2191 ) ;
#8542 = CARTESIAN_POINT ( 'NONE',  ( -19.99556880146489846, -19.71252454516476860, -69.83887896979555876 ) ) ;
#8543 = CARTESIAN_POINT ( 'NONE',  ( 11.31489276884444983, 15.50000000000000711, -26.27125482952757096 ) ) ;
#8544 = CARTESIAN_POINT ( 'NONE',  ( -34.82502717577809648, -40.74098226649989130, -205.5578754015830896 ) ) ;
#8545 = CARTESIAN_POINT ( 'NONE',  ( -19.99999999999999645, -10.71343022849866244, -74.03660608050883241 ) ) ;
#8546 = CARTESIAN_POINT ( 'NONE',  ( -9.308530233193035741, 10.49999999999997158, -53.53660439657340220 ) ) ;
#8547 = CARTESIAN_POINT ( 'NONE',  ( -1.171572875253813928, 54.71017341019496172, -45.32553366374518333 ) ) ;
#8548 = CARTESIAN_POINT ( 'NONE',  ( -19.99999999999999645, -20.09003872190469053, -70.62581289941138607 ) ) ;
#8549 = CARTESIAN_POINT ( 'NONE',  ( -19.98383371500349881, -24.41662694148685731, -68.11399463159854406 ) ) ;
#8550 = CARTESIAN_POINT ( 'NONE',  ( -21.29256583863960373, -22.45869956043992488, -139.1665328488952866 ) ) ;
#8551 = CARTESIAN_POINT ( 'NONE',  ( -39.03018177548841550, -81.52396353147211983, -197.9901984863444113 ) ) ;
#8552 = VECTOR ( 'NONE', #4415, 1000.000000000000000 ) ;
#8553 = CARTESIAN_POINT ( 'NONE',  ( 26.12300448420821297, -70.31375411002618137, -164.4952556239192347 ) ) ;
#8554 = ORIENTED_EDGE ( 'NONE', *, *, #1731, .F. ) ;
#8555 = CARTESIAN_POINT ( 'NONE',  ( -12.95554554620889576, -17.50000000000000000, -57.35020924114667906 ) ) ;
#8556 = CARTESIAN_POINT ( 'NONE',  ( -15.06970171764737998, 17.50000000000000000, -43.30001151662156644 ) ) ;
#8557 = CARTESIAN_POINT ( 'NONE',  ( -20.00000000000002842, -17.70283969256703571, -71.49200518088905199 ) ) ;
#8558 = CARTESIAN_POINT ( 'NONE',  ( -34.98687346096907902, -54.28469015539818088, -195.9883220336713237 ) ) ;
#8559 = CARTESIAN_POINT ( 'NONE',  ( 4.557754624762229589, -2.499999999999995115, -60.03301730895792332 ) ) ;
#8560 = CARTESIAN_POINT ( 'NONE',  ( 13.64521924363841165, 15.49999999999997335, -28.00324847771316783 ) ) ;
#8561 = CARTESIAN_POINT ( 'NONE',  ( -20.13642717898709122, -29.35447248449610669, -90.58669112434274950 ) ) ;
#8562 = ORIENTED_EDGE ( 'NONE', *, *, #5598, .T. ) ;
#8563 = LINE ( 'NONE', #5075, #3757 ) ;
#8564 = CARTESIAN_POINT ( 'NONE',  ( -15.06968945806124971, 17.50000000000000000, -56.83007244531632551 ) ) ;
#8565 = ORIENTED_EDGE ( 'NONE', *, *, #5862, .T. ) ;
#8566 = CARTESIAN_POINT ( 'NONE',  ( 8.563150214393994375, 15.50000000000000000, -58.74250379740894346 ) ) ;
#8567 = CARTESIAN_POINT ( 'NONE',  ( 2.897770393903123853, 17.49999999999999289, -62.99999761234949602 ) ) ;
#8568 = CARTESIAN_POINT ( 'NONE',  ( -13.70725089444964340, 15.49999999999997335, -28.59298954060198383 ) ) ;
#8569 = CARTESIAN_POINT ( 'NONE',  ( 4.676775902353723424, 15.49999999999997158, -61.60600227494345660 ) ) ;
#8570 = CARTESIAN_POINT ( 'NONE',  ( -9.474961160564960849, 17.49999999999999289, -58.91604724882944311 ) ) ;
#8571 = ORIENTED_EDGE ( 'NONE', *, *, #7742, .F. ) ;
#8572 = DIRECTION ( 'NONE',  ( 0.000000000000000000, 0.000000000000000000, -1.000000000000000000 ) ) ;
#8573 = DIRECTION ( 'NONE',  ( -0.000000000000000000, 1.000000000000000000, -0.000000000000000000 ) ) ;
#8574 = CARTESIAN_POINT ( 'NONE',  ( -15.00824858071743328, 17.50000000000000000, -44.81735693293035183 ) ) ;
#8575 = ORIENTED_EDGE ( 'NONE', *, *, #6798, .F. ) ;
#8576 = DATE_AND_TIME ( #7000, #1155 ) ;
#8577 = CARTESIAN_POINT ( 'NONE',  ( -6.000000000000000000, 19.59913969105959453, -53.84819374192366581 ) ) ;
#8578 = DIRECTION ( 'NONE',  ( 9.060998507041311627E-07, 0.000000000000000000, -0.9999999999995894395 ) ) ;
#8580 = AXIS2_PLACEMENT_3D ( 'NONE', #3737, #8635, #2367 ) ;
#8579 = CARTESIAN_POINT ( 'NONE',  ( -12.97533875550323756, 17.50000000000000000, -57.30393310822015707 ) ) ;
#8581 = EDGE_LOOP ( 'NONE', ( #5203, #4494, #3900, #5888 ) ) ;
#8582 = ORIENTED_EDGE ( 'NONE', *, *, #404, .F. ) ;
#8583 = DIRECTION ( 'NONE',  ( 1.000000000000000000, -0.000000000000000000, 0.000000000000000000 ) ) ;
#8584 = CARTESIAN_POINT ( 'NONE',  ( -30.88856343383041292, -39.26886871450086858, -204.8667709605564369 ) ) ;
#8585 = EDGE_CURVE ( 'NONE', #5795, #6084, #8012, .T. ) ;
#8586 = CARTESIAN_POINT ( 'NONE',  ( 14.30604619673891875, 15.50000000000000000, -44.29339566832883435 ) ) ;
#8587 = VECTOR ( 'NONE', #2644, 1000.000000000000000 ) ;
#8588 = CARTESIAN_POINT ( 'NONE',  ( -11.25009053760723354, 15.49999999999996980, -54.11349118962450433 ) ) ;
#8589 = CARTESIAN_POINT ( 'NONE',  ( 12.31685151433428516, 10.49999999999997335, -30.04805465400679765 ) ) ;
#8590 = CARTESIAN_POINT ( 'NONE',  ( -19.99999999999999645, -10.71930815380612145, -74.03380279105724071 ) ) ;
#8591 = LINE ( 'NONE', #3867, #4177 ) ;
#8592 = CARTESIAN_POINT ( 'NONE',  ( -6.530855928433051183, 2.859069776794019191, -59.37615583082593673 ) ) ;
#8593 = LINE ( 'NONE', #7756, #2407 ) ;
#8594 = CARTESIAN_POINT ( 'NONE',  ( -20.41990639288104603, -24.62235605951009987, -125.9444945396924425 ) ) ;
#8595 = CARTESIAN_POINT ( 'NONE',  ( -25.96381383618614436, -34.02591430250085835, -177.7029491796807577 ) ) ;
#8596 = CIRCLE ( 'NONE', #1857, 1.549999999999995826 ) ;
#8597 = CARTESIAN_POINT ( 'NONE',  ( 7.143049748664667575, 8.228323549256838731, 29.39471009591703066 ) ) ;
#8598 = EDGE_LOOP ( 'NONE', ( #2659, #8575 ) ) ;
#8599 = CARTESIAN_POINT ( 'NONE',  ( 34.99344801578627084, -43.05022787640524484, -200.5418815794450325 ) ) ;
#8600 = CARTESIAN_POINT ( 'NONE',  ( -25.14440963406248386, -46.65190299344455127, -173.1074651179948205 ) ) ;
#8601 = AXIS2_PLACEMENT_3D ( 'NONE', #7752, #4087, #113 ) ;
#8602 = LINE ( 'NONE', #8172, #993 ) ;
#8603 = CARTESIAN_POINT ( 'NONE',  ( -12.69897488640602390, 15.50000000000000178, -26.80988618708894933 ) ) ;
#8604 = CARTESIAN_POINT ( 'NONE',  ( 13.00733056606781268, 17.50000000000000711, -25.95318478793367944 ) ) ;
#8605 = FACE_OUTER_BOUND ( 'NONE', #262, .T. ) ;
#8606 = ORIENTED_EDGE ( 'NONE', *, *, #7057, .F. ) ;
#8607 = CARTESIAN_POINT ( 'NONE',  ( -6.000000000000000000, 63.80888571314962121, -27.92617313198953966 ) ) ;
#8608 = DIRECTION ( 'NONE',  ( -4.857225732735059864E-15, 1.000000000000000000, 0.000000000000000000 ) ) ;
#8609 = ORIENTED_EDGE ( 'NONE', *, *, #5821, .T. ) ;
#8610 = CARTESIAN_POINT ( 'NONE',  ( -12.39501885852128993, 14.74011106112888925, -27.30667629150357101 ) ) ;
#8611 = DIRECTION ( 'NONE',  ( -0.7071067811866924568, -0.7071067811864025776, -0.000000000000000000 ) ) ;
#8612 = CARTESIAN_POINT ( 'NONE',  ( -13.73469053779535187, 15.49999999999996980, -28.65606501483072321 ) ) ;
#8613 = CARTESIAN_POINT ( 'NONE',  ( 13.51841366896693053, 17.49999999999999289, -52.00712555268628279 ) ) ;
#8614 = B_SPLINE_SURFACE_WITH_KNOTS ( 'NONE', 1, 3, ( 
 ( #1083, #8887, #8843, #1779, #5327, #3912, #4647, #4554, #8081, #6652, #7340, #8170, #1944, #395, #2499, #7385, #437, #5287, #7423, #1819, #1122, #6695, #6011, #2537, #8121, #1854, #1450, #4130, #4870, #4231, #7650, #6186, #1352, #6967, #7058, #5466, #6285, #799, #1988, #25, #2808, #8980, #7010, #8394, #2711, #8260, #8934, #7559, #2123, #68, #1301, #754, #4083, #6921, #662, #3542, #6328, #2854, #8242, #1332, #8826, #1971, #6905, #4113 ),
 ( #4676, #7496, #4759, #2059, #5348, #7541, #4852, #1231, #1282, #4065, #4024, #2012, #8960, #6856, #8285, #3936, #3433, #7588, #643, #9008, #2741, #2104, #4158, #4899, #6264, #6949, #5580, #2, #1384, #8375, #2789, #687, #3476, #6685, #980, #5318, #7287, #2525, #4545, #7945, #428, #1718, #6511, #8668, #2447, #3132, #3862, #2488, #4460, #6002, #4591, #5187, #3172, #4635, #2406, #8793, #5277, #3217, #8073, #2363, #6643, #386, #7329, #8112 ) ),
 .UNSPECIFIED., .F., .F., .F.,
 ( 2, 2 ),
 ( 4, 2, 2, 2, 2, 2, 2, 2, 2, 2, 2, 2, 2, 2, 2, 2, 2, 2, 2, 2, 2, 2, 2, 2, 2, 2, 2, 2, 2, 2, 2, 4 ),
 ( 0.000000000000000000, 1.000000000000000000 ),
 ( 0.000000000000000000, 0.0006495182922568165911, 0.0009742774383852248867, 0.001299036584513633182, 0.001623795730642041586, 0.001948554876770449773, 0.002273314022898857961, 0.002598073169027266364, 0.002922832315155674768, 0.003247591461284083172, 0.003572350607412491143, 0.003897109753540899547, 0.004221868899669307951, 0.004546628045797715921, 0.004709007618861919472, 0.004790197405394021682, 0.004830792298660072787, 0.004871387191926123891, 0.004891684638559149444, 0.004911982085192174996, 0.004922130808508687339, 0.004932279531825200548, 0.004942428255141713758, 0.004947502616799969929, 0.004950039797629098015, 0.004952576978458226101, 0.004962725701774738443, 0.004972874425091251653, 0.004993171871724277205, 0.005033766764990328310, 0.005114956551522430520, 0.005196146338054532729 ),
 .UNSPECIFIED. ) ;
#8615 = ORIENTED_EDGE ( 'NONE', *, *, #5714, .T. ) ;
#8616 = CARTESIAN_POINT ( 'NONE',  ( 34.93255404056750990, -41.34363852368017689, -212.7628508690644082 ) ) ;
#8617 = VECTOR ( 'NONE', #4735, 1000.000000000000000 ) ;
#8618 = AXIS2_PLACEMENT_3D ( 'NONE', #1495, #4226, #840 ) ;
#8619 = DIRECTION ( 'NONE',  ( 0.000000000000000000, 0.000000000000000000, 1.000000000000000000 ) ) ;
#8620 = DIRECTION ( 'NONE',  ( 9.060998465867410638E-07, -4.530499232598284613E-06, 0.9999999999893267599 ) ) ;
#8621 = EDGE_LOOP ( 'NONE', ( #6416, #912 ) ) ;
#8622 = CARTESIAN_POINT ( 'NONE',  ( -13.03760287235526327, 15.83862839261801980, -27.25826444001178217 ) ) ;
#8623 = CC_DESIGN_SECURITY_CLASSIFICATION ( #3354, ( #2179 ) ) ;
#8624 = CARTESIAN_POINT ( 'NONE',  ( 15.00000000000000355, 3.234777356430450279, 24.81248959086564909 ) ) ;
#8625 = CARTESIAN_POINT ( 'NONE',  ( -16.73224586145346393, 17.50000000000000000, -47.09818728314396452 ) ) ;
#8626 = EDGE_LOOP ( 'NONE', ( #6532, #2260 ) ) ;
#8627 = ORIENTED_EDGE ( 'NONE', *, *, #4215, .T. ) ;
#8628 = CARTESIAN_POINT ( 'NONE',  ( -17.06974095178198070, 17.50000000000000000, 0.000000000000000000 ) ) ;
#8629 = CARTESIAN_POINT ( 'NONE',  ( 8.967090567590677352, 15.50000000000000000, -58.27046566589351784 ) ) ;
#8630 = ORGANIZATION ( 'NAUO-ORG4', 'UNSPECIFIED', 'UNSPECIFIED' ) ;
#8631 = CARTESIAN_POINT ( 'NONE',  ( -8.545354852477322183, 15.49999999999996980, -58.46817598060963661 ) ) ;
#8632 = CARTESIAN_POINT ( 'NONE',  ( -15.31904557490714502, -42.61692134851980285, -106.3555577121646536 ) ) ;
#8633 = CARTESIAN_POINT ( 'NONE',  ( 12.00596052933699198, 10.90070909621686290, -28.85703240562428462 ) ) ;
#8634 = CARTESIAN_POINT ( 'NONE',  ( -4.080495148926375215, 15.50000000000000000, -61.72628107156462818 ) ) ;
#8635 = DIRECTION ( 'NONE',  ( 0.000000000000000000, -1.000000000000000000, 0.000000000000000000 ) ) ;
#8636 = CARTESIAN_POINT ( 'NONE',  ( -35.00000000000001421, -42.26803355772787540, -216.3246939377609976 ) ) ;
#8637 = CARTESIAN_POINT ( 'NONE',  ( -35.00000000000000711, 5.000000000000000000, 24.00000000000000000 ) ) ;
#8638 = CARTESIAN_POINT ( 'NONE',  ( -33.05902532315089815, -37.30399762601645364, -197.0574892100944737 ) ) ;
#8639 = CARTESIAN_POINT ( 'NONE',  ( -34.93144720612022525, -48.74329729351295981, -198.0052240917725328 ) ) ;
#8640 = CARTESIAN_POINT ( 'NONE',  ( -25.09557645433996598, -53.01622482157233662, -170.7910414112650130 ) ) ;
#8641 = CARTESIAN_POINT ( 'NONE',  ( -30.08238769530832357, -38.61003563897197921, -202.2298383269761075 ) ) ;
#8642 = CARTESIAN_POINT ( 'NONE',  ( 6.121320343559611743, 2.308582335766577565, -67.53720873321456963 ) ) ;
#8643 = ORIENTED_EDGE ( 'NONE', *, *, #6855, .T. ) ;
#8644 = EDGE_CURVE ( 'NONE', #4407, #4775, #8351, .T. ) ;
#8645 = CARTESIAN_POINT ( 'NONE',  ( 9.049999999999997158, -15.00000000000000000, -29.00000000000000000 ) ) ;
#8646 = ORIENTED_EDGE ( 'NONE', *, *, #8970, .T. ) ;
#8647 = DIRECTION ( 'NONE',  ( 0.000000000000000000, 0.000000000000000000, 1.000000000000000000 ) ) ;
#8648 = CARTESIAN_POINT ( 'NONE',  ( 3.949756662329326318, 17.50000000000000000, -62.86288328907002665 ) ) ;
#8649 = CARTESIAN_POINT ( 'NONE',  ( -20.49511948423721819, -45.50169817956041385, -125.0717102119294992 ) ) ;
#8650 = AXIS2_PLACEMENT_3D ( 'NONE', #3760, #5810, #8619 ) ;
#8651 = CARTESIAN_POINT ( 'NONE',  ( -12.72584418032656650, 15.49999999999996980, -27.22059511650122587 ) ) ;
#8652 = CARTESIAN_POINT ( 'NONE',  ( 13.70730094090517781, 17.49999999999999645, -51.51576097872455762 ) ) ;
#8653 = ORIENTED_EDGE ( 'NONE', *, *, #7075, .T. ) ;
#8654 = DIRECTION ( 'NONE',  ( -1.000000000000000000, -0.000000000000000000, -0.000000000000000000 ) ) ;
#8655 = CARTESIAN_POINT ( 'NONE',  ( -31.16532131786767579, -40.60568934009823749, -190.0216795326669512 ) ) ;
#8656 = CARTESIAN_POINT ( 'NONE',  ( -12.12327501451966505, 17.50000000000000355, -54.60498753192980104 ) ) ;
#8657 = VERTEX_POINT ( 'NONE', #5980 ) ;
#8658 = FACE_BOUND ( 'NONE', #3222, .T. ) ;
#8659 = CARTESIAN_POINT ( 'NONE',  ( 17.32783472253104406, 17.50000000000000000, -43.29998667119183864 ) ) ;
#8660 = CARTESIAN_POINT ( 'NONE',  ( 19.41109385618023353, -64.85617162290476756, -152.9999891712203635 ) ) ;
#8661 = ORIENTED_EDGE ( 'NONE', *, *, #8045, .T. ) ;
#8662 = ORIENTED_EDGE ( 'NONE', *, *, #7514, .T. ) ;
#8663 = CARTESIAN_POINT ( 'NONE',  ( -13.02792950068532463, 15.50000000000000355, -27.53098669126712750 ) ) ;
#8664 = EDGE_CURVE ( 'NONE', #3727, #838, #8688, .T. ) ;
#8665 = CARTESIAN_POINT ( 'NONE',  ( 12.38600587733527014, 15.50000000000000355, -52.14104992089855983 ) ) ;
#8666 = CARTESIAN_POINT ( 'NONE',  ( -7.796833828370608011, 15.49999999999996803, -59.27423323626640439 ) ) ;
#8667 = CARTESIAN_POINT ( 'NONE',  ( -20.86064723394893861, -47.43628237894473898, -116.4817619774097039 ) ) ;
#8668 = CARTESIAN_POINT ( 'NONE',  ( -11.46481531397742515, 15.50000000000000355, -26.41464106520412969 ) ) ;
#8669 = CARTESIAN_POINT ( 'NONE',  ( -13.18341321314526127, 17.49999999999999645, -26.28446128894028888 ) ) ;
#8670 = CARTESIAN_POINT ( 'NONE',  ( -3.237940059675682658, 15.50000000000000355, -61.93033082015802648 ) ) ;
#8671 = DIRECTION ( 'NONE',  ( 1.000000000000000000, 0.000000000000000000, 0.000000000000000000 ) ) ;
#8672 = CARTESIAN_POINT ( 'NONE',  ( 15.00000000000000355, -11.95100551087985075, 24.93116144203728979 ) ) ;
#8673 = CARTESIAN_POINT ( 'NONE',  ( -3.493033580112655519E-14, -59.14689936563608086, -141.0875341805037237 ) ) ;
#8674 = CARTESIAN_POINT ( 'NONE',  ( -33.53600874414526345, -37.65068136283608169, -198.4320137554340988 ) ) ;
#8675 = CARTESIAN_POINT ( 'NONE',  ( 12.32783472253303003, 10.49999999999996980, -43.29999120169112103 ) ) ;
#8676 = CIRCLE ( 'NONE', #8945, 15.99999999999998579 ) ;
#8677 = DIRECTION ( 'NONE',  ( 0.000000000000000000, 0.000000000000000000, 1.000000000000000000 ) ) ;
#8678 = CARTESIAN_POINT ( 'NONE',  ( -19.99999999999999289, -20.58249626994753356, -89.42406666850423846 ) ) ;
#8679 = EDGE_CURVE ( 'NONE', #1978, #1703, #226, .T. ) ;
#8680 = CARTESIAN_POINT ( 'NONE',  ( -6.121320343559653487, -2.389880768162969016, -65.82710801658623723 ) ) ;
#8681 = CARTESIAN_POINT ( 'NONE',  ( 7.500000000000000000, -2.499999999999998668, -4.000000000000000888 ) ) ;
#8682 = CARTESIAN_POINT ( 'NONE',  ( 12.68004461650392933, 15.49999999999996803, -26.96439121274153194 ) ) ;
#8683 = AXIS2_PLACEMENT_3D ( 'NONE', #5640, #8583, #2163 ) ;
#8684 = ORIENTED_EDGE ( 'NONE', *, *, #3207, .F. ) ;
#8685 = ADVANCED_FACE ( 'NONE', ( #5206 ), #4101, .T. ) ;
#8686 = SPHERICAL_SURFACE ( 'NONE', #8208, 5.000000000000000000 ) ;
#8687 = ORIENTED_EDGE ( 'NONE', *, *, #5450, .T. ) ;
#8688 = LINE ( 'NONE', #8727, #8062 ) ;
#8689 = CARTESIAN_POINT ( 'NONE',  ( 5.403303422865199934, 17.50000000000000711, -62.38714518791739039 ) ) ;
#8690 = CARTESIAN_POINT ( 'NONE',  ( -20.41990639288030707, -42.79538021394734670, -119.3300546808835492 ) ) ;
#8691 = EDGE_CURVE ( 'NONE', #1408, #6639, #2464, .T. ) ;
#8692 = CARTESIAN_POINT ( 'NONE',  ( -6.000000000000001776, 64.03012059312736426, 21.79740610003051771 ) ) ;
#8693 = CARTESIAN_POINT ( 'NONE',  ( 5.545436385389863609, 15.49999999999996980, -61.20228201890012087 ) ) ;
#8694 = ORIENTED_EDGE ( 'NONE', *, *, #7172, .F. ) ;
#8695 = LINE ( 'NONE', #1796, #1004 ) ;
#8696 = CARTESIAN_POINT ( 'NONE',  ( 15.29014954479450061, -41.30344621117163229, -103.5957483818143174 ) ) ;
#8697 = CARTESIAN_POINT ( 'NONE',  ( -10.68890966603549408, 17.50000000000000000, -57.23037386840464080 ) ) ;
#8698 = ORIENTED_EDGE ( 'NONE', *, *, #8957, .T. ) ;
#8699 = EDGE_CURVE ( 'NONE', #3302, #3617, #6796, .T. ) ;
#8700 = CARTESIAN_POINT ( 'NONE',  ( -14.82499883366511106, 17.51057694855241564, -28.70676916435070680 ) ) ;
#8701 = EDGE_CURVE ( 'NONE', #4093, #3481, #7605, .T. ) ;
#8702 = CARTESIAN_POINT ( 'NONE',  ( 15.00000000000000355, 8.184419670604343722, 25.52033206044445990 ) ) ;
#8703 = VERTEX_POINT ( 'NONE', #1132 ) ;
#8704 = CARTESIAN_POINT ( 'NONE',  ( -16.76811980009430769, 17.50000000000000355, -46.88396831578325674 ) ) ;
#8705 = DIRECTION ( 'NONE',  ( 0.000000000000000000, -1.000000000000000000, 0.000000000000000000 ) ) ;
#8706 = CARTESIAN_POINT ( 'NONE',  ( 9.045740312956054296, 15.50000000000000355, -58.17405054776371998 ) ) ;
#8707 = CARTESIAN_POINT ( 'NONE',  ( -5.279871881532435474, 15.49999999999997335, -61.20630084532746906 ) ) ;
#8708 = CARTESIAN_POINT ( 'NONE',  ( -15.40991172793417974, -46.55733115887164075, -114.6349529217071392 ) ) ;
#8709 = EDGE_CURVE ( 'NONE', #6860, #2284, #4834, .T. ) ;
#8710 = CARTESIAN_POINT ( 'NONE',  ( -11.23360035181207017, 10.86465884945505778, -28.39146837946267965 ) ) ;
#8711 = DIRECTION ( 'NONE',  ( -1.000000000000000000, 0.000000000000000000, -0.000000000000000000 ) ) ;
#8712 = CARTESIAN_POINT ( 'NONE',  ( -11.70010213520871467, 10.49999999999997513, -46.83110228041123690 ) ) ;
#8713 = DIRECTION ( 'NONE',  ( -0.000000000000000000, 0.3420201433256637169, 0.9396926207859102043 ) ) ;
#8714 = ADVANCED_FACE ( 'NONE', ( #491 ), #531, .T. ) ;
#8715 = CARTESIAN_POINT ( 'NONE',  ( 16.65693510432139490, -24.41662694148685731, -68.11399463159852985 ) ) ;
#8716 = CARTESIAN_POINT ( 'NONE',  ( -25.14413624827772864, -29.83147357686564760, -167.7307014985095748 ) ) ;
#8717 = VECTOR ( 'NONE', #6194, 1000.000000000000000 ) ;
#8718 = CARTESIAN_POINT ( 'NONE',  ( 10.95936663362461339, 10.49999999999996803, -50.29774423342718848 ) ) ;
#8719 = DIRECTION ( 'NONE',  ( 0.000000000000000000, 0.000000000000000000, 1.000000000000000000 ) ) ;
#8720 = CARTESIAN_POINT ( 'NONE',  ( 19.99085878858618770, -20.42851675377830389, -70.61566728211177235 ) ) ;
#8721 = CARTESIAN_POINT ( 'NONE',  ( 34.95429813741355218, -50.21066137772857729, -202.7920361046651863 ) ) ;
#8722 = CARTESIAN_POINT ( 'NONE',  ( 12.69818332648635639, 15.49999999999996447, -26.97842917671949081 ) ) ;
#8723 = CARTESIAN_POINT ( 'NONE',  ( 10.89902407079265600, -2.499999999999995115, -27.47153468017368994 ) ) ;
#8724 = ORIENTED_EDGE ( 'NONE', *, *, #3653, .F. ) ;
#8725 = CARTESIAN_POINT ( 'NONE',  ( 36.99999999999999289, -89.93670488367540372, -201.1030720130492284 ) ) ;
#8726 = ORIENTED_EDGE ( 'NONE', *, *, #3207, .T. ) ;
#8727 = CARTESIAN_POINT ( 'NONE',  ( 5.000000000000000000, -2.499999999999998668, -52.45000000000000995 ) ) ;
#8728 = CARTESIAN_POINT ( 'NONE',  ( 3.558480831901788655, 17.49999999999999645, -62.93285717427713166 ) ) ;
#8729 = CIRCLE ( 'NONE', #1578, 2.000000000000003109 ) ;
#8730 = CARTESIAN_POINT ( 'NONE',  ( -20.81573672845577505, -48.06091451229605838, -130.4469170511222273 ) ) ;
#8731 = CARTESIAN_POINT ( 'NONE',  ( 5.638122702123022023, 17.50000000000000000, -62.27812295711830615 ) ) ;
#8732 = CARTESIAN_POINT ( 'NONE',  ( 6.000000000000000000, 47.86977054368165341, -26.53168124802698813 ) ) ;
#8733 = CARTESIAN_POINT ( 'NONE',  ( 4.730696666176189780, 15.49999999999997335, -61.58501915279232719 ) ) ;
#8734 = ORIENTED_EDGE ( 'NONE', *, *, #3488, .F. ) ;
#8735 = CARTESIAN_POINT ( 'NONE',  ( 7.500000000000000000, -2.499999999999998668, -4.000000000000000888 ) ) ;
#8736 = CARTESIAN_POINT ( 'NONE',  ( 12.70400739730278517, 15.50498402816004173, -26.69717119656860760 ) ) ;
#8737 = CARTESIAN_POINT ( 'NONE',  ( 20.74795622022076458, -44.56496889793977800, -110.4486993713507275 ) ) ;
#8738 = B_SPLINE_CURVE_WITH_KNOTS ( 'NONE', 3,
 ( #189, #8525, #7135, #2990, #5087, #2112, #5132, #7185, #8013, #1665, #922, #415, #7362, #6543, #6497, #1013, #7273, #371, #4487, #6631, #4446, #8655, #277, #7232 ),
 .UNSPECIFIED., .F., .F.,
 ( 4, 2, 2, 2, 2, 2, 2, 2, 2, 2, 2, 4 ),
 ( 1.430489624538199204E-17, 0.03302165192392537973, 0.04953247788588807654, 0.05366018437637876809, 0.05572403762162413121, 0.05778789086686950127, 0.06604330384785112029, 0.08255412980981437221, 0.09080954279079600511, 0.09906495577177762413, 0.1155757817337408899, 0.1320866076957041557 ),
 .UNSPECIFIED. ) ;
#8739 = CARTESIAN_POINT ( 'NONE',  ( -10.15556024076520636, 17.50000000000000711, -58.02420718052960069 ) ) ;
#8740 = ORIENTED_EDGE ( 'NONE', *, *, #3430, .T. ) ;
#8741 = CARTESIAN_POINT ( 'NONE',  ( -15.00240574293443174, -6.001819538171618618, -75.75082822763786794 ) ) ;
#8742 = ADVANCED_FACE ( 'NONE', ( #1311 ), #3633, .F. ) ;
#8743 = DIRECTION ( 'NONE',  ( 0.000000000000000000, 0.000000000000000000, 1.000000000000000000 ) ) ;
#8744 = EDGE_LOOP ( 'NONE', ( #5400, #3842, #6402, #3197, #8898, #152 ) ) ;
#8745 = CARTESIAN_POINT ( 'NONE',  ( -15.94408067897725267, 17.50000000000000355, -50.38566671060780777 ) ) ;
#8746 = ORIENTED_EDGE ( 'NONE', *, *, #3710, .F. ) ;
#8747 = LINE ( 'NONE', #5271, #4661 ) ;
#8748 = CARTESIAN_POINT ( 'NONE',  ( 5.599535500883745520, 15.50000000000000000, -61.17366796013072161 ) ) ;
#8749 = ORIENTED_EDGE ( 'NONE', *, *, #5227, .T. ) ;
#8750 = ADVANCED_FACE ( 'NONE', ( #7795 ), #2912, .T. ) ;
#8751 = CARTESIAN_POINT ( 'NONE',  ( 30.62053960051004253, -39.09445985924954670, -204.1729247239633196 ) ) ;
#8752 = CARTESIAN_POINT ( 'NONE',  ( -9.763242619720596593, -17.50000000000000000, -61.60643515537041282 ) ) ;
#8753 = EDGE_CURVE ( 'NONE', #838, #9050, #1880, .T. ) ;
#8754 = CARTESIAN_POINT ( 'NONE',  ( -13.09863665926824972, 17.50000000000000355, -26.20722140394234501 ) ) ;
#8755 = CARTESIAN_POINT ( 'NONE',  ( 11.01657648003692103, -2.499999999999995115, -51.48488359320921859 ) ) ;
#8756 = CARTESIAN_POINT ( 'NONE',  ( -11.92394861406115147, 10.49999999999997158, -45.50454013528942454 ) ) ;
#8757 = VERTEX_POINT ( 'NONE', #6327 ) ;
#8758 = DIRECTION ( 'NONE',  ( 3.122502256758252770E-15, -1.000000000000000000, 0.000000000000000000 ) ) ;
#8759 = LOCAL_TIME ( 17, 12, 35.00000000000000000, #5005 ) ;
#8760 = FACE_OUTER_BOUND ( 'NONE', #8225, .T. ) ;
#8761 = EDGE_CURVE ( 'NONE', #1935, #7348, #7151, .T. ) ;
#8762 = CARTESIAN_POINT ( 'NONE',  ( 2.628829549486175310, 17.50000000000000000, -64.99999999999771205 ) ) ;
#8763 = APPROVAL ( #7542, 'UNKNOWN' ) ;
#8764 = CARTESIAN_POINT ( 'NONE',  ( -19.96154872784484624, -20.74379386329921715, -70.52468555909918280 ) ) ;
#8765 = CARTESIAN_POINT ( 'NONE',  ( 34.99999999999998579, -43.93923155489100196, -215.7164276112283119 ) ) ;
#8766 = CARTESIAN_POINT ( 'NONE',  ( 12.77276225802298448, 15.49999999999997335, -27.03744393511016142 ) ) ;
#8767 = CARTESIAN_POINT ( 'NONE',  ( 34.99999999999999289, -42.95207384437923537, -218.2040791793328651 ) ) ;
#8768 = EDGE_LOOP ( 'NONE', ( #5174, #4684, #2966, #8198 ) ) ;
#8769 = DIRECTION ( 'NONE',  ( 1.000000000000000000, 0.000000000000000000, -3.502199266937863759E-14 ) ) ;
#8770 = CARTESIAN_POINT ( 'NONE',  ( 6.779299930194548907, 17.50000000000000000, -61.62241564428035900 ) ) ;
#8771 = CARTESIAN_POINT ( 'NONE',  ( 20.36877076607493464, -11.82963479639511029, -98.20633979914211409 ) ) ;
#8772 = CARTESIAN_POINT ( 'NONE',  ( -20.87034348174423570, -47.68245736174601745, -116.9990127384881617 ) ) ;
#8773 = CARTESIAN_POINT ( 'NONE',  ( 8.180775553648047094, -17.50000000000000000, -63.10280986974474615 ) ) ;
#8774 = CARTESIAN_POINT ( 'NONE',  ( -1.695068644717676376, -0.1910527894161366813, -65.25255042685741103 ) ) ;
#8775 = VECTOR ( 'NONE', #3229, 1000.000000000000000 ) ;
#8776 = EDGE_LOOP ( 'NONE', ( #6684, #599, #5086, #7305 ) ) ;
#8777 = EDGE_LOOP ( 'NONE', ( #7092, #420, #720, #1118 ) ) ;
#8778 = CARTESIAN_POINT ( 'NONE',  ( 34.80518100882124344, -79.09276859167695761, -188.5010838278686549 ) ) ;
#8779 = CARTESIAN_POINT ( 'NONE',  ( 15.05699896615480426, -29.48205783805717317, -78.75722879195262749 ) ) ;
#8780 = CARTESIAN_POINT ( 'NONE',  ( -11.77538128906583204, 17.50000000000000711, -55.30953722524039762 ) ) ;
#8781 = B_SPLINE_CURVE_WITH_KNOTS ( 'NONE', 3,
 ( #2675, #1994, #2228, #4978, #121, #7761, #4830, #74, #2863, #760, #8500, #5560, #4186, #2130, #2083, #5511, #3549, #7113, #7657, #2771, #5024, #4240, #6929, #6192, #5693, #3593, #8359, #2718, #6293, #3504 ),
 .UNSPECIFIED., .F., .F.,
 ( 4, 2, 2, 2, 2, 2, 2, 2, 2, 2, 2, 2, 2, 2, 4 ),
 ( 0.000000000000000000, 0.002593082537717820817, 0.005186165075435641633, 0.007779247613153463317, 0.01037233015087128327, 0.01166887141973018543, 0.01296541268858908587, 0.01426195395744798804, 0.01555849522630688674, 0.01685503649516579064, 0.01750330712959524346, 0.01815157776402469628, 0.01879984839845414910, 0.01944811903288360191, 0.02074466030174250755 ),
 .UNSPECIFIED. ) ;
#8782 = AXIS2_PLACEMENT_3D ( 'NONE', #8449, #7807, #1360 ) ;
#8783 = CARTESIAN_POINT ( 'NONE',  ( 13.84151601504960105, 15.50000000000000355, -28.33470596345201287 ) ) ;
#8784 = EDGE_CURVE ( 'NONE', #7240, #2950, #157, .T. ) ;
#8785 = DIRECTION ( 'NONE',  ( -0.000000000000000000, 1.000000000000000000, -0.000000000000000000 ) ) ;
#8786 = ORIENTED_EDGE ( 'NONE', *, *, #7858, .F. ) ;
#8787 = CARTESIAN_POINT ( 'NONE',  ( -14.73722488037659595, 17.50000000000000355, -53.67418348189094957 ) ) ;
#8788 = ORIENTED_EDGE ( 'NONE', *, *, #2948, .T. ) ;
#8789 = DIRECTION ( 'NONE',  ( -1.000000000000000000, 0.000000000000000000, -0.000000000000000000 ) ) ;
#8790 = CARTESIAN_POINT ( 'NONE',  ( 8.049736219960392347, 15.50000000000000178, -59.28201911076165942 ) ) ;
#8791 = ORIENTED_EDGE ( 'NONE', *, *, #6893, .T. ) ;
#8792 = ADVANCED_FACE ( 'NONE', ( #5228 ), #7890, .T. ) ;
#8793 = CARTESIAN_POINT ( 'NONE',  ( -11.42379512235950401, 15.50000000000000711, -26.39793198146655229 ) ) ;
#8794 = CARTESIAN_POINT ( 'NONE',  ( 6.121320343559611743, -2.389880768162973901, -65.82710801658625144 ) ) ;
#8795 = CARTESIAN_POINT ( 'NONE',  ( -12.67948097095499271, 15.49999999999997335, -27.17814162942459433 ) ) ;
#8796 = ADVANCED_FACE ( 'NONE', ( #2913 ), #1688, .T. ) ;
#8797 = CARTESIAN_POINT ( 'NONE',  ( -7.954772100445993921, 15.50000000000000000, -59.11699281874611955 ) ) ;
#8798 = ORIENTED_EDGE ( 'NONE', *, *, #4007, .T. ) ;
#8799 = CARTESIAN_POINT ( 'NONE',  ( 29.00041769075026821, -80.89787048455798413, -186.3019165546986358 ) ) ;
#8800 = DIRECTION ( 'NONE',  ( -0.000000000000000000, 1.000000000000000000, -0.000000000000000000 ) ) ;
#8801 = EDGE_CURVE ( 'NONE', #1761, #2950, #2964, .T. ) ;
#8802 = CARTESIAN_POINT ( 'NONE',  ( -35.00000000000000711, -88.05731964210357887, -201.7871122997005955 ) ) ;
#8803 = LINE ( 'NONE', #4695, #7404 ) ;
#8804 = CARTESIAN_POINT ( 'NONE',  ( 35.00000000000001421, -63.20511211373733573, -198.0624428261215542 ) ) ;
#8805 = CARTESIAN_POINT ( 'NONE',  ( -11.91935274067597739, 10.96358804885251637, -46.75165291694619896 ) ) ;
#8806 = VECTOR ( 'NONE', #5068, 999.9999999999998863 ) ;
#8807 = B_SPLINE_CURVE_WITH_KNOTS ( 'NONE', 3,
 ( #7111, #759, #3691, #3642, #7950, #7017 ),
 .UNSPECIFIED., .F., .F.,
 ( 4, 2, 4 ),
 ( 0.000000000000000000, 0.002506699973492045475, 0.005013399946984090950 ),
 .UNSPECIFIED. ) ;
#8808 = CARTESIAN_POINT ( 'NONE',  ( -14.06970171764777611, 15.50000000000000178, -43.30001061052171707 ) ) ;
#8809 = CARTESIAN_POINT ( 'NONE',  ( -35.00000000000000711, 5.000000000000000000, 24.00000000000000000 ) ) ;
#8810 = EDGE_LOOP ( 'NONE', ( #3332, #8360, #5037, #5169 ) ) ;
#8811 = CARTESIAN_POINT ( 'NONE',  ( 30.08284983775125099, -38.61023685740942568, -202.2306136540498755 ) ) ;
#8812 = CARTESIAN_POINT ( 'NONE',  ( 11.51271932833660827, 17.50000000000000355, -56.28631036507378838 ) ) ;
#8813 = CARTESIAN_POINT ( 'NONE',  ( 20.17069249523612484, -8.770626751360133255, -86.41948872330640086 ) ) ;
#8814 = AXIS2_PLACEMENT_3D ( 'NONE', #5491, #8289, #7592 ) ;
#8815 = CARTESIAN_POINT ( 'NONE',  ( 7.500000000000000000, -2.499999999999998668, -26.00000000000000355 ) ) ;
#8816 = VECTOR ( 'NONE', #6920, 999.9999999999998863 ) ;
#8817 = DIRECTION ( 'NONE',  ( -1.000000000000000000, -0.000000000000000000, -0.000000000000000000 ) ) ;
#8818 = ORIENTED_EDGE ( 'NONE', *, *, #1647, .T. ) ;
#8819 = ORIENTED_EDGE ( 'NONE', *, *, #8434, .T. ) ;
#8820 = CARTESIAN_POINT ( 'NONE',  ( -6.861258790610182956, 15.50000000000000711, -60.11965837600758533 ) ) ;
#8821 = EDGE_CURVE ( 'NONE', #3833, #7682, #4282, .T. ) ;
#8822 = CARTESIAN_POINT ( 'NONE',  ( 26.99289444797138771, -69.44450235593465948, -162.5700228195284467 ) ) ;
#8823 = CARTESIAN_POINT ( 'NONE',  ( -6.894941786407479789, 17.50000000000000000, -61.36011085437993273 ) ) ;
#8824 = CARTESIAN_POINT ( 'NONE',  ( 12.32784698211520791, 10.49999999999996980, -56.83004762041264257 ) ) ;
#8825 = CARTESIAN_POINT ( 'NONE',  ( 11.17326186951665257, 11.68559379122581987, -27.78337851938611180 ) ) ;
#8826 = CARTESIAN_POINT ( 'NONE',  ( -10.56912579294690424, 10.49999999999996980, -28.20940320629808795 ) ) ;
#8827 = DATE_AND_TIME ( #8505, #1888 ) ;
#8828 = CARTESIAN_POINT ( 'NONE',  ( 17.04127737375139517, 17.50000000000000355, -46.79115126423558024 ) ) ;
#8829 = VERTEX_POINT ( 'NONE', #5525 ) ;
#8830 = CARTESIAN_POINT ( 'NONE',  ( -15.29008949348528823, -41.33995550717165202, -103.6724599181656146 ) ) ;
#8831 = EDGE_LOOP ( 'NONE', ( #6768, #1713, #2759, #1606 ) ) ;
#8832 = CARTESIAN_POINT ( 'NONE',  ( 4.706341419905245793, -17.50000000000000000, -64.74424874271034014 ) ) ;
#8833 = CARTESIAN_POINT ( 'NONE',  ( -34.99124897397938838, -55.87704504846986708, -200.7296411125840336 ) ) ;
#8834 = ORIENTED_EDGE ( 'NONE', *, *, #5855, .T. ) ;
#8835 = CARTESIAN_POINT ( 'NONE',  ( -15.05443664267099457, 17.49999999999999645, -29.84055467677591622 ) ) ;
#8836 = CARTESIAN_POINT ( 'NONE',  ( -11.69897425704153271, 3.999999999999987121, -27.50447166913522778 ) ) ;
#8837 = CARTESIAN_POINT ( 'NONE',  ( -13.49724702980063107, 15.49999999999999822, -47.95426592143902411 ) ) ;
#8838 = ADVANCED_FACE ( 'NONE', ( #900 ), #2248, .T. ) ;
#8839 = ORIENTED_EDGE ( 'NONE', *, *, #1552, .T. ) ;
#8840 = CARTESIAN_POINT ( 'NONE',  ( 10.05022618317710936, -32.49516034968974765, -85.08821153266549686 ) ) ;
#8841 = CARTESIAN_POINT ( 'NONE',  ( 8.257981394829023714, 10.49999999999996803, -55.86678867224179612 ) ) ;
#8842 = B_SPLINE_CURVE_WITH_KNOTS ( 'NONE', 3,
 ( #2669, #523, #2538, #3185 ),
 .UNSPECIFIED., .F., .F.,
 ( 4, 4 ),
 ( 5.485677294651095664E-18, 0.004927724795033634059 ),
 .UNSPECIFIED. ) ;
#8843 = CARTESIAN_POINT ( 'NONE',  ( -12.06072688338947430, 10.49999999999997158, -30.07202130461127609 ) ) ;
#8844 = CARTESIAN_POINT ( 'NONE',  ( 11.46900940752817277, 10.49999999999997158, -28.55502417207193133 ) ) ;
#8845 = CARTESIAN_POINT ( 'NONE',  ( -12.22490537463287730, 10.94206435718207615, -29.93092495305234735 ) ) ;
#8846 = CARTESIAN_POINT ( 'NONE',  ( 12.70187275327325338, 15.49999999999996270, -26.98128614456643248 ) ) ;
#8847 = CYLINDRICAL_SURFACE ( 'NONE', #4408, 1.299999999999988720 ) ;
#8848 = DIRECTION ( 'NONE',  ( -1.040834085586084257E-15, -0.9878266396858752518, -0.1555587667954209941 ) ) ;
#8849 = ORIENTED_EDGE ( 'NONE', *, *, #4768, .F. ) ;
#8850 = CARTESIAN_POINT ( 'NONE',  ( -12.01501850199806931, 17.50000000000000000, -58.86901677209776551 ) ) ;
#8851 = AXIS2_PLACEMENT_3D ( 'NONE', #312, #867, #955 ) ;
#8852 = CARTESIAN_POINT ( 'NONE',  ( 10.64467969019360893, 17.50000000000000711, -57.69173282434786643 ) ) ;
#8853 = CARTESIAN_POINT ( 'NONE',  ( 20.00000000000000355, -20.09581201526946259, -70.62636224981368116 ) ) ;
#8854 = CARTESIAN_POINT ( 'NONE',  ( 8.662094259654159245, -17.50000000000000000, -62.73959848911733417 ) ) ;
#8855 = DIRECTION ( 'NONE',  ( 0.000000000000000000, 0.000000000000000000, 1.000000000000000000 ) ) ;
#8856 = CC_DESIGN_PERSON_AND_ORGANIZATION_ASSIGNMENT ( #834, #7641, ( #4070 ) ) ;
#8857 = VERTEX_POINT ( 'NONE', #992 ) ;
#8858 = ORIENTED_EDGE ( 'NONE', *, *, #6412, .F. ) ;
#8859 = CARTESIAN_POINT ( 'NONE',  ( 1.695068644717338424, -0.1910527894164623375, -65.25255042685766682 ) ) ;
#8860 = CARTESIAN_POINT ( 'NONE',  ( 11.00000000000000000, 3.670556070168784046, 29.79346308132436860 ) ) ;
#8861 = CARTESIAN_POINT ( 'NONE',  ( 15.42163830043052997, -47.04988100985100630, -115.6698744331566360 ) ) ;
#8862 = CARTESIAN_POINT ( 'NONE',  ( 10.44887986662967805, 15.50000000000000178, -56.12936555695208085 ) ) ;
#8863 = CARTESIAN_POINT ( 'NONE',  ( -4.137585857579492377, 15.49999999999997868, -61.70657609333598970 ) ) ;
#8864 = CARTESIAN_POINT ( 'NONE',  ( 2.628825013707253966, -2.499999999999995115, -60.19999999999958362 ) ) ;
#8865 = CARTESIAN_POINT ( 'NONE',  ( -19.99999999999999645, -19.66536980400483969, -54.81503604933588036 ) ) ;
#8866 = EDGE_CURVE ( 'NONE', #7916, #4393, #2031, .T. ) ;
#8867 = PERSON_AND_ORGANIZATION ( #5299, #8168 ) ;
#8868 = VECTOR ( 'NONE', #4596, 1000.000000000000227 ) ;
#8869 = CC_DESIGN_DATE_AND_TIME_ASSIGNMENT ( #3237, #4659, ( #8173 ) ) ;
#8870 = DIRECTION ( 'NONE',  ( 0.000000000000000000, 0.000000000000000000, 1.000000000000000000 ) ) ;
#8871 = ORIENTED_EDGE ( 'NONE', *, *, #8421, .T. ) ;
#8872 = DIRECTION ( 'NONE',  ( -0.000000000000000000, 1.000000000000000000, -0.000000000000000000 ) ) ;
#8873 = EDGE_LOOP ( 'NONE', ( #4562, #7145, #5089 ) ) ;
#8874 = CARTESIAN_POINT ( 'NONE',  ( -17.06974095178198070, 17.50000000000000000, 0.000000000000000000 ) ) ;
#8875 = CARTESIAN_POINT ( 'NONE',  ( -35.00000000000004974, -47.44893420663385086, -214.4390003148687072 ) ) ;
#8876 = CARTESIAN_POINT ( 'NONE',  ( 35.00000000000001421, -61.45764732152529319, -193.3775791335350220 ) ) ;
#8877 = ORIENTED_EDGE ( 'NONE', *, *, #4007, .F. ) ;
#8878 = CIRCLE ( 'NONE', #1448, 180.2684435961459712 ) ;
#8879 = CARTESIAN_POINT ( 'NONE',  ( -14.14698676965726243, 17.50000000000000000, -27.34244373142647078 ) ) ;
#8880 = DIRECTION ( 'NONE',  ( 0.000000000000000000, 0.000000000000000000, 1.000000000000000000 ) ) ;
#8881 = CARTESIAN_POINT ( 'NONE',  ( -13.31496679078346013, 15.50000000000000000, -48.67648814120151712 ) ) ;
#8882 = ORIENTED_EDGE ( 'NONE', *, *, #6880, .T. ) ;
#8883 = CARTESIAN_POINT ( 'NONE',  ( 20.00000000000000355, -170.2684435961459712, -6.522560269672794675E-13 ) ) ;
#8884 = CARTESIAN_POINT ( 'NONE',  ( -30.01735572801324281, -38.70205173035016344, -202.6118176170287768 ) ) ;
#8885 = CIRCLE ( 'NONE', #4807, 2.999999999999998224 ) ;
#8886 = AXIS2_PLACEMENT_3D ( 'NONE', #4569, #1911, #3151 ) ;
#8887 = CARTESIAN_POINT ( 'NONE',  ( -12.06970486774339157, 10.49999999999996625, -30.18565666120452917 ) ) ;
#8888 = CARTESIAN_POINT ( 'NONE',  ( 10.49083186685115265, 10.49999999999996803, -28.11962700986745034 ) ) ;
#8889 = FACE_OUTER_BOUND ( 'NONE', #2051, .T. ) ;
#8890 = CC_DESIGN_SECURITY_CLASSIFICATION ( #3070, ( #9053 ) ) ;
#8891 = CARTESIAN_POINT ( 'NONE',  ( -5.000000000000000000, -2.499999999999998668, -54.00000000000000711 ) ) ;
#8892 = DIRECTION ( 'NONE',  ( 0.000000000000000000, -0.9396926207859095381, -0.3420201433256654378 ) ) ;
#8893 = DIRECTION ( 'NONE',  ( -0.000000000000000000, 0.3420201433256680468, 0.9396926207859086499 ) ) ;
#8894 = CARTESIAN_POINT ( 'NONE',  ( 8.055757958404651475, 15.49999999999996980, -59.27347505410001816 ) ) ;
#8895 =( REPRESENTATION_RELATIONSHIP ('NONE','NONE', #4621, #6776 ) REPRESENTATION_RELATIONSHIP_WITH_TRANSFORMATION ( #2980 )SHAPE_REPRESENTATION_RELATIONSHIP( ) );
#8896 = EDGE_LOOP ( 'NONE', ( #3449, #1571, #8128, #928 ) ) ;
#8897 = LINE ( 'NONE', #3232, #7338 ) ;
#8898 = ORIENTED_EDGE ( 'NONE', *, *, #2593, .F. ) ;
#8899 = CARTESIAN_POINT ( 'NONE',  ( -14.98086661421968557, 17.50000000000000355, -45.14676864331834594 ) ) ;
#8900 = CARTESIAN_POINT ( 'NONE',  ( -5.286330399746653974, 17.50000000000000000, -64.48850942922577190 ) ) ;
#8901 = CARTESIAN_POINT ( 'NONE',  ( 12.41530651450254830, 17.49999999999999645, -54.53462247983824795 ) ) ;
#8902 = CARTESIAN_POINT ( 'NONE',  ( 14.99564422985097423, -5.669977636569589308, -74.47218789142922901 ) ) ;
#8903 = CARTESIAN_POINT ( 'NONE',  ( 8.180775553648047094, 17.50000000000000000, -63.10280986974474615 ) ) ;
#8904 = CARTESIAN_POINT ( 'NONE',  ( 13.71073567027033313, 17.50000000000000355, -26.52925985517066110 ) ) ;
#8905 = ORIENTED_EDGE ( 'NONE', *, *, #6250, .F. ) ;
#8906 = ADVANCED_FACE ( 'NONE', ( #6784, #2624 ), #479, .F. ) ;
#8907 = VERTEX_POINT ( 'NONE', #6138 ) ;
#8908 = CARTESIAN_POINT ( 'NONE',  ( -6.569067130381209374, 15.50000000000000000, -60.35313841052633421 ) ) ;
#8909 = CARTESIAN_POINT ( 'NONE',  ( 15.00000000000000711, -6.001819538171618618, -75.75082822763786794 ) ) ;
#8910 = CARTESIAN_POINT ( 'NONE',  ( 34.37127695920905524, -75.86993416921129096, -186.8278136238111244 ) ) ;
#8911 = CARTESIAN_POINT ( 'NONE',  ( -6.974621942728728818, 17.50000000000000355, -61.30156341823074939 ) ) ;
#8912 = CARTESIAN_POINT ( 'NONE',  ( -5.356852992622850529, 15.49999999999996980, -61.16420398473380260 ) ) ;
#8913 = AXIS2_PLACEMENT_3D ( 'NONE', #1503, #7204, #7755 ) ;
#8914 = CARTESIAN_POINT ( 'NONE',  ( -4.299591355720548513, -2.499999999999995115, -60.03301730895790911 ) ) ;
#8915 = CARTESIAN_POINT ( 'NONE',  ( 13.99605263313199899, 15.50000000000000355, -28.65944807029792685 ) ) ;
#8916 = AXIS2_PLACEMENT_3D ( 'NONE', #1010, #2552, #7361 ) ;
#8917 = SECURITY_CLASSIFICATION_LEVEL ( 'unclassified' ) ;
#8918 = CARTESIAN_POINT ( 'NONE',  ( 14.52674389407793321, 17.50000000000000000, -54.73872780834233254 ) ) ;
#8919 = ORIENTED_EDGE ( 'NONE', *, *, #883, .F. ) ;
#8920 = CARTESIAN_POINT ( 'NONE',  ( 20.46229130637114935, -25.29852042863999273, -128.5144560163324456 ) ) ;
#8921 = VERTEX_POINT ( 'NONE', #5369 ) ;
#8922 = CARTESIAN_POINT ( 'NONE',  ( 29.68410705484170720, -38.48283812885107125, -201.7397258176133334 ) ) ;
#8923 = VECTOR ( 'NONE', #403, 1000.000000000000000 ) ;
#8924 = CARTESIAN_POINT ( 'NONE',  ( -35.00000000000001421, -59.59579793292770233, -199.3761257540504062 ) ) ;
#8925 = DIRECTION ( 'NONE',  ( -0.000000000000000000, -1.000000000000000000, 0.000000000000000000 ) ) ;
#8926 = VERTEX_POINT ( 'NONE', #7515 ) ;
#8927 = CARTESIAN_POINT ( 'NONE',  ( -95.86062219793510053, -77.17674444078687657, -213.8225014159698105 ) ) ;
#8928 = AXIS2_PLACEMENT_3D ( 'NONE', #8381, #4262, #2938 ) ;
#8929 = CARTESIAN_POINT ( 'NONE',  ( -13.90579602975735440, 17.50000000000002132, -27.01938573573238145 ) ) ;
#8930 = CARTESIAN_POINT ( 'NONE',  ( 10.89905067253805271, 10.99999999999998401, -56.83004891504476319 ) ) ;
#8931 = CARTESIAN_POINT ( 'NONE',  ( -11.72586755177121276, 15.50000000000000000, -53.07730462274849970 ) ) ;
#8932 = EDGE_LOOP ( 'NONE', ( #5937, #5680 ) ) ;
#8933 = CARTESIAN_POINT ( 'NONE',  ( 34.12747081003998773, -84.96053244043866925, -194.8381819571307005 ) ) ;
#8934 = CARTESIAN_POINT ( 'NONE',  ( -10.70022328147024915, 10.49999999999997868, -28.26273798565064155 ) ) ;
#8935 = CARTESIAN_POINT ( 'NONE',  ( 11.65868017058820882, 10.49999999999996803, -28.71866409227664008 ) ) ;
#8936 = LINE ( 'NONE', #4042, #2589 ) ;
#8937 = CARTESIAN_POINT ( 'NONE',  ( 6.000000000000000000, 5.341861949834027179, -59.03741846139573113 ) ) ;
#8938 = CARTESIAN_POINT ( 'NONE',  ( 12.58794222715750166, 15.49999999999996447, -51.64066832730301826 ) ) ;
#8939 = CARTESIAN_POINT ( 'NONE',  ( -6.000000000000000000, 57.18184671051506029, -29.09443944768759849 ) ) ;
#8940 = EDGE_LOOP ( 'NONE', ( #5406, #5571, #5896, #8233, #4751 ) ) ;
#8941 = CARTESIAN_POINT ( 'NONE',  ( 12.52782294323494128, -2.499999999999995115, -30.29999102047650084 ) ) ;
#8942 = CARTESIAN_POINT ( 'NONE',  ( -2.370661744665771398, -17.50000000000000000, -64.99999999999958789 ) ) ;
#8943 = CARTESIAN_POINT ( 'NONE',  ( 8.378648503303537609, 17.50000000000001776, -60.34871042498035365 ) ) ;
#8944 = CARTESIAN_POINT ( 'NONE',  ( 7.500000000000000000, -15.00000000000000000, -29.00000000000000000 ) ) ;
#8945 = AXIS2_PLACEMENT_3D ( 'NONE', #503, #3339, #6211 ) ;
#8946 = PLANE ( 'NONE',  #1487 ) ;
#8947 = CARTESIAN_POINT ( 'NONE',  ( 14.19884248432267704, 17.49999999999999645, -27.06470947756998768 ) ) ;
#8948 = DIRECTION ( 'NONE',  ( 0.000000000000000000, 0.000000000000000000, 1.000000000000000000 ) ) ;
#8949 = EDGE_CURVE ( 'NONE', #6669, #8703, #4660, .T. ) ;
#8950 = VERTEX_POINT ( 'NONE', #3184 ) ;
#8951 = CARTESIAN_POINT ( 'NONE',  ( 2.400493537539104771, 0.6513731139794769476, -64.57513155103897873 ) ) ;
#8952 = CARTESIAN_POINT ( 'NONE',  ( -14.99999999999999645, 3.670556070168784046, 29.79346308132436860 ) ) ;
#8953 = CARTESIAN_POINT ( 'NONE',  ( 21.93850086501740293, -53.19787138420252148, -141.1388216609296080 ) ) ;
#8954 = AXIS2_PLACEMENT_3D ( 'NONE', #8520, #1431, #2150 ) ;
#8955 = CARTESIAN_POINT ( 'NONE',  ( 10.81216382692101163, 15.50000000000000178, -55.48542556482153998 ) ) ;
#8956 = CARTESIAN_POINT ( 'NONE',  ( -4.783273716368755757, 15.49999999999997868, -61.45345108944840007 ) ) ;
#8957 = EDGE_CURVE ( 'NONE', #8342, #2607, #3644, .T. ) ;
#8958 = FACE_OUTER_BOUND ( 'NONE', #3308, .T. ) ;
#8959 = CARTESIAN_POINT ( 'NONE',  ( 11.48442648358321527, 12.46350575065915933, -27.59572181177552253 ) ) ;
#8960 = CARTESIAN_POINT ( 'NONE',  ( -13.52014071338583179, 15.50000000000000000, -28.22024198773226544 ) ) ;
#8961 = COORDINATED_UNIVERSAL_TIME_OFFSET ( 8, 0, .AHEAD. ) ;
#8962 = CARTESIAN_POINT ( 'NONE',  ( 15.06022004293133776, 17.50000000000000355, -53.52070726695060898 ) ) ;
#8963 = ORIENTED_EDGE ( 'NONE', *, *, #2819, .F. ) ;
#8964 = CARTESIAN_POINT ( 'NONE',  ( 20.32607402031034738, -22.12211367859524813, -116.5498851939880041 ) ) ;
#8965 = EDGE_LOOP ( 'NONE', ( #328, #2443, #7680, #4160, #670 ) ) ;
#8966 = CARTESIAN_POINT ( 'NONE',  ( -7.500000000000000000, -15.00000000000000000, -27.45000000000000284 ) ) ;
#8967 = VECTOR ( 'NONE', #685, 1000.000000000000000 ) ;
#8968 = EDGE_CURVE ( 'NONE', #3671, #4187, #8885, .T. ) ;
#8969 = CARTESIAN_POINT ( 'NONE',  ( -34.90794118389609935, -85.21480973182111995, -195.3724568903211889 ) ) ;
#8970 = EDGE_CURVE ( 'NONE', #3926, #537, #4693, .T. ) ;
#8971 = CARTESIAN_POINT ( 'NONE',  ( 25.67619468443069763, -37.01455149378335108, -176.6151742010320902 ) ) ;
#8972 = ORIENTED_EDGE ( 'NONE', *, *, #1274, .F. ) ;
#8973 = PERSON_AND_ORGANIZATION_ROLE ( 'creator' ) ;
#8974 = CARTESIAN_POINT ( 'NONE',  ( -14.76948783591208070, 17.50000000000000000, -28.55809519250046336 ) ) ;
#8975 = DIRECTION ( 'NONE',  ( 0.000000000000000000, 0.000000000000000000, -1.000000000000000000 ) ) ;
#8976 = FACE_OUTER_BOUND ( 'NONE', #4642, .T. ) ;
#8977 = VERTEX_POINT ( 'NONE', #567 ) ;
#8978 = CARTESIAN_POINT ( 'NONE',  ( 30.01669181243404338, -81.06671324566156045, -186.6566806565885770 ) ) ;
#8979 = EDGE_CURVE ( 'NONE', #7069, #8757, #3490, .T. ) ;
#8980 = CARTESIAN_POINT ( 'NONE',  ( -10.71023036070172552, 10.49999999999996980, -28.26684477935436490 ) ) ;
#8981 = CARTESIAN_POINT ( 'NONE',  ( 11.14902644477996496, 10.49999999999997158, -28.35037199735520375 ) ) ;
#8982 = ADVANCED_FACE ( 'NONE', ( #2577 ), #3362, .T. ) ;
#8983 = CARTESIAN_POINT ( 'NONE',  ( 34.93255404056750990, -41.34363852368017689, -212.7628508690644082 ) ) ;
#8984 = CARTESIAN_POINT ( 'NONE',  ( 7.500000000000000000, -15.00000000000000000, -26.00000000000000355 ) ) ;
#8985 = CARTESIAN_POINT ( 'NONE',  ( -9.458166368154296677, 11.00271973647328672, -53.69269625837659277 ) ) ;
#8986 = CARTESIAN_POINT ( 'NONE',  ( 8.314291536565018959, 15.49999999999996447, -59.01144093957166348 ) ) ;
#8987 = CARTESIAN_POINT ( 'NONE',  ( 8.924284225535464188, 5.828220531111453440, 29.60469190129910899 ) ) ;
#8988 = ORIENTED_EDGE ( 'NONE', *, *, #4384, .T. ) ;
#8989 = CARTESIAN_POINT ( 'NONE',  ( -10.69897425704220417, 10.49999999999996980, -27.50447076303537131 ) ) ;
#8990 = CARTESIAN_POINT ( 'NONE',  ( -4.717761877442185003, -17.50000000000000000, -64.67135549331895561 ) ) ;
#8991 = CARTESIAN_POINT ( 'NONE',  ( -7.525432322881798974, 17.49999999999999289, -60.86863526532911806 ) ) ;
#8992 = CARTESIAN_POINT ( 'NONE',  ( 22.74062984288342548, -32.11485283795062173, -155.0676808105751832 ) ) ;
#8993 = VECTOR ( 'NONE', #5234, 1000.000000000000114 ) ;
#8994 = CARTESIAN_POINT ( 'NONE',  ( -6.000000000000001776, 46.90830655305971675, -4.400125211048215412 ) ) ;
#8995 = CARTESIAN_POINT ( 'NONE',  ( 13.33101732119961369, 17.49999999999999645, -26.20377078236032276 ) ) ;
#8996 = ORIENTED_EDGE ( 'NONE', *, *, #6874, .T. ) ;
#8997 = ORIENTED_EDGE ( 'NONE', *, *, #5188, .T. ) ;
#8998 = DIRECTION ( 'NONE',  ( 1.000000000000000000, 0.000000000000000000, 0.000000000000000000 ) ) ;
#8999 = ORIENTED_EDGE ( 'NONE', *, *, #5940, .T. ) ;
#9000 = CARTESIAN_POINT ( 'NONE',  ( -4.665550384228352776, 15.50000000000000355, -61.50638774814881060 ) ) ;
#9001 = LINE ( 'NONE', #8909, #8587 ) ;
#9002 = CIRCLE ( 'NONE', #5497, 1.299999999999988720 ) ;
#9003 = CARTESIAN_POINT ( 'NONE',  ( 30.01735572801620933, -81.29051292644405180, -187.1108854184431038 ) ) ;
#9004 = CARTESIAN_POINT ( 'NONE',  ( 12.29091704331541024, 15.50000000000000000, -52.36906258114314028 ) ) ;
#9005 = FACE_OUTER_BOUND ( 'NONE', #8810, .T. ) ;
#9006 = CARTESIAN_POINT ( 'NONE',  ( -10.75841321099523995, -2.499999999999995115, -51.48488359320921859 ) ) ;
#9007 = CARTESIAN_POINT ( 'NONE',  ( 16.57956519158476993, -17.50000000000000000, -49.12834839277108756 ) ) ;
#9008 = CARTESIAN_POINT ( 'NONE',  ( -12.78797194771934187, 15.50000000000000000, -27.27743490553651284 ) ) ;
#9009 = PERSON_AND_ORGANIZATION ( #3440, #1017 ) ;
#9010 = CARTESIAN_POINT ( 'NONE',  ( 6.182642418637922077, 17.50000000000000355, -64.22903958822102766 ) ) ;
#9011 = VERTEX_POINT ( 'NONE', #8041 ) ;
#9012 = CARTESIAN_POINT ( 'NONE',  ( 20.57829793179255518, -26.34250107782512629, -132.5003078496021942 ) ) ;
#9013 = AXIS2_PLACEMENT_3D ( 'NONE', #8019, #1802, #5995 ) ;
#9014 = CARTESIAN_POINT ( 'NONE',  ( -2.370661744665575110, -2.499999999999995115, -60.19999999999958362 ) ) ;
#9015 = CARTESIAN_POINT ( 'NONE',  ( 25.96381383618622252, -34.02591430250056703, -177.7029491796799334 ) ) ;
#9016 = ORIENTED_EDGE ( 'NONE', *, *, #5178, .F. ) ;
#9017 = EDGE_CURVE ( 'NONE', #6958, #8179, #5971, .T. ) ;
#9018 = DIRECTION ( 'NONE',  ( -0.000000000000000000, 1.000000000000000000, -0.000000000000000000 ) ) ;
#9019 = CARTESIAN_POINT ( 'NONE',  ( 14.33883088618230950, 17.50000000000000355, -49.63770415758887822 ) ) ;
#9020 = VECTOR ( 'NONE', #3697, 1000.000000000000000 ) ;
#9021 = CARTESIAN_POINT ( 'NONE',  ( -13.72565196919741481, 15.49999999999997335, -28.63496600846058016 ) ) ;
#9022 = CARTESIAN_POINT ( 'NONE',  ( 28.73302094351874558, -79.77154199815585400, -183.9813200560858490 ) ) ;
#9023 = LINE ( 'NONE', #8301, #5677 ) ;
#9024 = VERTEX_POINT ( 'NONE', #3224 ) ;
#9025 = ORIENTED_EDGE ( 'NONE', *, *, #4570, .T. ) ;
#9026 = CARTESIAN_POINT ( 'NONE',  ( -14.08970164131628167, 16.89072737275648706, -27.49176118113244627 ) ) ;
#9027 = AXIS2_PLACEMENT_3D ( 'NONE', #5062, #1030, #3056 ) ;
#9028 = CARTESIAN_POINT ( 'NONE',  ( 11.97806779002059763, 10.49999999999997158, -29.10832234484760050 ) ) ;
#9029 = DIRECTION ( 'NONE',  ( 1.000000000000000000, 0.000000000000000000, 0.000000000000000000 ) ) ;
#9030 = CARTESIAN_POINT ( 'NONE',  ( -15.14329822459090913, -11.52740935805432265, -97.04181646913983172 ) ) ;
#9031 = PLANE ( 'NONE',  #7289 ) ;
#9032 = CARTESIAN_POINT ( 'NONE',  ( 19.94293440714007914, -30.03944470945770107, -168.5410685657576551 ) ) ;
#9033 = CARTESIAN_POINT ( 'NONE',  ( 11.88892410313963843, 15.49999999999997868, -53.29013972285596168 ) ) ;
#9034 =( BOUNDED_SURFACE ( )  B_SPLINE_SURFACE ( 3, 2, ( 
 ( #7396, #2469, #6666 ),
 ( #410, #3196, #5986 ),
 ( #8774, #1136, #4749 ),
 ( #6843, #7529, #4840 ),
 ( #2826, #726, #3511 ),
 ( #6105, #6254, #6153 ) ),
 .UNSPECIFIED., .F., .F., .F. ) 
 B_SPLINE_SURFACE_WITH_KNOTS ( ( 4, 2, 4 ),
 ( 3, 3 ),
 ( 3.141592653589793116, 3.534291735288518144, 3.926990816987243171 ),
 ( 0.000000000000000000, 1.000000000000000000 ),
 .UNSPECIFIED. ) 
 GEOMETRIC_REPRESENTATION_ITEM ( )  RATIONAL_B_SPLINE_SURFACE ( (
 ( 1.000000000000000000, 0.9063077870366480493, 1.000000000000000000),
 ( 1.000000000000000000, 0.9063169728964717287, 1.000000000000000000),
 ( 1.000000000000000000, 0.9017261756368327719, 1.000000000000000000),
 ( 1.000000000000000000, 0.8836915997542605927, 1.000000000000000000),
 ( 1.000000000000000000, 0.8702469016146627823, 1.000000000000000000),
 ( 1.000000000000000000, 0.8527952502424125392, 1.000000000000000000) ) ) 
 REPRESENTATION_ITEM ( '' )  SURFACE ( )  );
#9035 = CARTESIAN_POINT ( 'NONE',  ( -15.37903479402734419, -17.95479461729607351, -121.8075678981926018 ) ) ;
#9036 = B_SPLINE_CURVE_WITH_KNOTS ( 'NONE', 3,
 ( #3987, #4120, #2611, #6815 ),
 .UNSPECIFIED., .F., .F.,
 ( 4, 4 ),
 ( 0.000000000000000000, 8.255286403033959043E-05 ),
 .UNSPECIFIED. ) ;
#9037 = CARTESIAN_POINT ( 'NONE',  ( 9.786973705532650669, 4.879011717358566536, 29.68773691182137853 ) ) ;
#9038 = ORIENTED_EDGE ( 'NONE', *, *, #6223, .F. ) ;
#9039 = LINE ( 'NONE', #5513, #1992 ) ;
#9040 = ADVANCED_FACE ( 'NONE', ( #3870 ), #8614, .T. ) ;
#9041 = CARTESIAN_POINT ( 'NONE',  ( -16.58379393417363445, 17.50000000000000000, -48.01982786898796007 ) ) ;
#9042 = CC_DESIGN_DATE_AND_TIME_ASSIGNMENT ( #2838, #2192, ( #7582 ) ) ;
#9043 = CARTESIAN_POINT ( 'NONE',  ( 34.61737662960597106, -38.40542781847911158, -201.4317663825999887 ) ) ;
#9044 = CALENDAR_DATE ( 2026, 29, 5 ) ;
#9045 = APPROVAL_PERSON_ORGANIZATION ( #2089, #3343, #4289 ) ;
#9046 = CARTESIAN_POINT ( 'NONE',  ( 11.60678863821867068, 17.50000000000000000, -56.11485317542999951 ) ) ;
#9047 = CARTESIAN_POINT ( 'NONE',  ( 6.000000000000000000, 46.90830655305971675, -4.400125211048215412 ) ) ;
#9048 = CARTESIAN_POINT ( 'NONE',  ( 14.30969574572090153, 17.50000000000000000, -27.20904307052674653 ) ) ;
#9049 = CARTESIAN_POINT ( 'NONE',  ( -26.70072261482095755, -64.65024861423182756, -164.5194148379793262 ) ) ;
#9050 = VERTEX_POINT ( 'NONE', #1767 ) ;
#9051 = CARTESIAN_POINT ( 'NONE',  ( -12.39112730990162170, 15.50000000000000711, -51.49106524259404694 ) ) ;
#9052 = DIRECTION ( 'NONE',  ( 0.000000000000000000, 0.000000000000000000, 1.000000000000000000 ) ) ;
#9053 = NEXT_ASSEMBLY_USAGE_OCCURRENCE ( 'NAUO1', ' ', ' ', #6584, #478, $ ) ;
#9054 = NEXT_ASSEMBLY_USAGE_OCCURRENCE ( 'NAUO2', ' ', ' ', #6584, #8494, $ ) ;
#9055 = NEXT_ASSEMBLY_USAGE_OCCURRENCE ( 'NAUO3', ' ', ' ', #6584, #1721, $ ) ;
#9056 = NEXT_ASSEMBLY_USAGE_OCCURRENCE ( 'NAUO4', ' ', ' ', #6584, #1721, $ ) ;
ENDSEC;
END-ISO-10303-21;
