{
    "left_arm": {
        "position": [
            -0.9205650324012775,
            1.0366140962887598,
            1.557500244557326,
            -1.0168242253321755,
            -0.17087938459902327,
            0.7096882378527807,
            0.796499589953341
        ],
        "joint_names": [
            "left-joint_arm_1",
            "left-joint_arm_2",
            "left-joint_arm_3",
            "left-joint_arm_4",
            "left-joint_arm_5",
            "left-joint_arm_6",
            "left-joint_arm_7"
        ]
    },
    "right_arm": {
        "position": [
            -0.15807026532196333,
            0.7269806438013653,
            2.6151287385454745,
            -1.8764087751873137,
            -0.6630413629162161,
            -0.30755270627016346,
            -0.9819432488274443
        ],
        "joint_names": [
            "right-joint_arm_1",
            "right-joint_arm_2",
            "right-joint_arm_3",
            "right-joint_arm_4",
            "right-joint_arm_5",
            "right-joint_arm_6",
            "right-joint_arm_7"
        ]
    },
    "left_gripper": {
        "position": [
            0.0036650961089187244
        ],
        "joint_names": [
            "left-joint_gripper_finger_1"
        ]
    },
    "right_gripper": {
        "position": [
            0.04899719757565731
        ],
        "joint_names": [
            "right-joint_gripper_finger_1"
        ]
    }
}