{
    "left_arm": {
        "position": [
            -0.9205118746512023,
            1.054622233372286,
            1.595375141485938,
            -0.9902890155892579,
            -0.12078484987186426,
            0.6638880899352718,
            0.667577807337816
        ],
        "joint_names": [
            "left-joint_arm_1",
            "left-joint_arm_2",
            "left-joint_arm_3",
            "left-joint_arm_4",
            "left-joint_arm_5",
            "left-joint_arm_6",
            "left-joint_arm_7"
        ]
    },
    "right_arm": {
        "position": [
            -0.1580712145675004,
            0.7269815930469024,
            2.6151287385454745,
            -1.8764087751873137,
            -0.663040413670679,
            -0.3075536555157005,
            -0.9819422995819073
        ],
        "joint_names": [
            "right-joint_arm_1",
            "right-joint_arm_2",
            "right-joint_arm_3",
            "right-joint_arm_4",
            "right-joint_arm_5",
            "right-joint_arm_6",
            "right-joint_arm_7"
        ]
    },
    "left_gripper": {
        "position": [
            0.0036650772710330876
        ],
        "joint_names": [
            "left-joint_gripper_finger_1"
        ]
    },
    "right_gripper": {
        "position": [
            0.04899721646924375
        ],
        "joint_names": [
            "right-joint_gripper_finger_1"
        ]
    }
}