{
    "left_arm": {
        "position": [
            -1.0154117479730334,
            1.0460932622218204,
            1.6572773414485609,
            -1.0432085050347013,
            -0.1259421008747001,
            0.7870109315649098,
            0.7466594530301135
        ],
        "joint_names": [
            "left-joint_arm_1",
            "left-joint_arm_2",
            "left-joint_arm_3",
            "left-joint_arm_4",
            "left-joint_arm_5",
            "left-joint_arm_6",
            "left-joint_arm_7"
        ]
    },
    "right_arm": {
        "position": [
            -0.1580712145675004,
            0.7269806438013653,
            2.6151287385454745,
            -1.8764087751873137,
            -0.663040413670679,
            -0.30755270627016346,
            -0.9819422995819073
        ],
        "joint_names": [
            "right-joint_arm_1",
            "right-joint_arm_2",
            "right-joint_arm_3",
            "right-joint_arm_4",
            "right-joint_arm_5",
            "right-joint_arm_6",
            "right-joint_arm_7"
        ]
    },
    "left_gripper": {
        "position": [
            0.0036650772710330876
        ],
        "joint_names": [
            "left-joint_gripper_finger_1"
        ]
    },
    "right_gripper": {
        "position": [
            0.04899719757565731
        ],
        "joint_names": [
            "right-joint_gripper_finger_1"
        ]
    }
}