{
    "left_arm": {
        "position": [
            -0.9969963845541092,
            1.040223127820654,
            1.685703448301298,
            -1.0124624420893944,
            -0.03629914933709587,
            0.6902856590753162,
            0.8297896309379632
        ],
        "joint_names": [
            "left-joint_arm_1",
            "left-joint_arm_2",
            "left-joint_arm_3",
            "left-joint_arm_4",
            "left-joint_arm_5",
            "left-joint_arm_6",
            "left-joint_arm_7"
        ]
    },
    "right_arm": {
        "position": [
            -0.1580712145675004,
            0.7269815930469024,
            2.6151277892999376,
            -1.8764097244328506,
            -0.6630413629162161,
            -0.30755270627016346,
            -0.9819422995819073
        ],
        "joint_names": [
            "right-joint_arm_1",
            "right-joint_arm_2",
            "right-joint_arm_3",
            "right-joint_arm_4",
            "right-joint_arm_5",
            "right-joint_arm_6",
            "right-joint_arm_7"
        ]
    },
    "left_gripper": {
        "position": [
            0.0036650772710330876
        ],
        "joint_names": [
            "left-joint_gripper_finger_1"
        ]
    },
    "right_gripper": {
        "position": [
            0.04899719757565731
        ],
        "joint_names": [
            "right-joint_gripper_finger_1"
        ]
    }
}