{
	"class_name" : "PinholeCameraParameters",
	"extrinsic" : 
	[
		0.99388103823917984,
		0.087486900963158407,
		-0.067427916981565,
		0.0,
		-0.026333621002720006,
		-0.40517220566915263,
		-0.91386105298238818,
		0.0,
		-0.10727078928345501,
		0.91004479335528132,
		-0.40038912554344958,
		0.0,
		0.1004993927370835,
		-0.75332497641798046,
		1.6830382939001027,
		1.0
	],
	"intrinsic" : 
	{
		"height" : 1080,
		"intrinsic_matrix" : 
		[
			935.30743608719376,
			0.0,
			0.0,
			0.0,
			935.30743608719376,
			0.0,
			959.5,
			539.5,
			1.0
		],
		"width" : 1920
	},
	"version_major" : 1,
	"version_minor" : 0
}