{
  "camera_index": 1,
  "image_size": [
    1280,
    720
  ],
  "board_rows": 4,
  "board_cols": 6,
  "marker_size_mm": 30.0,
  "marker_gap_mm": 5.0,
  "dictionary": "DICT_4X4_50",
  "image_count": 10,
  "rms": 127.89794537854151,
  "camera_matrix": [
    [
      1220.3103545974593,
      0.0,
      77.43500285592602
    ],
    [
      0.0,
      7762.726589707222,
      270.38397674700207
    ],
    [
      0.0,
      0.0,
      1.0
    ]
  ],
  "dist_coeffs": [
    [
      6.770848331760185,
      68.6723434387655,
      -1.217616805977376,
      1.362254677557381,
      -719.8853418067754
    ]
  ],
  "per_image_marker_count": [
    24,
    23,
    24,
    24,
    23,
    24,
    24,
    24,
    22,
    24
  ],
  "total_detected_markers": 236
}