{
  "rvec": [
    -0.009419465844975992,
    -0.11590663204279714,
    3.116714222368052
  ],
  "tvec_mm": [
    145.4461859074672,
    184.27762847516183,
    554.1857591001065
  ],
  "tvec_m": [
    0.1454461859074672,
    0.18427762847516183,
    0.5541857591001065
  ]
}