{
    "left_arm": {
        "position": [
            0.024323467641572817,
            1.4378478446111718,
            1.254590298208913,
            -1.470007334161158,
            -0.23661938426797133,
            0.03042426870824424,
            0.469066834400573
        ],
        "joint_names": [
            "left-joint_arm_1",
            "left-joint_arm_2",
            "left-joint_arm_3",
            "left-joint_arm_4",
            "left-joint_arm_5",
            "left-joint_arm_6",
            "left-joint_arm_7"
        ]
    },
    "right_arm": {
        "position": [
            -0.15807406230411156,
            0.7269844407835134,
            2.6151258908088635,
            -1.8764068766962396,
            -0.6630432614072902,
            -0.30755270627016346,
            -0.9819441980729814
        ],
        "joint_names": [
            "right-joint_arm_1",
            "right-joint_arm_2",
            "right-joint_arm_3",
            "right-joint_arm_4",
            "right-joint_arm_5",
            "right-joint_arm_6",
            "right-joint_arm_7"
        ]
    },
    "left_gripper": {
        "position": [
            0.0036650772710330876
        ],
        "joint_names": [
            "left-joint_gripper_finger_1"
        ]
    },
    "right_gripper": {
        "position": [
            0.048997178682070874
        ],
        "joint_names": [
            "right-joint_gripper_finger_1"
        ]
    }
}