{
    "left_arm": {
        "position": [
            -0.14492606237032196,
            1.660573121953226,
            0.9443616687697832,
            -1.3504299246124314,
            0.03084003825347562,
            -0.18803984541795682,
            0.5475200795473382
        ],
        "joint_names": [
            "left-joint_arm_1",
            "left-joint_arm_2",
            "left-joint_arm_3",
            "left-joint_arm_4",
            "left-joint_arm_5",
            "left-joint_arm_6",
            "left-joint_arm_7"
        ]
    },
    "right_arm": {
        "position": [
            -0.15807406230411156,
            0.7269863392745876,
            2.6151268400544003,
            -1.8764078259417767,
            -0.6630423121617531,
            -0.30755270627016346,
            -0.9819441980729814
        ],
        "joint_names": [
            "right-joint_arm_1",
            "right-joint_arm_2",
            "right-joint_arm_3",
            "right-joint_arm_4",
            "right-joint_arm_5",
            "right-joint_arm_6",
            "right-joint_arm_7"
        ]
    },
    "left_gripper": {
        "position": [
            0.0036650584331474508
        ],
        "joint_names": [
            "left-joint_gripper_finger_1"
        ]
    },
    "right_gripper": {
        "position": [
            0.048997178682070874
        ],
        "joint_names": [
            "right-joint_gripper_finger_1"
        ]
    }
}