{
    "left_arm": {
        "position": [
            -0.01266863093757535,
            1.450383581173559,
            1.2513400814900266,
            -1.4141081629748897,
            -0.5310070041846782,
            -0.04862415339025624,
            0.5326150261244543
        ],
        "joint_names": [
            "left-joint_arm_1",
            "left-joint_arm_2",
            "left-joint_arm_3",
            "left-joint_arm_4",
            "left-joint_arm_5",
            "left-joint_arm_6",
            "left-joint_arm_7"
        ]
    },
    "right_arm": {
        "position": [
            -0.15807501154964862,
            0.7269844407835134,
            2.6151258908088635,
            -1.8764068766962396,
            -0.6630432614072902,
            -0.30755270627016346,
            -0.9819441980729814
        ],
        "joint_names": [
            "right-joint_arm_1",
            "right-joint_arm_2",
            "right-joint_arm_3",
            "right-joint_arm_4",
            "right-joint_arm_5",
            "right-joint_arm_6",
            "right-joint_arm_7"
        ]
    },
    "left_gripper": {
        "position": [
            0.0036650584331474508
        ],
        "joint_names": [
            "left-joint_gripper_finger_1"
        ]
    },
    "right_gripper": {
        "position": [
            0.048997178682070874
        ],
        "joint_names": [
            "right-joint_gripper_finger_1"
        ]
    }
}