{
    "left_arm": {
        "position": [
            0.08985463329236815,
            1.25395240520801,
            1.1141513194922639,
            -1.5882282718374288,
            -0.14010674277867877,
            0.030415725498410717,
            0.5881041232387136
        ],
        "joint_names": [
            "left-joint_arm_1",
            "left-joint_arm_2",
            "left-joint_arm_3",
            "left-joint_arm_4",
            "left-joint_arm_5",
            "left-joint_arm_6",
            "left-joint_arm_7"
        ]
    },
    "right_arm": {
        "position": [
            -0.15807406230411156,
            0.7269853900290505,
            2.6151258908088635,
            -1.8764068766962396,
            -0.6630432614072902,
            -0.3075517570246264,
            -0.9819441980729814
        ],
        "joint_names": [
            "right-joint_arm_1",
            "right-joint_arm_2",
            "right-joint_arm_3",
            "right-joint_arm_4",
            "right-joint_arm_5",
            "right-joint_arm_6",
            "right-joint_arm_7"
        ]
    },
    "left_gripper": {
        "position": [
            0.0036650584331474508
        ],
        "joint_names": [
            "left-joint_gripper_finger_1"
        ]
    },
    "right_gripper": {
        "position": [
            0.04899715978848444
        ],
        "joint_names": [
            "right-joint_gripper_finger_1"
        ]
    }
}