{
    "left_arm": {
        "position": [
            -0.17469250392138502,
            1.4504016168387632,
            1.141525662289941,
            -1.503195805873315,
            0.27479614127736784,
            -0.1448529704639685,
            0.8691330107124039
        ],
        "joint_names": [
            "left-joint_arm_1",
            "left-joint_arm_2",
            "left-joint_arm_3",
            "left-joint_arm_4",
            "left-joint_arm_5",
            "left-joint_arm_6",
            "left-joint_arm_7"
        ]
    },
    "right_arm": {
        "position": [
            -0.15807406230411156,
            0.7269853900290505,
            2.6151258908088635,
            -1.8764068766962396,
            -0.6630432614072902,
            -0.30755270627016346,
            -0.9819432488274443
        ],
        "joint_names": [
            "right-joint_arm_1",
            "right-joint_arm_2",
            "right-joint_arm_3",
            "right-joint_arm_4",
            "right-joint_arm_5",
            "right-joint_arm_6",
            "right-joint_arm_7"
        ]
    },
    "left_gripper": {
        "position": [
            0.0036650584331474508
        ],
        "joint_names": [
            "left-joint_gripper_finger_1"
        ]
    },
    "right_gripper": {
        "position": [
            0.048997178682070874
        ],
        "joint_names": [
            "right-joint_gripper_finger_1"
        ]
    }
}