{
    "left_arm": {
        "position": [
            0.11995426002693856,
            1.188294040655249,
            1.1297872919786824,
            -1.4940137537933535,
            -0.26407536218183536,
            -0.10613799123506015,
            0.4140960253495473
        ],
        "joint_names": [
            "left-joint_arm_1",
            "left-joint_arm_2",
            "left-joint_arm_3",
            "left-joint_arm_4",
            "left-joint_arm_5",
            "left-joint_arm_6",
            "left-joint_arm_7"
        ]
    },
    "right_arm": {
        "position": [
            -0.15807406230411156,
            0.7269853900290505,
            2.6151258908088635,
            -1.8764068766962396,
            -0.6630423121617531,
            -0.3075517570246264,
            -0.9819441980729814
        ],
        "joint_names": [
            "right-joint_arm_1",
            "right-joint_arm_2",
            "right-joint_arm_3",
            "right-joint_arm_4",
            "right-joint_arm_5",
            "right-joint_arm_6",
            "right-joint_arm_7"
        ]
    },
    "left_gripper": {
        "position": [
            0.0036650584331474508
        ],
        "joint_names": [
            "left-joint_gripper_finger_1"
        ]
    },
    "right_gripper": {
        "position": [
            0.04899715978848444
        ],
        "joint_names": [
            "right-joint_gripper_finger_1"
        ]
    }
}