{
    "left_arm": {
        "position": [
            -0.0003626117951561355,
            1.3472357133802315,
            1.2514074779231577,
            -1.4955192572151275,
            -0.2921739793242876,
            0.05894245237807612,
            0.5212952730950383
        ],
        "joint_names": [
            "left-joint_arm_1",
            "left-joint_arm_2",
            "left-joint_arm_3",
            "left-joint_arm_4",
            "left-joint_arm_5",
            "left-joint_arm_6",
            "left-joint_arm_7"
        ]
    },
    "right_arm": {
        "position": [
            -0.15807406230411156,
            0.7269853900290505,
            2.6151258908088635,
            -1.8764068766962396,
            -0.6630423121617531,
            -0.30755270627016346,
            -0.9819432488274443
        ],
        "joint_names": [
            "right-joint_arm_1",
            "right-joint_arm_2",
            "right-joint_arm_3",
            "right-joint_arm_4",
            "right-joint_arm_5",
            "right-joint_arm_6",
            "right-joint_arm_7"
        ]
    },
    "left_gripper": {
        "position": [
            0.0036650584331474508
        ],
        "joint_names": [
            "left-joint_gripper_finger_1"
        ]
    },
    "right_gripper": {
        "position": [
            0.04899715978848444
        ],
        "joint_names": [
            "right-joint_gripper_finger_1"
        ]
    }
}