{
  "units_assumed": "m",
  "meters_per_unit": 1.0,
  "num_frames": 20,
  "total_valid_pixels": 53444,
  "thresholds_meters": {
    "1cm": 0.01,
    "2cm": 0.02,
    "5cm": 0.05,
    "10cm": 0.1
  },
  "counts": {
    "1cm": 26496,
    "2cm": 40597,
    "5cm": 49714,
    "10cm": 53443
  },
  "proportions": {
    "1cm": 0.4957712746051942,
    "2cm": 0.7596175435970361,
    "5cm": 0.9302073198113914,
    "10cm": 0.9999812888256867
  }
}