{
  "units_assumed": "m",
  "meters_per_unit": 1.0,
  "num_frames": 20,
  "total_valid_pixels": 30213,
  "thresholds_meters": {
    "1cm": 0.01,
    "2cm": 0.02,
    "5cm": 0.05,
    "10cm": 0.1
  },
  "counts": {
    "1cm": 5739,
    "2cm": 17828,
    "5cm": 26064,
    "10cm": 28046
  },
  "proportions": {
    "1cm": 0.189951345447324,
    "2cm": 0.5900771191209082,
    "5cm": 0.8626750074471254,
    "10cm": 0.9282759077218415
  }
}