{
  "rvec": [
    -0.017819587379477527,
    -0.11281197210378917,
    3.1176060912938928
  ],
  "tvec_mm": [
    149.41337182734944,
    184.5315357042156,
    555.814019520338
  ],
  "tvec_m": [
    0.14941337182734943,
    0.1845315357042156,
    0.5558140195203379
  ]
}