{
    "left_arm": {
        "position": [
            -1.0668599068360372,
            1.314988893240836,
            1.1319506225576375,
            -0.626051162828142,
            0.3303080202845165,
            0.3676408980114685,
            0.5582702852545194
        ],
        "joint_names": [
            "left-joint_arm_1",
            "left-joint_arm_2",
            "left-joint_arm_3",
            "left-joint_arm_4",
            "left-joint_arm_5",
            "left-joint_arm_6",
            "left-joint_arm_7"
        ]
    },
    "right_arm": {
        "position": [
            -0.15807026532196333,
            0.7269777960647541,
            2.6151287385454745,
            -1.8764116229239247,
            -0.663040413670679,
            -0.30755270627016346,
            -0.9819432488274443
        ],
        "joint_names": [
            "right-joint_arm_1",
            "right-joint_arm_2",
            "right-joint_arm_3",
            "right-joint_arm_4",
            "right-joint_arm_5",
            "right-joint_arm_6",
            "right-joint_arm_7"
        ]
    },
    "left_gripper": {
        "position": [
            0.003665114946804361
        ],
        "joint_names": [
            "left-joint_gripper_finger_1"
        ]
    },
    "right_gripper": {
        "position": [
            0.04899721646924375
        ],
        "joint_names": [
            "right-joint_gripper_finger_1"
        ]
    }
}