{
    "left_arm": {
        "position": [
            -0.7232823831889875,
            1.3511570466938179,
            0.8817437376722187,
            -0.9005682259176149,
            0.49459109764652415,
            0.05031760742836762,
            0.9058071120366377
        ],
        "joint_names": [
            "left-joint_arm_1",
            "left-joint_arm_2",
            "left-joint_arm_3",
            "left-joint_arm_4",
            "left-joint_arm_5",
            "left-joint_arm_6",
            "left-joint_arm_7"
        ]
    },
    "right_arm": {
        "position": [
            -0.15807026532196333,
            0.7269777960647541,
            2.6151296877910117,
            -1.8764125721694618,
            -0.6630394644251419,
            -0.3075536555157005,
            -0.9819422995819073
        ],
        "joint_names": [
            "right-joint_arm_1",
            "right-joint_arm_2",
            "right-joint_arm_3",
            "right-joint_arm_4",
            "right-joint_arm_5",
            "right-joint_arm_6",
            "right-joint_arm_7"
        ]
    },
    "left_gripper": {
        "position": [
            0.003665133784689998
        ],
        "joint_names": [
            "left-joint_gripper_finger_1"
        ]
    },
    "right_gripper": {
        "position": [
            0.04899721646924375
        ],
        "joint_names": [
            "right-joint_gripper_finger_1"
        ]
    }
}