{
    "left_arm": {
        "position": [
            -0.7891941963001431,
            1.3655314718614864,
            0.9197135591545366,
            -0.8858530216021425,
            0.614550103901148,
            0.1157823258915689,
            0.9393401598787466
        ],
        "joint_names": [
            "left-joint_arm_1",
            "left-joint_arm_2",
            "left-joint_arm_3",
            "left-joint_arm_4",
            "left-joint_arm_5",
            "left-joint_arm_6",
            "left-joint_arm_7"
        ]
    },
    "right_arm": {
        "position": [
            -0.15807026532196333,
            0.7269777960647541,
            2.6151287385454745,
            -1.8764125721694618,
            -0.663040413670679,
            -0.30755270627016346,
            -0.9819422995819073
        ],
        "joint_names": [
            "right-joint_arm_1",
            "right-joint_arm_2",
            "right-joint_arm_3",
            "right-joint_arm_4",
            "right-joint_arm_5",
            "right-joint_arm_6",
            "right-joint_arm_7"
        ]
    },
    "left_gripper": {
        "position": [
            0.003665114946804361
        ],
        "joint_names": [
            "left-joint_gripper_finger_1"
        ]
    },
    "right_gripper": {
        "position": [
            0.04899723536283018
        ],
        "joint_names": [
            "right-joint_gripper_finger_1"
        ]
    }
}