{
    "left_arm": {
        "position": [
            -0.854588670593602,
            1.3147401909101268,
            0.998172499774524,
            -0.7069496644783685,
            0.40312559467776865,
            0.16179700330045282,
            0.80141383409869
        ],
        "joint_names": [
            "left-joint_arm_1",
            "left-joint_arm_2",
            "left-joint_arm_3",
            "left-joint_arm_4",
            "left-joint_arm_5",
            "left-joint_arm_6",
            "left-joint_arm_7"
        ]
    },
    "right_arm": {
        "position": [
            -0.15807026532196333,
            0.7269777960647541,
            2.6151296877910117,
            -1.8764125721694618,
            -0.663040413670679,
            -0.3075536555157005,
            -0.9819422995819073
        ],
        "joint_names": [
            "right-joint_arm_1",
            "right-joint_arm_2",
            "right-joint_arm_3",
            "right-joint_arm_4",
            "right-joint_arm_5",
            "right-joint_arm_6",
            "right-joint_arm_7"
        ]
    },
    "left_gripper": {
        "position": [
            0.003665133784689998
        ],
        "joint_names": [
            "left-joint_gripper_finger_1"
        ]
    },
    "right_gripper": {
        "position": [
            0.04899723536283018
        ],
        "joint_names": [
            "right-joint_gripper_finger_1"
        ]
    }
}