{
    "left_arm": {
        "position": [
            -0.9096249775866847,
            1.3426176338424445,
            1.0605303375949346,
            -0.6788500980903791,
            0.4031388841152875,
            0.13437140124377464,
            0.7517331704256882
        ],
        "joint_names": [
            "left-joint_arm_1",
            "left-joint_arm_2",
            "left-joint_arm_3",
            "left-joint_arm_4",
            "left-joint_arm_5",
            "left-joint_arm_6",
            "left-joint_arm_7"
        ]
    },
    "right_arm": {
        "position": [
            -0.15807026532196333,
            0.7269777960647541,
            2.6151296877910117,
            -1.8764116229239247,
            -0.6630394644251419,
            -0.30755270627016346,
            -0.9819422995819073
        ],
        "joint_names": [
            "right-joint_arm_1",
            "right-joint_arm_2",
            "right-joint_arm_3",
            "right-joint_arm_4",
            "right-joint_arm_5",
            "right-joint_arm_6",
            "right-joint_arm_7"
        ]
    },
    "left_gripper": {
        "position": [
            0.003665114946804361
        ],
        "joint_names": [
            "left-joint_gripper_finger_1"
        ]
    },
    "right_gripper": {
        "position": [
            0.04899723536283018
        ],
        "joint_names": [
            "right-joint_gripper_finger_1"
        ]
    }
}