{
    "left_arm": {
        "position": [
            -0.7246559414811103,
            1.268190139018342,
            0.7984996502999221,
            -1.0243413007401374,
            0.505958312952793,
            0.3001561850454079,
            1.1032796103563394
        ],
        "joint_names": [
            "left-joint_arm_1",
            "left-joint_arm_2",
            "left-joint_arm_3",
            "left-joint_arm_4",
            "left-joint_arm_5",
            "left-joint_arm_6",
            "left-joint_arm_7"
        ]
    },
    "right_arm": {
        "position": [
            -0.15807026532196333,
            0.7269787453102912,
            2.6151296877910117,
            -1.8764116229239247,
            -0.663040413670679,
            -0.3075536555157005,
            -0.9819432488274443
        ],
        "joint_names": [
            "right-joint_arm_1",
            "right-joint_arm_2",
            "right-joint_arm_3",
            "right-joint_arm_4",
            "right-joint_arm_5",
            "right-joint_arm_6",
            "right-joint_arm_7"
        ]
    },
    "left_gripper": {
        "position": [
            0.003665133784689998
        ],
        "joint_names": [
            "left-joint_gripper_finger_1"
        ]
    },
    "right_gripper": {
        "position": [
            0.04899723536283018
        ],
        "joint_names": [
            "right-joint_gripper_finger_1"
        ]
    }
}