{
    "left_arm": {
        "position": [
            -0.7072581692779123,
            1.2764362349987646,
            1.061043879430483,
            -0.7962157655377606,
            0.40449060976005796,
            -0.1639964052098161,
            0.801560017911397
        ],
        "joint_names": [
            "left-joint_arm_1",
            "left-joint_arm_2",
            "left-joint_arm_3",
            "left-joint_arm_4",
            "left-joint_arm_5",
            "left-joint_arm_6",
            "left-joint_arm_7"
        ]
    },
    "right_arm": {
        "position": [
            -0.15807026532196333,
            0.726976846819217,
            2.6151287385454745,
            -1.8764116229239247,
            -0.6630394644251419,
            -0.3075536555157005,
            -0.9819422995819073
        ],
        "joint_names": [
            "right-joint_arm_1",
            "right-joint_arm_2",
            "right-joint_arm_3",
            "right-joint_arm_4",
            "right-joint_arm_5",
            "right-joint_arm_6",
            "right-joint_arm_7"
        ]
    },
    "left_gripper": {
        "position": [
            0.003665114946804361
        ],
        "joint_names": [
            "left-joint_gripper_finger_1"
        ]
    },
    "right_gripper": {
        "position": [
            0.04899721646924375
        ],
        "joint_names": [
            "right-joint_gripper_finger_1"
        ]
    }
}