{
    "left_arm": {
        "position": [
            -0.8558900862249085,
            1.3279612827502698,
            0.9828421843510382,
            -0.7232197329835417,
            0.6145491546556109,
            -0.02645832085441614,
            0.9225698389755439
        ],
        "joint_names": [
            "left-joint_arm_1",
            "left-joint_arm_2",
            "left-joint_arm_3",
            "left-joint_arm_4",
            "left-joint_arm_5",
            "left-joint_arm_6",
            "left-joint_arm_7"
        ]
    },
    "right_arm": {
        "position": [
            -0.15807026532196333,
            0.7269777960647541,
            2.6151287385454745,
            -1.8764116229239247,
            -0.663040413670679,
            -0.3075536555157005,
            -0.9819422995819073
        ],
        "joint_names": [
            "right-joint_arm_1",
            "right-joint_arm_2",
            "right-joint_arm_3",
            "right-joint_arm_4",
            "right-joint_arm_5",
            "right-joint_arm_6",
            "right-joint_arm_7"
        ]
    },
    "left_gripper": {
        "position": [
            0.003665133784689998
        ],
        "joint_names": [
            "left-joint_gripper_finger_1"
        ]
    },
    "right_gripper": {
        "position": [
            0.04899723536283018
        ],
        "joint_names": [
            "right-joint_gripper_finger_1"
        ]
    }
}