{
    "left_arm": {
        "position": [
            -0.9099344316317656,
            1.3150240153257071,
            1.131943028593341,
            -0.7069544107060538,
            0.33031751273988713,
            0.25964333476931184,
            0.7456969180555367
        ],
        "joint_names": [
            "left-joint_arm_1",
            "left-joint_arm_2",
            "left-joint_arm_3",
            "left-joint_arm_4",
            "left-joint_arm_5",
            "left-joint_arm_6",
            "left-joint_arm_7"
        ]
    },
    "right_arm": {
        "position": [
            -0.15807026532196333,
            0.7269777960647541,
            2.6151296877910117,
            -1.8764125721694618,
            -0.6630394644251419,
            -0.30755270627016346,
            -0.9819432488274443
        ],
        "joint_names": [
            "right-joint_arm_1",
            "right-joint_arm_2",
            "right-joint_arm_3",
            "right-joint_arm_4",
            "right-joint_arm_5",
            "right-joint_arm_6",
            "right-joint_arm_7"
        ]
    },
    "left_gripper": {
        "position": [
            0.003665114946804361
        ],
        "joint_names": [
            "left-joint_gripper_finger_1"
        ]
    },
    "right_gripper": {
        "position": [
            0.04899721646924375
        ],
        "joint_names": [
            "right-joint_gripper_finger_1"
        ]
    }
}