{
    "left_arm": {
        "position": [
            -0.7793846929201862,
            1.3508067750906434,
            0.9145705468347566,
            -0.9008055373018793,
            0.5059687546537006,
            0.1464961144886158,
            0.9289962312614262
        ],
        "joint_names": [
            "left-joint_arm_1",
            "left-joint_arm_2",
            "left-joint_arm_3",
            "left-joint_arm_4",
            "left-joint_arm_5",
            "left-joint_arm_6",
            "left-joint_arm_7"
        ]
    },
    "right_arm": {
        "position": [
            -0.15807026532196333,
            0.7269777960647541,
            2.6151287385454745,
            -1.8764116229239247,
            -0.663040413670679,
            -0.30755270627016346,
            -0.9819432488274443
        ],
        "joint_names": [
            "right-joint_arm_1",
            "right-joint_arm_2",
            "right-joint_arm_3",
            "right-joint_arm_4",
            "right-joint_arm_5",
            "right-joint_arm_6",
            "right-joint_arm_7"
        ]
    },
    "left_gripper": {
        "position": [
            0.003665133784689998
        ],
        "joint_names": [
            "left-joint_gripper_finger_1"
        ]
    },
    "right_gripper": {
        "position": [
            0.04899721646924375
        ],
        "joint_names": [
            "right-joint_gripper_finger_1"
        ]
    }
}