{
  "rvec": [
    -0.010640427397040426,
    -0.11709000102285852,
    3.116906755982272
  ],
  "tvec_mm": [
    148.04956116384454,
    184.39064307991612,
    555.1054803470963
  ],
  "tvec_m": [
    0.14804956116384455,
    0.18439064307991612,
    0.5551054803470963
  ]
}