{
  "rvec": [
    0.03145506475166007,
    0.04889348865666591,
    3.1146550804671103
  ],
  "tvec_mm": [
    25.877630580286926,
    -12.950964832349063,
    682.8379162682176
  ],
  "tvec_m": [
    0.025877630580286925,
    -0.012950964832349064,
    0.6828379162682175
  ]
}