{
    "arm_pose": [
        0.8,
        0.64,
        1.5,
        -1.65,
        -0.8,
        -0.8,
        0.6
    ],
    "camera_data": {
        "left_hand_left_camera": {
            "intrinsics": [
                [
                    650.0324563074317,
                    0.0,
                    479.9765943930155
                ],
                [
                    0.0,
                    650.573372811167,
                    314.2831589104234
                ],
                [
                    0.0,
                    0.0,
                    1.0
                ]
            ],
            "extrinsics": [
                [
                    -0.6331614851951599,
                    -0.5643123984336853,
                    0.529771625995636,
                    0.5043691396713257
                ],
                [
                    -0.7709190845489502,
                    0.39856675267219543,
                    -0.4968181252479553,
                    0.4371947646141052
                ],
                [
                    0.06921127438545227,
                    -0.7229771614074707,
                    -0.6873963475227356,
                    1.0864893198013306
                ],
                [
                    0.0,
                    0.0,
                    0.0,
                    1.0
                ]
            ]
        },
        "left_hand_right_camera": {
            "intrinsics": [
                [
                    654.6896267736428,
                    0.0,
                    489.30801778398603
                ],
                [
                    0.0,
                    655.0856099186384,
                    350.8865669187639
                ],
                [
                    0.0,
                    0.0,
                    1.0
                ]
            ],
            "extrinsics": [
                [
                    -0.6328856348991394,
                    -0.5690239667892456,
                    0.5250403881072998,
                    0.45413848757743835
                ],
                [
                    -0.7708110809326172,
                    0.39927035570144653,
                    -0.49642056226730347,
                    0.37578102946281433
                ],
                [
                    0.07284213602542877,
                    -0.7188844680786133,
                    -0.6913025379180908,
                    1.0914474725723267
                ],
                [
                    0.0,
                    0.0,
                    0.0,
                    1.0
                ]
            ]
        }
    }
}