{
    "arm_pose": [
        -0.911,
        0.346,
        2.163,
        -1.516,
        -0.767,
        0.096,
        1.466
    ],
    "camera_data": {
        "left_hand_left_camera": {
            "intrinsics": [
                [
                    650.0324563074317,
                    0.0,
                    479.9765943930155
                ],
                [
                    0.0,
                    650.573372811167,
                    314.2831589104234
                ],
                [
                    0.0,
                    0.0,
                    1.0
                ]
            ],
            "extrinsics": [
                [
                    -0.999480128288269,
                    -0.025815486907958984,
                    0.019315361976623535,
                    0.7560312747955322
                ],
                [
                    -0.031864166259765625,
                    0.8823064565658569,
                    -0.4695955514907837,
                    0.354667991399765
                ],
                [
                    -0.004919260740280151,
                    -0.4699668884277344,
                    -0.8826703429222107,
                    1.2564070224761963
                ],
                [
                    0.0,
                    0.0,
                    0.0,
                    1.0
                ]
            ]
        },
        "left_hand_right_camera": {
            "intrinsics": [
                [
                    654.6896267736428,
                    0.0,
                    489.30801778398603
                ],
                [
                    0.0,
                    655.0856099186384,
                    350.8865669187639
                ],
                [
                    0.0,
                    0.0,
                    1.0
                ]
            ],
            "extrinsics": [
                [
                    -0.9994491934776306,
                    -0.028646916151046753,
                    0.016751646995544434,
                    0.6765824556350708
                ],
                [
                    -0.03315085172653198,
                    0.8848596811294556,
                    -0.46467655897140503,
                    0.35215407609939575
                ],
                [
                    -0.0015112459659576416,
                    -0.4649759531021118,
                    -0.8853219747543335,
                    1.2554479837417603
                ],
                [
                    0.0,
                    0.0,
                    0.0,
                    1.0
                ]
            ]
        }
    }
}