{
  "generated_at": "2026-04-24T19:34:07",
  "images_dir": "C:\\main\\agv-roboshoppro-control\\temp\\08",
  "num_images": 100,
  "num_success": 100,
  "num_failed": 0,
  "failed_filenames": [],
  "camera": {
    "dictionary": "DICT_5X5_100",
    "image_size": [
      1600,
      1200
    ],
    "squares_x_cfg": 9,
    "squares_y_cfg": 14,
    "square_size_m": 0.02,
    "marker_size_m": 0.015,
    "camera_matrix": [
      [
        773.0624471628757,
        0.0,
        672.9628019069022
      ],
      [
        0.0,
        772.9866482790457,
        338.086600390129
      ],
      [
        0.0,
        0.0,
        1.0
      ]
    ],
    "dist_coeffs": [
      0.17878299236959969,
      -0.26469059341643253,
      0.0008722964625554697,
      0.0005749035281477522,
      0.13798518171834184
    ]
  },
  "board_selection": {
    "strategy": "max_interpolated_charuco_corners_per_image",
    "most_common": {
      "squares_x": 14,
      "squares_y": 9,
      "legacy": false
    }
  },
  "mean": {
    "tvec": [
      0.03609750162037063,
      0.08257224673171581,
      0.389787620579008
    ],
    "tvec_std": [
      0.0026938946114096127,
      9.46486934523695e-05,
      0.0003485897502590282
    ],
    "quat_wxyz": [
      0.014425878472870678,
      0.020550693411699576,
      -0.03730999922513144,
      0.9989882516768679
    ],
    "rvec": [
      0.06397562047054489,
      -0.11614840931958106,
      3.1099141991689327
    ],
    "board_outer_corners_px_order": [
      "tl",
      "tr",
      "br",
      "bl"
    ],
    "board_outer_corners_px": [
      [
        745.243192656379,
        503.3949620797845
      ],
      [
        186.3701718329836,
        518.6578069532534
      ],
      [
        158.2341222998514,
        153.9389628163822
      ],
      [
        736.610803397378,
        137.0277462151246
      ]
    ],
    "board_outer_corners_px_std": [
      [
        5.374526275424909,
        0.14095898302289286
      ],
      [
        5.606370231309064,
        0.1758466512192167
      ],
      [
        5.596260334912005,
        0.3072016886934501
      ],
      [
        5.602578533857909,
        0.3299758347544118
      ]
    ]
  }
}