{
  "rvec": [
    -0.0014429505888158113,
    -0.11879646677670506,
    3.1160392272219943
  ],
  "tvec_mm": [
    145.67385648092366,
    184.22110197874883,
    554.0941782429194
  ],
  "tvec_m": [
    0.14567385648092365,
    0.18422110197874883,
    0.5540941782429194
  ]
}