{
  "camera_index": 1,
  "image_size": [
    1280,
    720
  ],
  "board_rows": 4,
  "board_cols": 6,
  "marker_size_mm": 30.0,
  "marker_gap_mm": 5.0,
  "dictionary": "DICT_4X4_50",
  "image_count": 10,
  "rms": 127.54842452049975,
  "camera_matrix": [
    [
      2857.9520157936645,
      0.0,
      288.467441027422
    ],
    [
      0.0,
      24013.522471309643,
      451.58396225716405
    ],
    [
      0.0,
      0.0,
      1.0
    ]
  ],
  "dist_coeffs": [
    [
      24.239066383623452,
      -2855.7978565425583,
      -1.881302934793338,
      5.644251320013785,
      -68619.42751414415
    ]
  ],
  "per_image_marker_count": [
    24,
    24,
    24,
    24,
    24,
    24,
    24,
    24,
    23,
    24
  ],
  "total_detected_markers": 239
}