{
  "generated_at": "2026-04-24T18:28:42",
  "images_dir": "C:\\main\\agv-roboshoppro-control\\temp\\06",
  "num_images": 100,
  "num_success": 100,
  "num_failed": 0,
  "failed_filenames": [],
  "camera": {
    "dictionary": "DICT_5X5_100",
    "image_size": [
      1600,
      1200
    ],
    "squares_x_cfg": 9,
    "squares_y_cfg": 14,
    "square_size_m": 0.02,
    "marker_size_m": 0.015,
    "camera_matrix": [
      [
        773.0624471628757,
        0.0,
        672.9628019069022
      ],
      [
        0.0,
        772.9866482790457,
        338.086600390129
      ],
      [
        0.0,
        0.0,
        1.0
      ]
    ],
    "dist_coeffs": [
      0.17878299236959969,
      -0.26469059341643253,
      0.0008722964625554697,
      0.0005749035281477522,
      0.13798518171834184
    ]
  },
  "board_selection": {
    "strategy": "max_interpolated_charuco_corners_per_image",
    "most_common": {
      "squares_x": 14,
      "squares_y": 9,
      "legacy": false
    }
  },
  "mean": {
    "tvec": [
      0.04404061613604174,
      0.08265322709260171,
      0.39128551647184795
    ],
    "tvec_std": [
      0.004943317462165228,
      0.0002526685558899406,
      0.0007026450259232024
    ],
    "quat_wxyz": [
      0.014827713940130178,
      0.02150860503743579,
      -0.03780930562390284,
      0.9989434294377693
    ],
    "rvec": [
      0.06694076455342707,
      -0.11767308113627292,
      3.1089899505708996
    ],
    "board_outer_corners_px_order": [
      "tl",
      "tr",
      "br",
      "bl"
    ],
    "board_outer_corners_px": [
      [
        760.8564382626246,
        503.0270434513539
      ],
      [
        205.07455455153277,
        518.1310358319166
      ],
      [
        177.12280512691103,
        155.54250572403916
      ],
      [
        752.5334185029144,
        137.84461265909889
      ]
    ],
    "board_outer_corners_px_std": [
      [
        9.806170934628861,
        0.4964187659355534
      ],
      [
        9.794369967491109,
        0.4921328920961635
      ],
      [
        9.781633885300963,
        0.9877724077411841
      ],
      [
        10.35151287259749,
        0.7695532575265994
      ]
    ]
  }
}